meter_id,h_1,h_2,h_3,h_4,h_5,h_6,h_7,h_8,h_9,h_10,h_11,h_12,h_13,h_14,h_15,h_16,h_17,h_18,h_19,h_20,h_21,h_22,h_23,h_24,h_25,h_26,h_27,h_28,h_29,h_30,h_31,h_32,h_33,h_34,h_35,h_36,h_37,h_38,h_39,h_40,h_41,h_42,h_43,h_44,h_45,h_46,h_47,h_48,h_49,h_50,h_51,h_52,h_53,h_54,h_55,h_56,h_57,h_58,h_59,h_60,h_61,h_62,h_63,h_64,h_65,h_66,h_67,h_68,h_69,h_70,h_71,h_72,h_73,h_74,h_75,h_76,h_77,h_78,h_79,h_80,h_81,h_82,h_83,h_84,h_85,h_86,h_87,h_88,h_89,h_90,h_91,h_92,h_93,h_94,h_95,h_96,h_97,h_98,h_99,h_100,h_101,h_102,h_103,h_104,h_105,h_106,h_107,h_108,h_109,h_110,h_111,h_112,h_113,h_114,h_115,h_116,h_117,h_118,h_119,h_120,h_121,h_122,h_123,h_124,h_125,h_126,h_127,h_128,h_129,h_130,h_131,h_132,h_133,h_134,h_135,h_136,h_137,h_138,h_139,h_140,h_141,h_142,h_143,h_144,h_145,h_146,h_147,h_148,h_149,h_150,h_151,h_152,h_153,h_154,h_155,h_156,h_157,h_158,h_159,h_160,h_161,h_162,h_163,h_164,h_165,h_166,h_167,h_168
MAC000010,0.23175331972637597,0.21558467246363305,0.09539292032856334,0.13731619612288096,0.13274176472751018,0.17446272675381638,0.18431767775072666,0.9524817937753207,0.7326049444282481,0.6899233617447236,0.9635645748022779,0.7793833485081189,0.9813049625864623,0.7042053407539423,0.9221249283689601,0.7353845581486653,0.8949879200168718,0.7714089291246594,0.7866881088763752,1.239415486181275,0.9141163577482594,1.1866501630137918,1.0866092663061269,0.3130759626267758,0.11664054576112473,0.11335155504381204,0.20480349537386994,0.17126606541650552,0.07275313266616205,0.12303474927683647,0.16931913269240303,1.036314638553937,0.6952514860727534,0.6452069288616834,0.917628483799035,0.7439860260447547,0.8776448256881169,0.5780715302041383,0.9055225926281764,0.8836907527387826,0.8845356180975547,0.8461510851476823,0.841236162407113,1.233919161035589,0.8888460570826981,1.1463328229543106,0.9879609581234219,0.23853088340722664,0.13756920731166614,0.18133068186315354,0.15227819405709492,0.18117035691399577,0.18517200665694472,0.2577464338691571,0.1342351672356938,0.9473752924432887,0.7415171994982216,0.7508057269955533,0.9655653629340102,0.790841158594692,0.950232947200538,0.6961220403957894,0.9007444207918713,0.86937253105696,0.8637350961266481,0.8599674628807208,0.7665614362228719,1.154882462601143,0.9910981382715596,1.066493598631155,1.092809651941119,0.19724461622597753,0.19113913904170013,0.10186744940405118,0.18463845159244302,0.20529165331473564,0.19307182628164024,0.16256583241190511,0.13843495285351504,0.9656054486598654,0.8027647532732564,0.7559449673441483,0.8396140208336835,0.8382705072935951,0.9387049254349127,0.6721846515800389,0.7926433365098011,0.8531143882455084,0.8916826859383425,0.7888544533825792,0.8569352404709335,1.179449055082783,0.948939219713389,1.1381505703330226,1.0943045003165819,0.3136285081464285,0.15631570997416,0.12654345728947955,0.10035669994572272,0.07773973677938871,0.18331348360217614,0.17889892618197786,0.17886817625533308,0.9879934551590048,0.7995597560269887,0.7667138036232896,0.9392307863725436,0.8030649157924764,0.9480942273602706,0.7493143418192334,0.885305355552489,0.8951085181818806,0.8998823582359772,0.7748052129137027,0.9287885278994813,1.212316991159302,0.9946241754403236,1.1536503120621782,1.1191544869006562,0.2758997388195726,0.15131023763870177,0.13482178373670425,0.1459541331168656,0.01,0.16053004196488208,0.125576195994482,0.2296334999141442,0.9953936310171954,0.669764847755653,0.7884257206461246,0.8391612702590582,0.8286724313275768,0.9930591338112117,0.7675798080087587,0.8252794600335611,0.8789602850299416,0.8275673473618355,0.81177460609578,0.8353134872779654,1.1778944099508717,0.958563782258895,1.1687989986914482,1.1490135822862524,0.2357452871478993,0.1569322591855042,0.09569368504092951,0.10658695192008338,0.15489066465466536,0.20519667733509536,0.13718595878742137,0.1382041735343938,0.9740821652513889,0.702475185190185,0.8056683011379715,0.8166044422532511,0.8690490393752899,0.9452406506877644,0.7557830007252524,0.8013236197485956,0.9107018867458452,0.929415667523892,0.7959099705998391,0.7596485021659697,1.165581568379397,0.8993300214543285,1.1354221913971994,1.120267281918589,0.2898350963535371
MAC000011,1.0506850601611262,0.9473131837783862,0.8028231609599201,0.6046611128575061,0.32727809812668274,0.1653588285567759,0.1097781951351103,0.13750885999252996,0.09641692579903595,0.060863749134250356,0.10618713835903709,0.1278067137129753,0.07956995558827043,0.10056877931850919,0.3462670333654,0.44920244134290394,0.37851740758529745,0.4658779727210083,0.4696775879917445,0.3891878972286119,0.7360579543020308,1.131602863288102,1.3870045866461143,1.054851674368493,1.0801125554251587,0.9046259618520882,0.8059606171339977,0.5631049989212993,0.2771647032231647,0.15670833038365695,0.12669304718047192,0.10499407762706274,0.14059645949134875,0.19414423186813334,0.10130221838449008,0.11582283169424608,0.12198418749790786,0.23195982332504222,0.28827238224374785,0.4274013462041395,0.38750008302674593,0.4215787817739081,0.36037156776496293,0.39079194392177663,0.822050919902673,1.3915432672269608,1.5010082497675574,1.0811401357119006,0.9900010899509483,0.8761640270715482,0.6966982322978975,0.6576215397829838,0.3737044787751151,0.048642735607502846,0.16477847411387223,0.1367430826155595,0.07564267546279071,0.10527785969445023,0.19227043194339427,0.1490317322366359,0.11279352430625,0.10047017571329339,0.3970706489872821,0.367652017567584,0.2880027201787484,0.49534909099143565,0.4010064454246692,0.413147558720826,0.7835850034355528,1.1991419171385393,1.4513102162500153,1.0435736775037106,1.1250433989547486,0.837109132569621,0.7348820767370393,0.6521130891487357,0.4014668109266467,0.11307979152447531,0.05054755175981948,0.1750712595992096,0.14890437290061667,0.13927608942216524,0.14814105361988464,0.23207243659046517,0.22160908631314824,0.07801857441117785,0.47443444510525673,0.41239860495264413,0.4181949862715866,0.3086266538825327,0.38472090719528934,0.3525990159478709,0.8278833316740637,1.289451782194909,1.3568821227466383,1.1224416724132125,1.067282149291796,0.8895007843750686,0.8229335731795164,0.6916843227494098,0.35414603628165914,0.09878859265792773,0.05152530135455713,0.05627783419009123,0.14782196728410846,0.11332725433728677,0.10542872933098137,0.09115983944522497,0.09709489928730503,0.16469993128574958,0.3764779913712978,0.3261869597996207,0.43042278424170777,0.3829963622714633,0.39480998874133794,0.47361911078467467,0.7854523630618729,1.250356940830705,1.4016602657325377,1.1125599429958781,1.0416653763125134,0.8210660457986787,0.7965226455851837,0.6791656030002959,0.3391273974633998,0.16421228649425476,0.12907626730376867,0.18625793647916483,0.0626748657816408,0.11915056992226,0.11657768088083997,0.0588916168735886,0.16016909166590992,0.2285880068539835,0.3923898917405076,0.4184912498783875,0.3974661192554655,0.35756096196934034,0.3022021815745983,0.35795152130993085,0.7168824718818116,1.3211028610777247,1.4548509556012919,1.1062474491610677,1.0556467652914738,0.8427471773479465,0.7481371890291706,0.6775296628304867,0.3885014742552019,0.13743859381978202,0.12477059868713672,0.11626022832314342,0.13236613433768135,0.12243698681780533,0.06085572782249582,0.11465830264300017,0.05866990861545498,0.1164084687063838,0.36920779839028706,0.5202092766038422,0.39124547627711354,0.32302821715161967,0.3865311849308529,0.4192081327465935,0.8701485882370245,1.2064251371778327,1.3814850415962718,1.1643852661849752
MAC000012,0.8,0.7277110003263425,0.5502725253064518,0.5184046596633479,0.4471514754277468,0.5533732365565069,0.6139646509117505,0.49101117163559954,0.376040688247332,0.44297757884756467,0.49451427765915423,0.39796219765846536,0.45490265045939965,0.4274061837820541,0.5933473267694616,0.36945653969365777,0.4116710497472582,0.45610489001135956,0.5015584280286165,0.7170598212685936,0.4295238019769255,0.5579723588734673,0.6453129326731754,0.3067254192055564,0.33928127902579525,0.3454403250484589,0.577013648101455,0.5489505850541571,0.3557354676738269,0.4004400596840812,0.33901007141195694,0.3081479888501801,0.3042894799668201,0.4025601936286992,0.3219019510110603,0.5216286009706035,0.46493322995172526,0.38412302861391934,0.3040137160157428,0.4121084702371487,0.32474606813844514,0.3430743151919036,0.4441228287024676,0.41386689438114155,0.5728436968268207,0.3276457610562607,0.5897696365795457,0.7099333784601023,0.5233786249153871,0.3998707368107054,0.444914924194286,0.5713227561874709,0.4850822428948622,0.4611537764061048,0.3445666616626024,0.32493796785113366,0.48682529192169677,0.5266092354527182,0.580650710038291,0.7679605090403852,0.8567170783733715,0.7491981092628077,0.42333547065101396,0.47283516494307964,0.5432409899202282,0.6596237634410951,0.5651373483315187,0.3219641110571201,0.5839293316684486,0.5557569052595895,0.5128167403401573,0.3780915891670865,0.30208369865166323,0.39593903764635285,0.32472297842530273,0.30580013325613503,0.30815219115466497,0.39473836000212015,0.3823006588632228,0.6646364134660374,0.4911519276467587,0.5094018301107391,0.3742448303085944,0.4117591944816963,0.5115558438981999,0.6506991738312691,0.5233761570624249,0.4029654702564891,0.33713931006505243,0.30856017895062526,0.35827009041436936,0.3637293862434281,0.3262449729299114,0.334580569118144,0.37390688337459566,0.32277731360577744,0.3747248104522257,0.31328898059794,0.40627056067875295,0.31441350481241037,0.30014860021312656,0.5434493371577395,0.5380735732868767,0.39343187179566075,0.5251341338529558,0.5168656718422294,0.8234096863682034,0.8977683810559509,0.9142974692090484,0.7454604442910404,0.5840839813593734,0.5214713209105597,0.5234924981160265,0.524484635839332,0.36095661452342487,0.3137944838601107,0.3604377023408874,0.44866664753052327,0.7039962417973076,0.4161358138129301,0.4654783708912743,0.8875922193214134,0.7827249956485893,0.6793601421610834,0.5761600156367706,0.580647239351189,0.6237203044958742,0.35607519724652825,0.3380838536915719,0.6118617894059325,0.5652938345476743,0.6343736649840668,0.4999036118677274,0.6983847879719494,0.6756361875478263,0.4367455030827778,0.5040091000287209,0.7387471916342235,0.59043042075632,0.6058021645311353,0.557234438809286,0.6024062670763534,0.3693548113647393,0.4816948018544725,0.5887532403932865,0.45796945068226214,0.44599407444441685,0.32327609319264006,0.37503796408383805,0.47400295857777347,0.34031352462678477,0.541855097514147,0.42677504149921,0.7227551913821788,0.5760370778653695,0.37965641750919843,0.5509201792280043,0.3863787441631916,0.3570762465287455,0.4969567834071168,0.3194366302086741,0.736975358214915,0.3308858044875993,0.3725899234611183,0.6092278991892788,0.34573720213550585,0.30495224747074606,0.32946694720845193
MAC000013,0.11687790847393544,0.1275733127932753,0.10279291216051076,0.1405133892289607,0.08283024090840371,0.15444082938533812,0.12177922084099317,0.13058399735458825,0.09259077739589351,0.14459131293360095,0.14641084305025034,0.10404272842544893,0.13162713048575742,0.10499582681121455,0.1418816302163359,0.11331043408728916,0.14779342907890253,0.14785302043753276,0.10875096681545582,0.09475493318566067,0.10745413405176486,0.1565725264328939,0.06968116782955486,0.11886813357187212,0.15993758779068346,0.11345049851304417,0.14404524336588703,0.07930803732879593,0.07631986331476157,0.1486912194142932,0.10342379580527322,0.09029814943791949,0.14453113593273,0.11173218438496332,0.1433186439902559,0.1635956593777186,0.07470523514592217,0.08820065242463979,0.1264542130575519,0.11160294830670336,0.09457906699613579,0.14107434707316593,0.08241418068543666,0.15930614075573288,0.07409044220287606,0.09222909401475214,0.08615208252890194,0.1660016233661652,0.14232421951666888,0.151343205025731,0.1282646171856916,0.11816849352474622,0.09718450720491949,0.11843916373011776,0.13015568248985074,0.13190373423969873,0.10762121353899275,0.13358912222450897,0.11238871504450404,0.1578625398168762,0.06496383649167471,0.10935212182951244,0.08537615653763281,0.10502752231256257,0.12423068203206528,0.12999427876596076,0.1172944938783256,0.14094647935271026,0.12351905679476007,0.1384168495063327,0.0925274415654377,0.12170099465846404,0.12330021406894225,0.10681891425265029,0.115493819615946,0.09838932916177348,0.09269808346748108,0.09395994901935088,0.07248541924987381,0.13498938423778928,0.13169055147091635,0.14025223520083807,0.13246125862481392,0.0901343927106041,0.1393751145277093,0.13659222233837312,0.11221678944189852,0.13309836674035336,0.17618954250502847,0.12917370265639014,0.16327402367164828,0.09011007690983155,0.08843298970026732,0.12177750624127455,0.12592446417770317,0.14906856652730416,0.14960067094794535,0.11577257772632737,0.08258816892354784,0.14640629773546682,0.12749972577837335,0.09311139755603931,0.12443318432589771,0.1353239083537823,0.1257460616617156,0.1012297722030765,0.10626132810457851,0.15342722841579093,0.11577801710219893,0.11372435121824169,0.1014983123866386,0.13349210270805764,0.10184276882930995,0.10688773921897309,0.13523261830381703,0.1046366378426172,0.12946530726526068,0.09101244606605549,0.1354853576931292,0.09998074046923562,0.08176486535429205,0.07441858890351614,0.15550271906027519,0.1541565070794747,0.0937903031428349,0.14131502592077833,0.1175706736469067,0.14516924108639642,0.11199660354231664,0.12722121884399754,0.06731460117815324,0.10058200475396806,0.14744162195713376,0.13086427493332706,0.10482150038047224,0.08090565506871555,0.13040460816481084,0.1447093276354504,0.11927612144027147,0.14489470386944844,0.09341148363529128,0.10349162004604796,0.16168167516452894,0.10404175551554017,0.11203851869583538,0.11114142667910179,0.1433496356798279,0.10041633864926006,0.13151557528968627,0.14314521645324849,0.09056455724539228,0.14380724920129048,0.12149583216511428,0.11948641243917515,0.14507320992908174,0.15742843011941218,0.08670536361297654,0.11575014516555188,0.1330718769425994,0.1017998223736244,0.10503431514605727,0.08342639367925965,0.14485241643696653,0.11713017676512569,0.10541832316696605,0.15562378008920147,0.15012522811033002,0.10827139408145597
MAC000014,0.18611451140585858,1.0627742536791862,0.03514461663835168,0.49535004167771457,0.1794239930051252,0.5648359787953035,0.8028524868797605,0.6010672027461964,0.8376132890077252,0.40690544081350327,0.6153831875388115,0.816708774188075,0.3471191905035656,0.2368599397290784,0.2899746333913283,0.4558026919508821,0.5058428351960464,0.641875434826611,0.2654252042742338,0.8334544765812785,1.587817654925962,0.3060971515942709,2.178148427371713,1.7289147793146469,0.5046154014078633,0.44515070114972527,0.2863695120182989,0.9206264050959432,0.5309988145927209,0.5742748832713725,0.24149143923271943,0.9387645041347972,0.4175451977255861,0.19265710021096383,0.4744111900659804,0.2559092515872262,1.2390672591525653,1.7141523409505532,0.48499229281572825,1.0427402493713445,1.0251731161880744,0.01,0.2903670270377954,0.5488545692010038,0.35465625365124576,0.2709261735740935,1.0722711424413276,0.343159223851768,0.6431185633034208,1.0092288893932981,1.2881235531533415,0.19358511871044196,0.21005589242413078,0.5918374686971278,0.06153352455004934,0.2197780554315789,1.1527351778229964,0.7886333962099534,0.45579818752729473,0.7072727081913376,0.8271669221377674,0.13405128005988096,0.33807738492600886,1.258559201122287,0.5996180421117597,0.6260547424358107,0.48596600013212277,0.08377912485079371,0.3018615532648335,0.6771209324342194,0.34478746883524386,0.20030151980535066,0.22605493679048144,1.2758531954857575,0.32943301463090924,1.1096455396251539,0.6281841669497702,0.4157437064079134,0.2597169852715838,0.8035873819584857,1.0193934139610439,0.8582219696940933,0.14903301853610484,0.32866499341183736,0.36257733846466406,0.06518017462798986,0.7022178293928583,0.7749670277459801,0.7560909656686291,0.6700788332322104,0.3884142536867002,0.25073401127828715,0.3873006475727782,0.6318910462706544,1.1795485536877732,0.5308247444574824,0.5172602462395025,0.072768504434294,0.662717641038319,1.2372469732689153,0.45864540761680705,0.4320385694347097,0.36821380457396796,0.8227716621652506,0.06864420666652404,1.1103854410088638,0.41715525317012536,0.6714701607928247,0.8681508123630057,0.22351639934518985,0.49232524452224147,0.41000981146742765,0.17681531434816075,1.0139033706563834,0.3838961165177656,0.16979204333149478,0.5155393548631315,0.12658666853539435,0.34488084075846853,0.622705333001963,0.11300596088951573,0.7862985208604029,0.5361469561962166,0.8716112588227254,0.8649104099011488,0.33501712427338876,0.3427593244637092,0.7076150952979903,0.19239362001824953,0.19361222539396916,0.29714575237218294,0.13855137658336986,0.16790496544197517,0.17344566580997636,0.38503172311391604,0.37082976478400725,0.9644476109890716,0.39061867731387395,0.46397608764823134,1.514139681545868,0.03709488321445486,0.5795617978567787,0.41765281979551433,0.6234060063787317,0.3133028542432139,0.38861237390276904,1.1429141056237544,0.7006776877605839,0.4044448257248621,0.2560973886638051,0.19173423232727352,0.3301983354301296,0.433610029058087,1.510390991035275,0.5486903340197156,0.28351850595433625,0.03734640889861508,0.24967296708529632,0.33057259022038715,0.5889303995790066,0.340733233999898,1.557168953181532,0.410192974572059,0.9869800553403232,0.10296984452225479,0.4722167685329302,0.252011765673431,1.0057083589533893
MAC000015,0.20150393360066085,0.20056891324104817,0.19856940513872473,0.18158767899195222,0.28970569590612305,0.2677729634026319,0.5160953765506207,1.0463104402901215,0.8547149018273439,0.4941359445182903,0.38623245800248357,0.5118759687011752,0.5409697474437475,0.42191789288202175,0.5086356530351166,0.5191704627689218,0.7493791154443311,1.3726308653737749,1.7157291218551745,1.7087087713483031,1.2885162513738824,1.0058271070015121,0.7006952434078921,0.338830065953432,0.19831855558694386,0.25026476591257085,0.10962203031122322,0.18743711963431298,0.23285215391194514,0.29757940174303366,0.48749967346993395,1.0270959485401503,1.006394717171345,0.4730245192562186,0.584673332926269,0.5581213693901521,0.5483817139455481,0.4999736479606031,0.4369932314852324,0.5552989100729738,0.7740836827333318,1.3650831099867125,1.7355115497560074,1.6084450682016496,1.4955090510457774,0.9766797547019732,0.6662452850282031,0.27844391661580253,0.25537969599853827,0.17620229594889697,0.21533102070500937,0.13266548762083535,0.0736657429004057,0.2642510717412051,0.5677275678955432,1.0506963593993546,0.8994691193443837,0.4693312969475111,0.37218670602016724,0.4226907225729462,0.4966398697504602,0.4588945035233096,0.580540517141751,0.6224998104473012,0.8428553507769738,1.3905650557141194,1.8186099061052468,1.6944836461149273,1.4386225705670486,1.059301195622773,0.5173451726259531,0.35470666275847323,0.21188277558984636,0.1491328583425467,0.12146036375339904,0.16430266142387892,0.21252224950647702,0.28861470913146053,0.5968667515504947,1.0953006430416785,0.8557284486185025,0.5238160750079048,0.34803824016626356,0.45345690544571876,0.4973356575036221,0.5616782744514389,0.4770887638782715,0.49302183556050116,0.8382490807983234,1.4137535974327506,1.7991380982481582,1.713746415310581,1.3056728987239188,0.922329124029329,0.5630049155386204,0.3806150114433478,0.3005060043276861,0.13026012876191118,0.1065813401504423,0.1536955301010766,0.1495268059100273,0.24619334757069733,0.5386707977465823,1.1230346660768948,0.9265204427318012,0.4987241679974281,0.5180808778434298,0.49812458449205615,0.5801229437038616,0.4420846057082959,0.42755054655418456,0.5265254250433485,0.8041837781024705,1.3712600920322555,1.8198301597549897,1.777888862258536,1.4665221743754944,1.0315556565259612,0.6217746584007053,0.44841013586785816,0.26299180797746485,0.26117062137725194,0.1251310473824717,0.11368213363602386,0.13929051059100794,0.25355356147873176,0.5065803891296223,1.072054894586365,0.8863330904654774,0.5644896004038504,0.3473437391184471,0.7754667889655363,0.9127072607034734,0.8442855902713057,0.8124745220609845,0.972937231613653,1.1080221804257375,1.3318279605449914,1.7612957021029594,1.578588216659773,1.4370991445838552,1.0311526121491297,0.5852933369289077,0.32749177009623276,0.22301048122633907,0.1466545374781109,0.1603435869452511,0.17222421893158232,0.15941386363397927,0.25552950404756725,0.5690190896340714,1.0558527554942305,0.9372216960626315,0.5134639787608075,0.490136164161163,0.853198716906608,0.8065073299706176,0.8071986905454448,0.8078295280894545,0.9531667551479435,1.2549105404314742,1.344057073633332,1.8063840992394737,1.7192291829388602,1.4275668924977474,1.139500080393567,0.5545490285928711,0.40706402218544757
MAC000016,0.18096085544387874,0.14200488485604534,0.22160204694077967,0.24554753215330838,0.24195921798659675,0.20339424306498333,1.2289385551520016,1.7692551065435294,1.1184755999389744,0.2758129617449358,0.2829035045032085,0.2785992670388011,0.20959129158968295,0.3037748275297001,0.30751521538873333,0.3100213387901238,0.32323324986581015,1.1338201809946444,2.04878152707661,2.203693355101322,1.6599826414855134,0.9710503713603236,0.04991088279858649,0.032183437651124545,0.2694098117907821,0.2758660888065181,0.1695251189429807,0.01,0.2273842631186478,0.13852382286293174,1.2014956025005832,1.9114085340605171,1.081285446407833,0.30651789019241044,0.19793261073082952,0.22201836239756073,0.29306232739701166,0.3070516012078062,0.3079814819339414,0.23655258574047586,0.2269911172238288,1.0782858570591674,2.081276635267792,2.281509065960754,1.553054538834307,0.9546289610570744,0.01,0.01,0.21389047207952527,0.1927738685372514,0.18801431560964757,0.21159393179883412,0.14155669497397766,0.14391076399560804,1.3508563294282623,1.9190022450970068,1.140374204401268,0.27622347673530656,0.18349147318322007,0.1736729494970774,0.24695518869014557,0.32870946227064024,0.31531898251894097,0.32160825789834246,0.22655209074032504,1.1844112232546788,2.0210383326442365,2.217876417430625,1.6549087836274576,0.9569717078892633,0.06692960691478034,0.01,0.09806237702668805,0.16654241412260543,0.14555130309795813,0.3344117857664167,0.1993680136342832,0.14507561105135325,1.188764220132779,1.8373163772815462,1.0523566444616916,0.2816514882750974,0.34727083226687927,0.3319888568065368,0.2873591412694598,0.25974601640201656,0.28934501750774855,0.249972499812912,0.36182259947533457,1.0941580896848093,2.0649661047412193,2.096444076246093,1.6456546557967064,1.0074896058032397,0.01,0.01,0.2051781906989677,0.09170977863638179,0.21843269018938039,0.13893544530362933,0.14611422878772432,0.10934871955600475,1.2604721116135276,2.054324397061454,1.142692460721595,0.232690136590114,0.3326854289617146,0.2600704223904283,0.3446286487585188,0.31623821979535893,0.12874732141355413,0.22570041803938945,0.3231236608289103,1.111200462355814,2.018095200268163,2.1755557217224357,1.5601145671183756,0.9612467345286729,0.11053448630078822,0.040246669536616285,0.2750634898717056,0.20966249430178346,0.21691660697991905,0.2642465741995357,0.18440580277939578,0.15618127373694043,1.293202674423234,2.0040228096660795,1.0796193666129528,0.23982594557013934,0.2828472013086848,0.31747934303372394,0.31580895212021887,0.20469601967776085,0.3714847030403069,0.2438461532172983,0.2626511498427118,1.0584848807491722,2.20419943945041,2.2193387310115247,1.6128776440887662,1.008861576403115,0.038456788965501656,0.01,0.20757297545145362,0.12427804177074123,0.14089672606482184,0.0650318070839813,0.09934508560130631,0.25592418009581874,1.3236412299782492,1.9346202302424336,1.1867641711080552,0.26790067535672557,0.2637338845587454,0.27872993211041863,0.26965831992096256,0.2651445835091318,0.33307430504461844,0.28341118238495094,0.31152848790883103,1.1551866250124299,2.088692287436292,2.1587216312017143,1.5877831036746426,0.973104430645358,0.01,0.01
MAC000017,0.17967697161465954,0.19260870906609526,0.15024552792817766,0.20171800490072794,0.19807500471519843,0.20745140314991467,0.11882204723504299,0.8840678009789286,0.6936215914773645,0.8125780032785257,0.9205730160848301,0.9246477056085907,0.7372732606010252,0.8882619501889597,0.8756756547789385,0.9693446141028282,0.7435824430668756,0.8192105351262661,0.9134968260460722,1.1468622642843327,0.9036506957593482,1.1740475280567302,1.012987455339053,0.22627765042527606,0.1659905817398089,0.17596731647985667,0.19208036018791957,0.19702335038607147,0.15933163282563692,0.10227884501790449,0.18204441622568102,0.8205610220671068,0.5802281490000285,0.8399469886309785,0.892748865404058,0.9516334973132949,0.8243501979098461,0.7493933958952266,0.9177402057527649,0.9669962281178694,0.7362572827774634,0.8343553532122909,0.8542821621840503,1.086689409731732,0.9567058488643544,1.1035822536495583,0.9954680957566301,0.3082676191276058,0.14593261364821256,0.20477247422544748,0.14574574171744895,0.11502695632253611,0.130362469080146,0.16334887949358295,0.20425889240861586,0.8324594835806725,0.6860055550205625,0.8926460671190201,0.8577135423986623,0.941192631932163,0.868688360030361,0.9153986103906018,0.9348221951081154,0.9953259782397744,0.7655750235622742,0.8594468198638441,0.945260356616231,1.0451815031114844,0.9177262147706621,1.04494752083465,0.9567046660982393,0.25809197365213005,0.2317191599323882,0.12013014371546892,0.14096116225982563,0.21295906607566023,0.24025446752289453,0.17373554886993325,0.13732184142758988,0.8087354574764353,0.6275350578577078,0.774044649823216,0.9345324891411754,0.9655036078552631,0.8552195398187629,0.8173156087222653,0.8744852670652351,0.9998988132988491,0.9053815443454812,0.8161758035915546,0.9457363491329592,1.1252543498728456,0.9045949836107231,1.1519576975004489,0.8770718798233016,0.22961364913656906,0.13443895512457235,0.15755788726268039,0.051425935000504214,0.21763699473305476,0.17071087924754175,0.2061415722749564,0.23065178687319354,0.7953581519231301,0.5949706985645822,0.8777513685428427,0.9151352344573257,0.9178944763623762,0.852864123771037,0.9502535946703367,0.905342807140179,1.0303874156966988,0.7307431423983346,0.7477053736889033,0.98448899653184,1.110211729402625,0.9098907614562327,1.1736307860699495,0.8677994368963529,0.18849849620389902,0.12285662026237314,0.13218014963396973,0.22326773537643085,0.15245989689053813,0.14035230052001163,0.08649966161045565,0.2043316770920765,0.7755542966666211,0.6559578340327135,0.8004201577306426,0.9376140691987533,0.9385457711479639,0.8594000162668918,0.8129269342146862,0.9634265788776749,1.0080871309357367,0.8696922490900149,0.8099318156675066,0.9809905242859701,0.9935675097215275,1.077758837842981,1.1280171473422425,0.941208524268062,0.23704373946835747,0.13764884631813654,0.24200183115508372,0.19492747501706084,0.12783408488073256,0.08805924909378587,0.20980523177539584,0.1919274463156812,0.867704875702513,0.7155011768316271,0.8054521923324632,1.0137155435399818,1.0634663631212031,0.8560553849010926,0.875567791305719,0.9225930401056311,0.9143323117082377,0.7311311442713256,0.889352357113853,1.0024772404562499,1.1356144212276926,0.950478518693538,1.1428847684834431,0.9531170206542365,0.28106951682691506
MAC000018,1.1721349684761277,1.1170380572087124,0.8948912403331718,0.7144217605994828,0.4124434666282162,0.07336837065063492,0.08176072528138967,0.11608621832093495,0.12433351707399003,0.05527931612100982,0.10462058247597661,0.11271502123219544,0.19704307447342986,0.05527718126475663,0.35050317275596493,0.4285910469154719,0.47734942992161317,0.44738525048726935,0.43493944445639227,0.40537519828516705,0.8734164460352287,1.3607334888873153,1.5464123987502425,1.1520133453056602,1.0323940089658432,1.0034923705543686,0.7623975335156093,0.8035197012538446,0.3370270865697643,0.13542105359671008,0.15502995998035282,0.0857601713300439,0.09694956494873591,0.12654295717877695,0.0772584161207178,0.0665623689148694,0.07105534484751089,0.18040177138600877,0.4397018421210102,0.38014724684142615,0.46344357259694846,0.3829178374435995,0.32228498970237324,0.4546460493432612,0.9219227471609824,1.3472910114724308,1.464911094487722,1.1982668008039439,1.0657712137458355,0.97846626478418,0.7972477357270474,0.702992879984312,0.28882922209335893,0.13103299620356745,0.05079966111787128,0.14181568136764489,0.08241709763134575,0.01,0.15963236423645483,0.14464645804211818,0.18759155947003311,0.015438531723002913,0.3870781227934244,0.42638524781333687,0.4483908944370594,0.34666140289827196,0.44137859767160437,0.3912167543547742,0.7468572663961501,1.281854978543897,1.584996798890169,1.1087796671966665,1.1113527057139216,0.9737245567720735,0.8269182457132336,0.6379068669897765,0.28208593007278704,0.10002037482488045,0.06369745598724896,0.10325652680696633,0.16525356494891313,0.10629339621070177,0.10492221019493994,0.10496181829825754,0.1706145536297502,0.18461295145578172,0.44090228539391907,0.42663517565516323,0.43128373052804164,0.4912031948978979,0.44361823778960463,0.4959275452730708,0.8186569569711333,1.2526105769114078,1.5258249678611904,1.1713047242773802,1.1597265101202983,0.996376343878786,0.8077383733546065,0.7600873013356239,0.3533543156898954,0.20167204168534644,0.1032593948470459,0.042999994227568755,0.11060690375646401,0.10328674047763337,0.052783124684082236,0.14924004494541354,0.19118039859735053,0.06382024089535487,0.46844111943135225,0.3894740584191367,0.4185696719540799,0.4133169885653206,0.41857005653179735,0.44345973338499645,0.7884020675481004,1.3840540333517914,1.5844550798953143,1.241223709631968,1.0404968160872279,0.903816963600123,0.8987468711642073,0.661779280195799,0.36729863330576656,0.1708942486658952,0.11360435862625522,0.17844831023297975,0.10636654189180644,0.05607355714244659,0.13865308413693905,0.12985925876722085,0.2543432692718687,0.07268901377584719,0.407213244518776,0.38326231877605754,0.4126813707066538,0.4106654781649252,0.37619060868221815,0.44321748027008795,0.8289040059660139,1.3866631762906758,1.5268500858950436,1.2925132243808928,1.093293814052241,1.0231223286312403,0.8453838728516305,0.6806340224961903,0.3466573252365379,0.05060604653961388,0.1143677762718228,0.12854910088808968,0.12223059686577044,0.18645231833834136,0.11248776552835278,0.025244777439387342,0.2971477076294872,0.085414030007332,0.46824285522480585,0.3445932662330025,0.4320662084586613,0.38007830938167525,0.2786738518730172,0.40566510003311623,0.8371079316589622,1.3084447317136716,1.571433609473662,1.185969166478689
MAC000019,0.8,0.7869035929474224,0.5710466942989558,0.4047379615741663,0.3244401079810495,0.3074868289170567,0.37775878244847655,0.3243399659789317,0.3463091803359086,0.5665390663953235,0.32094880943012405,0.3943809646820427,0.3154045552159766,0.3619202090730458,0.3940055816908792,0.49101932739384796,0.35758086400995004,0.465410891385031,0.49456021772577247,0.4614274627261436,0.3268954778202793,0.35735218150845816,0.6664665808907384,0.5177457420987899,0.40691176967131254,0.3039795423936652,0.37639679196941195,0.7690925270279166,0.5910640873925805,0.6451308919976275,0.8003876368169907,0.5623122351528607,0.6590368441209358,0.6200779911732655,0.32009213470166215,0.5264514707299236,0.699728338237107,0.5594003252434796,0.3221271393310544,0.5527466121580853,0.42840649859298735,0.30915494295048673,0.6157402797667131,0.4170300091389517,0.3437183751221131,0.31397905464681886,0.477367663359587,0.6034940836684171,0.5430882516088935,0.4145993801579301,0.359974648768996,0.35061551298167565,0.3475022032193701,0.3129998767415686,0.6393750583454809,0.36422420957262513,0.3196346739027348,0.3716696799285762,0.37482149831706113,0.5848119132102092,0.5066778005155268,0.38986880289833437,0.5813989837953029,0.4361826618266359,0.38294791601379,0.33314804195573994,0.3500261107073933,0.6185055998034177,0.6064344285410634,0.4687986761348302,0.32570984220016086,0.45649231342075813,0.336689828965384,0.3696634717229402,0.30211987844697386,0.3748941840946145,0.32884504391414565,0.41214786224993194,0.3999412149058314,0.4769417956913983,0.4049619586672357,0.5815160801541259,0.3816586032905703,0.6672640353674655,0.8761115220768749,0.7174869689524175,0.568392347784328,0.3974844810385423,0.36288298122900636,0.4638456789621789,0.4343201118197238,0.4237919572128356,0.301181208538119,0.3352227391947683,0.5815881255361626,0.4550817809324653,0.37663908295664295,0.34792395825261657,0.36846702622278393,0.3952639574829562,0.30383706694288365,0.3014446900311307,0.34616226320995175,0.366869120025646,0.5186659330835988,0.5655485644189573,0.5280906997867465,0.6988313294378868,0.6621637764368993,0.7673672356462373,0.7415668179926735,0.3548872516547738,0.5368906532389798,0.49794442613063516,0.4406651039628597,0.4477010800955813,0.3590283357781259,0.3783255808919362,0.3300372242825117,0.4686129205982717,0.40942147340554624,0.32467852864579466,0.4202299758735451,0.3498561135328626,0.3093260201308832,0.3512691769534636,0.4156359004106716,0.6269041051297397,0.45133938347132074,0.40919174167798555,0.3720592370999952,0.4843717647092583,0.48086548234240084,0.4345896760741762,0.34130995257376545,0.4766952384834254,0.31563784852612087,0.40461256782104976,0.4954304272264274,0.3022161260632227,0.580785422453342,0.7391287384402314,0.6320666903563859,0.5050573534165617,0.38108281786708265,0.4060818874097499,0.599994034738941,0.4908116422393306,0.4084908088640896,0.33817989367401435,0.3100488977773501,0.3847075114740036,0.5440673417855217,0.34034213332689145,0.36715590074852367,0.31663861605997884,0.40053759223416446,0.37638549284630424,0.43865271506454345,0.31735504764046246,0.5206695291174066,0.6143963622849693,0.33405810365395117,0.43572187947704993,0.5588296721238233,0.39242675845838826,0.5620292338064112,0.5461755754860206
MAC000020,0.1357992970863608,0.144982854731134,0.11119786955448605,0.13586689975966032,0.1263276099424933,0.09534213690397023,0.12269685695779922,0.14894691294152743,0.14365040846757987,0.0884621492324427,0.10465520153581244,0.10036533449677842,0.08923330661524262,0.1399953802059355,0.08716078616659124,0.14117122770276402,0.09880364340350355,0.11442385348309918,0.11237545590123921,0.08953624228621003,0.1406766400184379,0.0876792319724835,0.1046716588629926,0.14111135975123879,0.12220995593142689,0.10078027794407109,0.09878707215807708,0.13740760034777386,0.1703338959757587,0.1528060111935223,0.12280783611860335,0.17319581220179786,0.0880577235549632,0.08295723889104206,0.14613224509614992,0.10359501267027676,0.08094483537665895,0.08014663834424554,0.11900805285949842,0.12713461533532266,0.12032542984219259,0.09901193688479151,0.11931038707251206,0.1399763723687292,0.14685553780003202,0.11551657939515396,0.14729774920579786,0.14941446534329808,0.0693942402020431,0.10398609850680063,0.08936003161596758,0.13968463941228065,0.07577877834253753,0.1202975808720136,0.08974563139164846,0.15280927158542068,0.10188603831616166,0.14318491933957234,0.16689531754821665,0.08079836313507396,0.13253833874106627,0.0767076609086022,0.1483474743705103,0.1296285460247277,0.06976577139584411,0.07668750466059611,0.12165557167295075,0.1434993961375992,0.11724222197242101,0.1680947811758615,0.09537835522845632,0.08529828994728156,0.15863626290359584,0.05326755608680873,0.15313896201480903,0.11397832640272268,0.08435032621693914,0.1441677853759957,0.15456831117345401,0.164375102247929,0.08598167021539276,0.08039515032116465,0.11226582941276049,0.11636328156231182,0.14924929277218119,0.07933829374718625,0.15946095534764781,0.1284398985624147,0.14673726777513807,0.13684133017473074,0.10875787413503789,0.1642906481430965,0.126945343179398,0.14782969756760736,0.17926308295316795,0.11961495270353904,0.13680641263586846,0.08684493372775177,0.07840632131280263,0.11236128245850543,0.07639957342459425,0.09516303704299692,0.09230994897312211,0.11292607413277286,0.10251237419363834,0.09223994654389436,0.08152459039800702,0.129122016499281,0.12687325844777933,0.11284531993822892,0.1198688468628778,0.17422808247263302,0.10934376089900494,0.1091134664026382,0.14786479100959882,0.13449719278519756,0.12234152100059792,0.1347938736210953,0.09815280177117863,0.12114155013323474,0.1557127608205062,0.11775589818012511,0.15339913209385708,0.12094012799390921,0.16326834029982396,0.1313387311144133,0.08837710862136679,0.13578480810912844,0.10484731606977027,0.08618698648966076,0.15755632678750464,0.09540791177842935,0.1351664585242048,0.0911981906446008,0.0973752539461045,0.13937752351616295,0.11355316718099834,0.1270181659704473,0.14014491642336832,0.11811870546923024,0.15114247662752212,0.14517731904228315,0.12612999679617592,0.1421889071044237,0.09630284425514875,0.12648313038567388,0.15978056381171202,0.1274060537972768,0.15817131001922644,0.11338782320739997,0.1429383667350204,0.16003833771534895,0.10640598632211237,0.10710047680668514,0.13070151395861607,0.13329357789286506,0.11117401268988335,0.07318769859663882,0.1167436830948548,0.175613971621633,0.14774683791701743,0.11316373935053914,0.09208830007002601,0.0932012609377869,0.09669255104324187,0.07735229342532693,0.14460804316966494,0.14790456906267116
MAC000021,0.14232427710533388,1.2235357620410223,0.2765626480111478,0.6447035588237701,0.4718897066520157,0.35763503444747374,0.1959909709804978,1.0666768065821481,0.799294969754952,1.5760461565636825,0.06191325891666723,2.0837248986323083,0.1517060419120465,0.9735281987734847,0.9325871392198752,0.641005190830195,0.8022631091274097,0.7247989417529657,0.37258420709888046,0.5724398844961844,0.8580496992537379,0.36352956965054434,0.9979700802210301,0.7439200675720244,0.8926526716342866,0.08515091025729091,0.39901700115437394,0.2973505260731038,0.06481702106230527,0.939868422766809,0.12215111979753987,1.237270998837469,0.48220727961027865,0.6953449103559824,0.3046535362432793,0.9931648143715127,0.4691110877853958,0.7229825831633508,1.0661346571103918,0.7920756718517751,0.3658202505976786,0.4710356147683766,0.912703230335638,0.4055712736015828,0.5036597065840698,0.6267590513452331,0.30477007381002846,0.46436985720916363,0.5736238055264402,0.5660121377880197,0.5515818774795136,0.37515728438913304,0.5933117586146184,1.189530350119392,0.4698835060169073,0.5877456125443554,0.4635916841951139,1.1486450680244313,0.4066785682974709,0.23553579447541112,0.8119736109225173,0.3910415085505779,0.7808772777871934,0.34228375596444177,0.1909081218281345,0.4816444942400748,0.13539353146049427,0.6168860395660911,0.8833230019306477,1.6303364962032312,0.33050947509158735,0.27016211469065715,0.8689557598523519,0.827532327072582,0.8646017021405649,1.646694284357817,0.5044164868754495,1.8667618329331037,0.38065489412280834,0.2895136236176977,0.2673577012528992,0.25335169850534395,1.6983912236380876,1.1085539123104016,1.5998661570235806,0.07988385039075996,0.1589183377089823,0.39239046678624095,0.3460966493736825,0.5898383992249072,0.5137948009475388,0.20561862014043883,0.31602110436561326,0.410281550020333,0.17768901152860364,0.4528362830539383,0.18891087649651708,0.44287455366916045,0.23390104244806584,0.9398389991349632,0.6742319243129624,0.6623286563563245,0.8180500560047818,0.6999791691943936,0.943869508856952,0.5535341426386385,0.8099907293534924,0.6478804115561642,0.6445423452457497,0.12626234054631563,0.20958822220506462,0.5942875955448548,0.2686542695007675,0.47027202836279025,0.325751662511181,0.3361367390712818,0.5117645095412118,0.4014943975907857,1.2222570033403313,0.13966320225177928,0.7389039364153924,0.8417894353895884,1.2780003697335394,0.5209619372831822,0.7848472480625938,1.2119195395451559,0.3046968464119149,0.2350709635995316,0.538715687471791,0.41725145773485317,0.7959074180976038,0.1483751951753452,1.1597154350000392,0.5979029567244944,0.40773122109203636,0.49676886625994926,0.9811634614472076,0.7093313526412958,0.48953389928512453,0.42536873459600805,0.440324511245289,0.7728927594558638,0.39911330632469905,0.732224092711412,0.24147550309121957,0.2772710693338218,0.48537549223865656,0.4228123476689209,0.29110688319810657,0.18746213933957953,0.25698747578261205,1.3504390383371545,0.2902591978959679,0.5134393031250339,0.2902308172119004,0.39180416074002433,0.9019282353360003,0.4154667241755581,0.37889050594027446,0.30447459558928963,0.4029933578059454,0.6471027727129105,0.09083108062840572,0.1628426719727003,0.6579874385545399,0.5070941239065517,0.3175224777913727,0.6844588956685259
MAC000022,0.27429395036476667,0.2068425101306839,0.2786267598036325,0.13425623116485427,0.1412853349263413,0.17627655251484603,0.46366518050266425,0.8353906286587583,0.7212862281683526,0.5622397206046668,0.3712972225496179,0.36894586258074485,0.42789488594390834,0.3864743062668183,0.43861269418200627,0.465182473446117,0.7588908650522819,1.1323351995201973,1.5008785246922798,1.3642418907372542,1.1811592578698114,0.8005207060010522,0.4153913834082566,0.3443628032456973,0.10060544984040311,0.176862842739526,0.1002268117320607,0.17222810283247092,0.059956708892657015,0.2595405734286183,0.48627370105507806,0.9053250286862132,0.7868295929863168,0.4210198674354567,0.24292538065091412,0.4190856429114693,0.45436442041385255,0.3948366220769112,0.34410395514098113,0.4516477371914608,0.7513494492140801,1.1021447714940549,1.426436914840822,1.3356679756752725,1.1985635571234408,0.970741743894308,0.6321244287051575,0.34564071103322724,0.13881518390641648,0.11280998001162387,0.16904352066258518,0.19183342572269194,0.11402708020568324,0.30085055748991363,0.458215694690939,0.9229134162271937,0.7879079989697169,0.34341712163232085,0.3878892631475487,0.4680623655776778,0.4103475387670169,0.3542388044501133,0.41093187229142986,0.47636586729332403,0.6620812588179059,1.1480295282247621,1.4299427882558322,1.429304876165902,1.2799582457498924,0.8514654279329213,0.4804610460787344,0.32175722276029417,0.33017135385090013,0.21155873145804843,0.12054291498783504,0.12723159512690688,0.20606927370918743,0.18415927036809598,0.5002808336743452,0.8313264669774155,0.776880383102677,0.4028077944702892,0.3753520310830212,0.37868643413354336,0.4733151252527157,0.3983337803995002,0.4940911848263379,0.5406370828312356,0.6132320272664877,1.1577129705302467,1.5502152501430873,1.3861731435937141,1.2609521881809753,0.9419317582176385,0.5177037649416069,0.3621899297644191,0.06734434659104291,0.22444397824421708,0.16957709432807624,0.07086776948773707,0.15872094793299277,0.12831385717618798,0.43152252169831345,0.9419811843262456,0.7299928417214923,0.41409536545482245,0.3675786343532028,0.39305875606507473,0.48775527563348636,0.3761183955065818,0.40715990420799214,0.41246282009729524,0.7155014217949605,1.1320716086301403,1.511408111901394,1.3909725630804524,1.1885456829571146,0.8369629060398522,0.5383443957092167,0.3408623404291912,0.12134547364414891,0.1267445724813846,0.12675234635513122,0.09531924731433317,0.13498584921901377,0.31043311976905075,0.41878556406817036,0.7715898672752101,0.7006976590264341,0.4010975298320154,0.3408178273768108,0.7600707982360521,0.7369767017928913,0.6983038703991622,0.7024682418058863,0.787001266517167,1.134488507779081,1.2257625411191655,1.4299811410788863,1.3125906643788217,1.1960407056018514,0.9827789680223429,0.5551863796925743,0.31148485060061026,0.16507376770086843,0.2104226916024152,0.13415112320446518,0.21183957338331755,0.06174168680705923,0.2508103221712094,0.44152881996383087,0.907912978297805,0.7431774622215698,0.4429888245310012,0.4141964321596844,0.8161198673650414,0.8859669483052307,0.7578575912818436,0.7090751018444091,0.7584026149070388,1.0501907773998043,1.1898860310940877,1.4460351010920693,1.4663143592358119,1.1952608374636842,0.8244083782100086,0.47946753287651755,0.26596699742856106
MAC000023,0.19864188187161216,0.15231721783009922,0.13038977233443652,0.17134303312586735,0.1849257050671548,0.12394763371405336,1.1257991218789942,1.6957094545271163,1.0143400540118475,0.25307807637865803,0.2686918098327385,0.20663424117171864,0.2035290992764509,0.2918682837130636,0.24062359941081918,0.25884515558506194,0.2292736471257679,1.0233100126210577,1.8040601395992208,1.9499672858457067,1.5068601515157196,0.9147253496385417,0.01,0.09798419909779416,0.16241813577273712,0.09460963799761943,0.1652086535175547,0.12760609036388343,0.16845947544721515,0.14461323870503942,1.1043840676699295,1.6665742605313494,1.0278767354561935,0.18678705012254226,0.1891551737098441,0.2629614359374682,0.3247356308389924,0.2269637636268735,0.27964203461529213,0.2982604273232711,0.2853276403447973,0.9628132594616914,1.779898302741,1.8463699695571831,1.4544184859074434,0.9149813331084371,0.01,0.03501049237593827,0.09924842458546271,0.15205967990739822,0.1821456317958072,0.11378127924613492,0.155280285122902,0.12600148425178986,1.1359278161073312,1.7239197877848886,0.9811990576418388,0.32251091648719277,0.27770872559850895,0.2100758251737794,0.24030022344020577,0.24079847922611083,0.24860939711135446,0.3708188823104686,0.2631360131156437,0.8765785454151367,1.8073106900148554,1.8601287434659604,1.451070598028271,0.7567114531940069,0.01,0.01,0.16596405998643018,0.14678301921950024,0.16190416646299285,0.14152848165963,0.07704116357783541,0.17243211955079307,1.196781611173895,1.732614558290984,0.9570774439544971,0.1731900596748216,0.1991900699420956,0.2672454013086968,0.29824931982006264,0.2576367272161927,0.28458778296539305,0.279977330681456,0.26992013804938975,0.9454499941573127,1.8431468141994614,1.914328457646644,1.468431958528468,0.8726201412336739,0.08393919036934275,0.01,0.17083143263762157,0.22081788066923605,0.18469843937999614,0.1884033232293084,0.17614079618144693,0.21167277557682715,1.0462964747548038,1.6428575960621443,0.9780569668971126,0.13653531330150837,0.3061257086889944,0.3056291782548659,0.22292589072586755,0.22605488864706838,0.2409760447225603,0.24719445100207485,0.25095211443980814,1.0062852792642907,1.82581932095028,2.003907013014641,1.4898578997368281,0.8257287923866966,0.06675563339020488,0.01,0.1421477605469825,0.1951019211418297,0.11060239584244907,0.1622338334264139,0.1739230309380087,0.10372985768899436,1.0970464971807206,1.7043287378501961,0.9507867813287608,0.3596771610826326,0.20643810080782007,0.294839933183488,0.22495336763603677,0.19026160903582978,0.2497341306378473,0.27704808769946887,0.2906188972333778,1.056486929453129,1.9817129530974589,1.9692730580285307,1.4344059021892936,0.878720681020073,0.01,0.04629830649261149,0.08189783626977022,0.26517277820807816,0.18955845582683195,0.06255585019824808,0.11130460597230771,0.18756010329375325,1.159487585968995,1.6485420479990585,1.014024966442023,0.1472264248469977,0.24012662520654157,0.3001957605852542,0.21701763197494484,0.16924730352319317,0.25190415829897184,0.21435747514831996,0.27607133678338563,0.9341073523094724,1.7958187941180488,1.8556972317969387,1.476057746433137,0.8480317177664984,0.01,0.01
MAC000024,0.07801473516909822,0.07103735112837514,0.12989557866260745,0.08892647614383375,0.08618911584494243,0.07989907521760617,0.14031988019963004,0.80784321409982,0.8164698818901539,0.8655094875184112,0.6784845682494665,0.9141545764443532,0.9412498350242217,0.9669761703049485,0.8746938858309328,0.699646732508098,0.7169773469275962,0.834198535409967,0.6993614916171882,1.1904545295103648,0.9149004342049604,1.128578513861917,0.9967383951314507,0.308444270928353,0.19931012154307629,0.16544481466346483,0.16942531619297163,0.1097401057138945,0.15721791441127164,0.10300663899892593,0.09733633496899155,0.7475398486205437,0.8181106147813979,0.9018437853755306,0.7241724791324912,0.8933083960857181,0.9026723127055566,0.9541875923027809,0.9422280227280457,0.8526908834743825,0.8047765497392448,0.8904037006672416,0.7133559644989744,1.1926913339447394,0.9896918657892496,1.1612844485335072,0.9486674110101816,0.22782377925997999,0.143444654518775,0.2296761999304741,0.18202533409785462,0.12292705456981765,0.17114595801136262,0.08600093631871021,0.1389403892690384,0.7807431225414972,0.8204023455650622,0.8842136186806349,0.7534906468053256,0.9537077013672705,0.9711669241875837,0.9201433985138809,0.9561531668429069,0.7648662092339276,0.7969053325352511,0.8571926460387178,0.7251649951869091,1.2045849624326552,0.8629797391083475,1.1066478368221966,0.8667154539077236,0.2546304000613247,0.13578120704596697,0.03661377159324773,0.24735224042360143,0.05055154661270787,0.15152118400212383,0.17816865208824412,0.1140106512825389,0.8604123221156991,0.7473981617141545,0.9022152673606785,0.6302893819019256,0.9736601800047839,0.9942214164534672,0.861631994113448,0.9894427415992559,0.8894986351459655,0.7511454587146746,0.8446039093122152,0.6879767896106453,1.1450965946003935,0.8993574468831945,1.1385810012744122,0.895455643575738,0.23217682930984784,0.12854616745147868,0.18805855065368327,0.1835938158246299,0.07332496945940117,0.12032048203047177,0.21252786232551996,0.16470124798054572,0.8451378728355466,0.8097559565865835,0.8805771429619217,0.7372643334945118,0.8948037798968884,1.0369643997402456,0.9216287015029049,0.9523572026114081,0.8446578956163261,0.7810763817480071,0.8515785039620294,0.6958080848642929,1.179140694164139,0.9269194498593478,1.1441110754219577,0.8896770200683116,0.2413774618985855,0.20091191055493185,0.18118485337789872,0.0710409161914462,0.1285425253166698,0.11808307155700562,0.07188384191999862,0.16376392645504087,0.8236097766241858,0.8989541394987247,0.8769591805521643,0.7005079447816058,0.871351810707246,0.9715981044790822,0.970883945562673,0.9932484299627171,0.9541988898796154,0.7371369055089917,0.8594262501718998,0.6795039076073963,1.2011324289265295,1.012293410361531,1.2140094807021145,0.8646944412217836,0.2842328770501524,0.04433246033808655,0.031004031890948858,0.13754747194001565,0.18053401121062312,0.16740984265089895,0.24528941171813343,0.15546634914812246,0.823071402543167,0.855566677697458,0.8749535631894927,0.758754138206024,0.9374475326611929,0.9455892342544414,0.9607409539787601,1.0672563723050852,0.864723508272478,0.7555015051089417,0.972047053434768,0.7481814678849471,1.2048199179857102,0.9382744739679535,1.2050391941377725,0.9306638981665996,0.25098222279804233
MAC000025,0.6745033973586068,0.6251433416923368,0.5771933340671352,0.530197555055929,0.1907473292282102,0.03217381491231852,0.08700533917445312,0.07613580805438437,0.117405517945188,0.08061617285874537,0.16726340136171192,0.01,0.12224818286804634,0.09020364967510024,0.2106806361930709,0.17743272517681002,0.22457973621541585,0.3412850751180858,0.33559226734086667,0.2743980652941797,0.5435477299142651,0.839805888737205,1.033715952340124,0.7786653144235065,0.8076331613785603,0.5800709389513015,0.5812832642927072,0.5692776062956119,0.27944116040064937,0.024023504693634255,0.01,0.09395740012246015,0.08776350014827708,0.14185779473217633,0.10765973230406359,0.05599534366139902,0.052601603439446504,0.0149294548458946,0.2872989064584354,0.21060827700278473,0.3263302069241741,0.31028845010539113,0.30870348956808163,0.21473933395705827,0.554163209033389,0.8631454575305865,1.0482257375309207,0.8287990427387201,0.6964562063068133,0.618099542742477,0.5956577709156617,0.42494904107989523,0.20337894778849194,0.08052918147154432,0.125223358521319,0.031798602949391824,0.16972228934966144,0.012704201811560928,0.1577512810737705,0.14021684731951256,0.01,0.01,0.3168238979868091,0.26196063029188443,0.23048333706401794,0.3714157499935228,0.2211355675344704,0.2444837596658465,0.5312414634340058,0.7426382971964407,1.047653806263282,0.7567954709314636,0.7626628645700673,0.6889618551067263,0.5732474290996054,0.493576370701736,0.24889147532784056,0.045217130636434205,0.0494959423473917,0.1463986872585879,0.1169994120843234,0.09054168909509228,0.11024060618746033,0.07718316343085453,0.0894846783361462,0.10996318542834752,0.17711664852796843,0.3261376354490168,0.32254770060230326,0.24179627568907502,0.34303581535228406,0.16996495031141345,0.5793090333295834,0.8846073908960776,1.0276118645729775,0.8033417650727883,0.7512725867449586,0.551620306259478,0.6117096086033449,0.4609103636000127,0.29148466201826073,0.11241322375233942,0.05868383282272581,0.07627103005103161,0.07920836851529904,0.16055035890617592,0.023215050531339626,0.05833369703077691,0.01,0.08643275215164575,0.2496552388699312,0.255722114201819,0.35506520967438576,0.23966221341377092,0.2728545871411418,0.2579006752349549,0.5418698602553994,1.0212002190428469,0.9563366334606557,0.8345768258481705,0.8435047280475646,0.6958530075260975,0.5640084873613838,0.42278562321279883,0.3059507363116972,0.12710463877462727,0.01,0.06422327837179118,0.019932642555936297,0.01,0.018769465838926032,0.08550930117891081,0.10925329873281979,0.06406549221270544,0.3495369591695559,0.3323026851816455,0.27456680768881886,0.2682005551633899,0.29996767047987055,0.27993836905477343,0.490377175010271,0.8678416393338049,1.0763637782017146,0.8681104119394882,0.7701442536688606,0.6586138538400012,0.6345299612121241,0.502621622622214,0.23628451703237624,0.1541729182715159,0.11625027281148104,0.14533749455777675,0.020856996493554797,0.03722390842337639,0.03936708614959741,0.0893261711095801,0.17145481652795708,0.023289996266985663,0.3260989398346005,0.22070226233203946,0.38670665963099965,0.20099810653190947,0.31784570598252426,0.32484946069717674,0.5926616285339334,0.8387482600693281,0.9902682447029881,0.8659934300708755
MAC000026,0.8,0.7051550255574857,0.9204176669825708,0.6715915695565448,0.7947101951777846,0.7238960835409856,0.5187687804243324,0.5839635539458361,0.5978334411274697,0.5287515750743097,0.5115079847718258,0.3690829339220396,0.3720558683466463,0.3598744248134027,0.3113149049630609,0.3035262710150682,0.3393285361303404,0.3692896538153265,0.4624317302846148,0.37111401525476767,0.37151283422617754,0.3232366362463107,0.38205437796019504,0.39702211251237574,0.4878259878077371,0.521567041678444,0.573852215608273,0.7080382475653322,0.7385723680196449,0.6048563429654492,0.36020708381256206,0.5953250028100987,0.48583524610550716,0.368410322575052,0.5092012807333768,0.4061299947532159,0.3572645054718464,0.5702156195413068,0.4346706083360038,0.4757317443572187,0.5717484428253901,0.4184071533054123,0.3235263651493902,0.4135716597761125,0.40650273332421144,0.3239606808234456,0.3907666124472403,0.3379682921526511,0.4785767211974894,0.34016595896077495,0.5370854882695474,0.562805291127424,0.5927887157845566,0.6501005693745401,0.8190316313322328,0.8707578175020403,0.7940188214674837,0.806097826196013,0.5466831308272431,0.6014563867325307,0.3752588943718359,0.3013908079841329,0.7613412202833859,0.5857914663074202,0.610924401396818,0.3665215187669441,0.3086377525156023,0.47509269859194553,0.3312199577569215,0.4323429372562538,0.7151356545966894,0.7259754859373011,0.7380339657568191,0.6539651257768546,0.48677352724783635,0.5542590013411035,0.3352181855544826,0.38907690790398436,0.6324662012785656,0.6548981075561866,0.4698668168831058,0.3515911062292598,0.33105627534162396,0.3022679426030836,0.5811787357273186,0.5667683938811262,0.6022790363761261,0.6255682308592757,0.45423937897239375,0.5447556332050918,0.5742688524229305,0.8187620261736253,0.7331899966866444,0.7880681296720263,0.6541706579505732,0.7082942004742996,0.5905393135233422,0.5396073492538581,0.3711007540159545,0.4279082625799449,0.4800144839493867,0.6247441895774464,0.5352769408342347,0.6159348978845736,0.982206437948808,0.6092228813865446,0.4238835585040972,0.3147661378543072,0.4021730602113677,0.3124782795070363,0.41501275826340944,0.3555309736649035,0.4797357141241492,0.39264148199029014,0.46605438661955906,0.3603017844619554,0.35106371254906604,0.33512226488949903,0.30129126041276355,0.40903375576715445,0.5867873273295254,0.5620619489671739,0.3629420489360388,0.3555510552668974,0.6141822769495289,0.7377884205390404,0.764655837122934,0.7678449308605584,0.7558012117364001,0.8156641339787807,0.6182537826257997,0.3354274271030988,0.33692109543788334,0.39494641643824113,0.5294629256352585,0.5801389807146335,0.4626928531440777,0.44243833496943485,0.4611149266812244,0.3625182260397198,0.6234516133486843,0.6654466064793341,0.3583556170781883,0.30637460710283687,0.3945702190437865,0.48171257016314906,0.3475820206526201,0.5438813530854703,0.38798987493077536,0.5769272600874644,0.5740407684858995,0.36282619677252376,0.4593210705694731,0.6872315828579205,0.415931367224309,0.39065883853859196,0.702245494896411,0.5453220889143595,0.5645662060440176,0.7209955327880118,0.3640517740457042,0.3319459506197914,0.3679741733118404,0.41089434713178286,0.6101626807225029,0.7283043454794936,0.42849074137835774,0.46745048650162613
MAC000027,0.08423078848499453,0.11690568838098314,0.10521510201923598,0.13661674007102034,0.09391501102270773,0.16100212190631902,0.06787560665507596,0.14765030053635958,0.13932799463101653,0.13514207615899282,0.11133438185326938,0.16388100744232187,0.09578877953623748,0.07683108440868314,0.10882058487984109,0.13694133402817749,0.15295351733117254,0.1271180948144838,0.13701516127293717,0.10252126538939414,0.14311241288013127,0.13350924611704684,0.13200050039787495,0.1085676721984297,0.15880631021645125,0.1616435265584646,0.12987304302067781,0.11124403071646043,0.12850332613228732,0.13406254984683022,0.10486153508391043,0.08256945511861509,0.11726955197273961,0.13579125669575176,0.11871453002447291,0.09468365410143056,0.129526944439004,0.12746237499439625,0.08682880258739473,0.10820739417350674,0.16901771000689741,0.13095092155418284,0.12361011292679522,0.15537249121226712,0.06777252789994806,0.1551067497681837,0.10925136816476846,0.07707698409614384,0.0999568575090822,0.107072489056999,0.11455539667762644,0.14865997285646723,0.15512846233271188,0.10153569589145428,0.10732961894535152,0.09942064307742728,0.0752153659275035,0.12047561786052202,0.07336809872625284,0.14222679568329769,0.12621878879695445,0.08904617795429626,0.12321268944229431,0.10991114116971921,0.10535837503165074,0.12444739920927382,0.12150429923005471,0.09079193382478798,0.13080604367768459,0.10146227567514979,0.14747624139629664,0.09626540293846574,0.10977336163422925,0.17128996534056654,0.14252233110523543,0.08939390013936664,0.11542288795444297,0.14984434111998915,0.0894329350845321,0.13080089613932966,0.1436164685014431,0.126528367132592,0.1425631653920175,0.1321717322701119,0.13549059865791402,0.1340382799530595,0.12374901356323355,0.10937035912130927,0.10831567447886624,0.1322878099070643,0.14846522260578834,0.10580012751382584,0.11685871669621475,0.14982130799521193,0.13963198956544187,0.10370305615705502,0.13813654943243003,0.16079746373611656,0.14906749357631743,0.15152980243077604,0.10887952893889427,0.163440650058557,0.12247637580161375,0.1566928734157426,0.11982169142021086,0.0787269238616707,0.11489390895559665,0.10174737501556501,0.14621433056189792,0.16572024573566885,0.1329692909801458,0.13586861983293919,0.11870376053105619,0.13254809760234013,0.13254411288733406,0.12423133459934622,0.12388599296402078,0.14367966237855753,0.13642950481667288,0.1023605588041738,0.15659529026197805,0.14058141402654634,0.1224209094303976,0.13596947680560198,0.144622647051549,0.12814496471768025,0.11558983576202603,0.1519369254088409,0.13240604997485617,0.09349733756434292,0.14248758235517192,0.12050878142551125,0.13112001728299388,0.10424478991408036,0.07290941235941903,0.15149482910065074,0.1050303757288217,0.12863317201084623,0.16077944046920145,0.13416001150499524,0.07901514373504229,0.1309183806933755,0.14390095885213447,0.11845072957312781,0.10660002401141012,0.0963122426571631,0.08437612591000662,0.13779659499953248,0.15157782795832403,0.14796144242038967,0.12193452328815221,0.14192120895825425,0.09408916525424169,0.13590660828794401,0.13878149955776883,0.14051736187001596,0.14581944242087885,0.12178227903433977,0.15198001083295382,0.14648737028815972,0.07526336850031776,0.1508341504386417,0.1403252473321001,0.10567537866528746,0.07507302504862778,0.13586415460583084,0.0929000733765458,0.11081828749352739
MAC000028,0.4636802008326801,0.8526677761538485,0.8143774331654724,0.1489284062269105,0.9460952272187078,0.11254063819217028,0.7708771261699742,1.6233428808533164,0.7756438661832429,0.3829679011805387,1.5865686343775345,0.5781906241493545,0.2187210401088384,0.2941500343078838,0.28595537625208695,1.8329652901001747,0.766380891549398,0.7858965547759773,0.6960655031279727,0.6104897112494698,0.3397874065396977,0.1744285987935919,0.652204409794758,1.5551438902132824,0.6281054674002106,1.1886333941357303,0.08552843186901654,0.6304990659880374,0.32198772690925076,0.20831934927459117,1.3407483884858498,0.35783575600351303,0.7652226641049044,0.46142904835073034,0.14842586114243786,0.8420007444809,0.3790504980171034,0.9317766979825214,0.240176337475905,0.3270235397956723,0.7449773591744279,0.2578010691686462,0.8322086972468629,0.06689901646913554,0.17685885839801294,0.5317836376150129,0.786967028732936,0.5503729521067043,0.723006742930469,0.3607385327516855,0.06032869754957535,0.3988096745501573,0.4062199533157162,1.1219188976149919,0.8205218310262266,0.19180654611683942,0.04167603769156064,0.4592051477230744,0.32014186605816924,1.4782887722861038,1.1455181571297057,0.1482905533080651,0.8032406167201614,0.7160820693235738,0.6966524045978383,2.445076491186707,0.4710700366746809,0.8729793312238958,0.9591622385606058,0.6548387938840732,1.4651659529605592,0.5868474306482037,0.9245984236869155,0.28501853694629853,0.1755772576828091,0.7410972267650459,0.4894620498472081,0.5112565614251079,0.39093846204123345,0.9105833479090976,0.578971287667057,1.9822498258318149,0.5648589208658172,0.6779145420774642,0.9898625528073182,0.7374732242676217,0.18310284856227496,0.4354641795488354,0.26833345153603777,0.7104557964889927,0.6197275075201799,0.947891350464166,1.038091160129121,0.26800826288441526,1.0238804931625272,1.1335494285156327,0.2205644541501994,0.6787143367921535,1.2773346222039679,0.4299707896387038,0.5135815002370785,0.6755727385643172,0.5710403779864403,0.599043601858147,0.8091787491782417,0.831873108363998,0.49994899987772107,1.5645121943893399,0.2672149394173068,0.9281247375521734,0.04448673573230946,0.5407099028481317,0.03353801800578923,0.5686998525052469,0.7305880649500214,0.39965276086575874,0.528558001123805,0.8753020384021285,0.01,0.3460218571377332,1.3032734935445531,0.1788118528324867,0.2959472120089675,0.06451811935384616,0.348699980763879,0.4799477435647019,2.3864330489314973,0.6972194312263361,0.3627896228252981,0.11473825352392115,0.29808075362622705,0.24795962802053378,0.05062718816532733,0.17321233616870493,0.3729066083804136,0.41965056024536446,0.8642748363622608,1.3434526117150283,0.4120702132527523,0.9500892405912105,0.3632561766565277,0.2286941895403003,0.8339145788214327,0.35814937005863284,0.25735361979771215,0.2184852143322285,0.09934342737868017,0.5273943661059806,0.31050079048973955,0.9753725875013124,1.5820806039609987,0.21723777936219166,0.13848031919684914,1.3705715911041243,0.569211826244994,0.5535811545077176,0.6522068345091182,1.095574831013166,1.0903920619799916,0.806080562370937,0.1777243561913375,0.07728729825055317,0.17932388743355332,0.10808511557061747,0.875441235494104,0.29231394976051345,0.7938161094052705,0.5069070950098368
MAC000029,0.167997805276941,0.1231226100688891,0.23236680167392804,0.17994477082544147,0.18528838126980945,0.24731555323731172,0.6184032297891385,1.0411649743678053,0.9310505146404162,0.465727893269096,0.413458889868172,0.521799903550305,0.5780124971621351,0.5264932673667315,0.41866824202908476,0.5506862959506587,0.8355443048464146,1.3582579589277848,1.9149544199917095,1.5989705705128732,1.4254542133922534,1.0568977711926864,0.4944946381356339,0.31220363631272385,0.26047353132182344,0.1925217282399149,0.2314628382319585,0.23006735942405432,0.1999260289149796,0.29580631385469336,0.5763191946657451,0.9496219954422034,0.8216405742576074,0.5143872322543246,0.47648556039933915,0.498369274851316,0.4901978815685638,0.5434899347953682,0.5452741492546563,0.6199221192513671,0.8771793342660126,1.3727607171255287,1.9002029881202847,1.7263558496767832,1.4899689655868114,1.1006476884774135,0.6306174661022017,0.33901496906841827,0.2251022225170177,0.24034562728640785,0.13073224686416787,0.19747340026022067,0.21512724351566587,0.26519753155366627,0.6424626444177789,1.0645987627766427,0.9668458930545427,0.5310598061764265,0.4448909790392799,0.4394957152275263,0.5304081184475946,0.4864316449971724,0.4082371285543792,0.5621418681009167,0.7875092087816347,1.4300215954722284,1.9117203057716547,1.6577221338956385,1.5500065755790573,1.0759485446169215,0.5879407521272966,0.41990283183494254,0.20688633178196764,0.18692071261069199,0.1325921249192094,0.11196914053656835,0.21447356160487746,0.26582933125994845,0.5011900496278378,1.1099291025469746,0.8310894323727234,0.4516904484656149,0.5053145852108214,0.42406878928389835,0.4189988871079722,0.5277626949199682,0.45595877634286797,0.5621398831798943,0.811974348118979,1.4123055039742256,1.8087703198900913,1.7928736614386886,1.3905796651452411,1.1046198421700342,0.6687978715680515,0.3440325047828645,0.1780223334308291,0.2418662571207745,0.10326299942897761,0.12247284009228501,0.22263915810776957,0.281881463081609,0.48316545585534487,1.1697290535638536,0.8648680119849128,0.489215592604057,0.45847348757827383,0.5151396240946127,0.63287634451892,0.4136162132016086,0.5124495582632218,0.6101731239393039,0.8208411222427832,1.4400856917641005,1.893119982867072,1.6499697784610503,1.5518795144547526,1.0044379836792707,0.5799260073122836,0.36892570914332856,0.3254560813540729,0.17559471492459738,0.1512093426272728,0.22440996732504154,0.16325780285650862,0.22122256575812402,0.5521608974748844,1.1509156880264668,0.8949117997766679,0.6058863700521908,0.4825810212750633,0.8016453374247348,0.8873749451776006,0.8039587147647995,0.787730296284486,1.1469768517880878,1.2286305932881794,1.443776906473623,1.8152472662198416,1.7975471210244545,1.519361969250358,1.1764571608040666,0.7283475287941448,0.3080606284196573,0.17371708123122465,0.14081815563908487,0.1056090049631915,0.16897865534283288,0.14993353737999138,0.3837743284427837,0.6682566333408819,1.082053016632226,0.9891348607314007,0.5837601884613879,0.42314894700309263,0.7334250170431309,0.8739227107063102,0.8143885141179698,0.831477229074216,0.9274840535805375,1.1808502507314502,1.4269062440922475,1.7857801846310608,1.7396359315888859,1.4424103815098608,1.0923752063293624,0.6845623136358319,0.3207951041634819
MAC000030,0.02498372577782977,0.1274558974641978,0.04998198597512207,0.0725060548376695,0.14914889699532352,0.12303546746900754,0.8556462376736955,1.3981266684937457,0.7517413958345895,0.2530551526705562,0.13808408032755576,0.13206674734654536,0.18464787233333863,0.1917200750024827,0.14863687393700659,0.17775100725054577,0.2597945173901134,0.7465055372424277,1.339853633608448,1.4452836670753404,1.2536689586510734,0.7429757638066338,0.01,0.04052968996229831,0.12795469812695495,0.17845903684011993,0.061372653463622584,0.06278531612121184,0.18090220657954814,0.04027161845087475,0.8654933982048376,1.3386588167442457,0.8054381970644556,0.19855019083598419,0.18495429532322163,0.17252929324478103,0.1418159749668443,0.1832513914964785,0.24981125030059315,0.17725962241065982,0.2618692886060454,0.8027753308426772,1.4605010671823653,1.52435907576987,1.1179172246858928,0.7545263975619156,0.039679205883457185,0.01,0.19988951873193755,0.14638566698630867,0.043908903497488855,0.09360764538389549,0.1512891364641774,0.1903121404787494,0.9800683095523941,1.3421723484710646,0.7970373090742615,0.16097725113000383,0.14718634420279303,0.10726509783670322,0.2110561990210264,0.25478169370869097,0.2303503343513958,0.195913083924824,0.25273681654667174,0.9137633559196237,1.3950874828890036,1.4112710965371074,1.1664576453837938,0.7245724984037797,0.01,0.041637444429250985,0.09807841916147506,0.13177591893422705,0.06898277823495307,0.06590645143258501,0.05970221816747573,0.14830921391248708,0.8307871595830862,1.354381404405931,0.7677005481527375,0.1325491994242436,0.19536044218807674,0.2034065279412668,0.24468786333128334,0.2662731106920579,0.14058238806444992,0.20929762112336556,0.08069083437377375,0.8087867871153769,1.4915371618026314,1.398864525009487,1.1323770219305036,0.6255922137415836,0.01,0.01,0.11275244424711298,0.16429980336968403,0.09924667604348836,0.06556157108490833,0.1050518674757464,0.10227147042969004,0.8576735395810915,1.3094951208865042,0.7843565182150607,0.25622762054837556,0.12810662669195494,0.21409206064895564,0.23954276266119695,0.16985850479370973,0.2541663124250625,0.18852743263476082,0.13525739647371518,0.7026471650743725,1.4759125628278715,1.5670931309085174,1.2275521910603522,0.7039828948874562,0.01,0.024115421212788913,0.11853814299373125,0.09830511137165171,0.08746562428279654,0.028782956831774398,0.07782644659918403,0.11395126717832571,0.726695408424421,1.315150662013515,0.8122538038635003,0.2587177247121577,0.16518405686593707,0.16330632848517518,0.15555719276158297,0.16363675777471853,0.24868872898977087,0.27301668558770387,0.10713243799289232,0.7256518585581653,1.3434984565595867,1.5310185109288772,1.124919323541211,0.6883930042092996,0.033160921037021736,0.027613091290651523,0.03263682289997209,0.11364865616294083,0.0301477932533777,0.20177740644602143,0.09719989560975648,0.04661060423657684,0.8347899835081686,1.3512880789630013,0.8028875422174846,0.25657175693676837,0.19470176617707283,0.17486467592432445,0.22580974819395552,0.22443806288355422,0.1974951999874734,0.23203740100367903,0.16104383818485454,0.765023962221061,1.335023419943142,1.6019436474125686,1.124753097446016,0.740225172250931,0.01,0.01511120223789218
MAC000031,0.11319673907296751,0.04383107308008859,0.1653309893490961,0.15742318407734443,0.17588789078544204,0.11635063904173716,0.11102277623203116,0.9270059797228981,0.7791678194948646,0.7920920423788391,0.8408757142246204,0.9344947004443651,0.7399367858271371,0.7517523048145224,0.8511246355027109,0.8852159307665458,0.9756041640847111,1.0121630961237904,0.798950301335815,1.0365518967696707,0.9984407421717373,1.1398676409759128,0.8363939493393033,0.25778291488358707,0.16282886979246539,0.1854514887659152,0.21769459296617127,0.14524247439716104,0.25504935949065555,0.06203564899797112,0.17096709362308127,0.8670066171896195,0.6078557408838754,0.7814449230885648,0.7467878245012153,0.9425026897640096,0.8188567743255442,0.759307904323617,0.7303246668102059,0.8950994877900748,0.9896054585158217,1.033752748817343,0.7326746527148671,0.8889317331836633,0.8881394706285719,1.072086207040875,0.9256973197565547,0.323846101110735,0.12175242366723897,0.18145676491288917,0.07382789709321899,0.15901606245886493,0.18342813081685633,0.07759376123615656,0.13980582655100726,0.9427284938230991,0.5565283085068417,0.8583062949886099,0.8373304282168155,0.9864104670515177,0.7964823479610831,0.6172447097785517,0.8324070713642504,0.8455477132369605,0.986307208773448,1.036690640396811,0.7923654051595533,1.051605833376316,0.95670714838304,1.102115957834675,0.8923857697650857,0.2707831686269303,0.20079282594964887,0.07664830242806406,0.15042688075895844,0.23047708285191845,0.13798955644987398,0.1965505927434552,0.17465587636080027,0.9547256671250699,0.6627288137883188,0.7512635584002436,0.8206600540283775,0.873962995303635,0.8036312815902384,0.7160246667326028,0.8949357038958914,0.8698131389712772,1.015962859545487,1.0405340834893637,0.7060293320216706,0.9472898294032862,1.0702850665295598,1.1327204686050054,0.9576281495496323,0.2981868938586554,0.07609431428061553,0.16552396385029666,0.1573373736102613,0.16649793939202173,0.11229437601044699,0.09415402440439204,0.12619949999895744,0.9020428869446108,0.7624660632483313,0.882399182889803,0.889476351733422,0.9935833452047427,0.7669012988058418,0.6829360251073447,0.8162002261690527,0.8180552776039773,1.0135617186282295,1.0183345965495778,0.7810767145946969,1.0068006927497146,0.9037848762537115,1.1833180149288407,0.8670243396045121,0.20295320236785572,0.17660580670931908,0.21079367810994903,0.1744006743188005,0.1510402011886272,0.16550769130507534,0.156821345903364,0.09370245519323028,0.8448016295515751,0.6992755468946428,0.7955264836919879,0.8202130783406498,0.9843791653481462,0.8063444761126043,0.7315297929520623,0.7984745851820804,0.9408451776096094,0.9887371223381544,1.0993464217131472,0.7718627910209667,0.9448601039924247,0.9040420381263814,1.0645321510213461,0.8522344978907141,0.2060196845418005,0.16974100102060882,0.12369173144699062,0.15934635262772487,0.2140989181188343,0.1456095824182573,0.25395783492334023,0.09120945098304009,0.8994034593800745,0.6762511946877665,0.8383589722063731,0.707656877903957,0.8784183202067599,0.8117509707982732,0.7809497199072941,0.8169960152502682,0.7820998567945744,0.9248431063673205,1.065959776279111,0.7232054715266114,0.9083957938993473,1.0228830649709082,1.1872314300035804,0.9655095942738617,0.20249790598670916
MAC000032,0.8095676581227365,0.6613589371118833,0.608027842718588,0.5253071354851426,0.20048908135399063,0.04742518888064309,0.1098729409998409,0.08982319342257156,0.07390951186585269,0.043776229548623646,0.1681900927049827,0.04744864069155591,0.10192724178860871,0.06495414702183207,0.31453056962124315,0.33559709208634503,0.2442037755289321,0.312385792781652,0.37225303743831867,0.4007916996639266,0.6189325113158962,0.9849076760415857,1.2720854699618607,0.9502222283351783,0.7732641843669357,0.6838316388598685,0.6732606830680162,0.4855337520508445,0.3224291418435082,0.10606259961307225,0.11523363962687547,0.07651091125151917,0.05785636121320135,0.16244724296893787,0.07701073739784808,0.06880084759682875,0.08534074803153138,0.09899870806141899,0.26117534865335396,0.28447303027898085,0.28181500129402354,0.3549806202196688,0.26841847658933193,0.22492821210142372,0.5270784818333452,0.9093046089469544,1.2295957286741894,0.894286344229421,0.8291908671700567,0.7416051977602411,0.6282424058982689,0.5323465437205657,0.3202691257674726,0.09664739714115383,0.15930247538869258,0.12038909869001516,0.05845778775147044,0.06449090023202503,0.052974361102807864,0.15022500252305762,0.0690950537782442,0.049423961585540216,0.3287055070456674,0.30785824967070125,0.3274450306180846,0.4072073001840186,0.3583701452857694,0.3140671327044217,0.5550120407683524,0.9578254908203085,1.1970711236590492,0.8349239622721276,0.9111769276462143,0.7155016395359521,0.627875629639127,0.5027533489052322,0.2928796921153514,0.03144751109941024,0.19759223088059472,0.1552151666581224,0.13856242368537414,0.019826151136031367,0.09961826494840938,0.14980192132622205,0.1190028713934088,0.039242146193833094,0.28021191722389366,0.2901197980890269,0.28254471326489605,0.38915554677484177,0.21666594804816358,0.3455125619722682,0.5608180412322302,0.9347610413081869,1.0610321501883482,0.8660232926972751,0.8796649954066573,0.7280220235274136,0.565515132628698,0.5869429922720967,0.3296080174549998,0.09454992547747612,0.19108505933315134,0.13042580765675255,0.12348022679015125,0.04917866606720733,0.12071752570658889,0.1001871653057465,0.11533905155907317,0.05511832046845531,0.31912154920727576,0.2718735299785785,0.2053599999910248,0.36263183341824556,0.23759715590485053,0.3180759282284472,0.6420833164511048,0.999151766473893,1.1473648648518715,0.907036588019217,0.8276767663189547,0.7515290521917739,0.712105276947866,0.5477953161280413,0.27124524652745063,0.04401115315801713,0.1111449176204887,0.12271675658255027,0.07973244221144048,0.1165782266347237,0.07472179174805475,0.12289723402996804,0.134977717127009,0.1342789947620461,0.31860882129639145,0.26071819740847385,0.2821209523572354,0.34247447118356283,0.43515722027633774,0.29568056641272233,0.6482250938980598,0.9550209878067701,1.1128204663193288,0.8596602210763502,0.700004813994563,0.7824525645495622,0.5139266973329222,0.5228941970330994,0.2091364095090628,0.045128590657411614,0.15817373441245525,0.09940095092709145,0.04107779346643681,0.05987174480069629,0.05107354040341755,0.0871703178215778,0.09799218566490646,0.18412634008694984,0.21690156668944105,0.3109759892514288,0.2969382203626003,0.3600440313751655,0.3304575108982461,0.34223471539507366,0.6426875192794069,0.9362240594165633,1.2220820933564347,0.9334012594860018
MAC000033,0.8,0.610519089868186,0.36785155898099486,0.33591766256265654,0.4387420931405326,0.42456236826898874,0.38532737719203153,0.42783043977641105,0.4550162617264805,0.5220547197913588,0.5763299766513721,0.4939619438907026,0.4246823205375643,0.39363483465462795,0.4542666975587587,0.5838733366468405,0.46237398457914275,0.39722129551170643,0.34910223692556747,0.5611148553946559,0.6815111620677929,0.7366912211024417,0.7273836841980146,0.551555426591438,0.6493673824672878,0.5593730463439948,0.3688536191001117,0.4761187295457101,0.5058710045263901,0.6524120382809615,0.7071868879021574,0.39989965794637794,0.3008240512766604,0.6230513018416961,0.43173822366085957,0.625067137039381,0.43447690420426244,0.32568164817307255,0.7276078760170481,0.4954474732368839,0.6845858621085614,0.5836407321009613,0.35118966117595085,0.4762126598598124,0.4163819459602708,0.5558130112777202,0.5361914786471422,0.7628222869206536,0.5939548759338609,0.7518329194777547,0.6478875247152831,0.7684846731698263,0.46748164764373923,0.7420974111732244,0.6740148046845722,0.4965998683826169,0.39361705901130006,0.5572373722799675,0.7538898290820777,0.5232086466342065,0.4859573068783676,0.6002256920610092,0.4024996817653988,0.46128008618902466,0.5195673133220369,0.5946772781945204,0.6349265566434399,0.6705198281726015,0.528643794786251,0.36111258964862986,0.46367497477800684,0.4739072306526432,0.4550384079028928,0.3465943967774055,0.41330266975790025,0.36107268742272836,0.349758564423757,0.34939166635338353,0.5089708935212078,0.778327459537101,0.329810576626489,0.3988237925223833,0.43617664278023116,0.32056010495241466,0.3366290601545305,0.4602575409769263,0.5608376178097667,0.32073995532677413,0.47483713518468834,0.5077343320323617,0.5125030961883043,0.5227550437924686,0.46777712056742604,0.4573212888848356,0.5629772762308412,0.6638249861729322,0.6460503797320558,0.4357199621818678,0.35871097995548173,0.3215879646966307,0.35075894605034175,0.3183754573409035,0.31607584929543736,0.43031165138534977,0.5020826701838788,0.47553464604698154,0.3114569969401927,0.349541233378712,0.3735238305427391,0.3730429709678711,0.3165972312445643,0.41062922059513574,0.33461635548721425,0.4546164668052979,0.4537278913937051,0.32726572816652844,0.3457739097641565,0.43925966423302104,0.3596660423732294,0.560032678524603,0.5963638363031001,0.48108464039466914,0.631937676480763,0.8788314630439351,0.8636270744736576,0.4629867573601844,0.5147620298309276,0.6633896657992204,0.3370485150910515,0.4127809398793503,0.3541174444686375,0.5379038526300552,0.46775448470318215,0.47729972133493714,0.4869736869143041,0.5473468683866165,0.5525757581486128,0.35456724871978,0.3014567574957696,0.3001055001248745,0.4846327834879313,0.5111234032713543,0.359704010110045,0.3931762902316627,0.328329865200473,0.3499761687312163,0.37549700256010377,0.3482548178840244,0.5552069993501887,0.3808528681448522,0.5764541179721434,0.654862054563492,0.500087044455819,0.318315363474804,0.6028897310797252,0.391773004498861,0.41478717348551464,0.43789390922431193,0.40492109878041566,0.49589233999072885,0.30733364882954717,0.5954600204787789,0.39791723233902315,0.35184791665185716,0.47684059802045187,0.32428651736179726,0.601431519843226,0.827294930303035
MAC000034,0.11712078273432833,0.12533255678321883,0.14714936390208624,0.0840020793040645,0.11570702304182438,0.13248918428013434,0.15984409457086776,0.13918539468482793,0.10501987160369412,0.1354142403789597,0.13963302847158438,0.14045152752477377,0.150462956392632,0.15937861005576837,0.10770481510265245,0.09701892764615809,0.1289075598514245,0.0893511767411538,0.08193684584067674,0.1044691642387394,0.1494951215509027,0.09509112541702144,0.12891223185899153,0.09218602092357565,0.10332099589975423,0.08994974823692298,0.07239940293666468,0.15864453491056402,0.15782393010563783,0.14547217442399518,0.09950776793740865,0.12082859789264633,0.10010107637614316,0.10426704243064377,0.13435765044366516,0.1319886651919226,0.08775230505003975,0.1126390889600676,0.15577388975700454,0.12106145877549418,0.16169579200023265,0.15506363349653665,0.1119261087898953,0.09556569038560103,0.13242448031743145,0.07418501136536965,0.11108136241478019,0.1239301626912593,0.13330627622535504,0.09084516164290794,0.12930650643399402,0.12347201391977167,0.0938513676954662,0.09954949810312674,0.09831311678266966,0.10251713479779351,0.1458837493779764,0.12885747410910495,0.13378957512706974,0.08512266077844216,0.10588455553343415,0.10592281335927319,0.10265525888712945,0.09163444308329986,0.11595936464454966,0.09368156796244428,0.1325586573534514,0.1520497563250007,0.11657139287887143,0.09173952074294434,0.15662092486949267,0.15053521541664336,0.08076527874128052,0.13372549522921437,0.12105638209880787,0.12140383869800545,0.09338344212761113,0.14941721398541113,0.13156845232700354,0.11277295881753936,0.16771150007490365,0.14656099994874644,0.08766873297483493,0.12059021696559324,0.14538980215675334,0.08160713940025666,0.11262723992362042,0.15919144250401382,0.12276741465426488,0.09888311857931327,0.09814072310248938,0.12929904780211496,0.1282966311141409,0.10662361262553996,0.1363068399910618,0.06527941205051888,0.10636697175817161,0.12237633248449989,0.07759558202078912,0.15646734038553978,0.09708600581898617,0.12414932400984752,0.11197167312785349,0.11235637057448701,0.1409119930492167,0.13619716872855958,0.13785088372803603,0.11911625098523683,0.12062874964752253,0.13260877502231583,0.13250512525288738,0.12455100785607394,0.14125827354620019,0.1579086300973724,0.11077418684090055,0.12751898314723037,0.08821502095028419,0.1149503156277499,0.13937424585777564,0.1591120922650038,0.11744849113027463,0.15064037791410742,0.07098268402862826,0.11149683788100455,0.15917424242575326,0.10470377682383744,0.08853713500970507,0.10876971984536214,0.1305201078871968,0.11766859497482196,0.11427536779719515,0.1424661607692005,0.09757776446063728,0.1370830553704548,0.07599066978662271,0.12041335076402487,0.13570442240061864,0.12340949525847955,0.14777267229228952,0.13372307889027035,0.11648714147027968,0.088733246572367,0.0893029934574209,0.16647717772804513,0.16430618946448894,0.15426807228127842,0.08980547853927533,0.11835246571684416,0.11482975231553871,0.15002956698507236,0.12353164381626955,0.1543363184976523,0.11573000789710562,0.09722621686580035,0.09595750366848858,0.08797270899578498,0.09872165992909562,0.10068369306585409,0.10715117250094523,0.1452070513696614,0.15033514068625284,0.14859347506596146,0.10285286214157197,0.09648668587597217,0.11355451423968344,0.15329824296447864,0.12267893928985425,0.09440782694885673
MAC000035,0.09479382110435523,0.747373356437926,1.2089691402563092,0.11419698884276772,0.4051822638353924,0.11702878753242481,0.7161361311080828,0.26318458031823566,1.0980597335849707,0.43004193446152733,0.722871555264085,0.2363226586043609,0.5357069758285041,0.5312546963190912,0.645694394476065,0.29104448415953066,1.0338016166793136,0.6186508288504564,1.1699559673961948,0.1322995325655433,0.5391019338861561,0.4174845968176168,1.5079771732337024,0.7593959120458786,0.4713803161555658,0.7269778906653441,0.3417101395864897,0.6643067354759824,2.0788112909506626,0.3058721645642149,0.5324707059520034,0.25460937230013525,0.21817496916948248,0.901317408374142,0.17421517003868822,0.6568800347389975,0.8633002775956335,0.3532982978105877,1.1424160092404236,1.075127641035206,0.351748661199258,0.14951372137798097,0.6936054160465858,0.46042566067628377,0.5563824797905187,0.6883049053901328,0.12432661716849235,0.33602346910453124,1.4054091136120406,0.5690119232053583,0.72163253403019,0.5337273986237454,0.7065807559259385,1.0598860107990524,0.06732775574638537,0.8244131534317631,0.46543667592891197,0.9244084795997958,0.3633401520437709,0.3518332767652906,0.16781726546107753,0.47486320821235983,0.1575923261545237,0.4436196137714938,0.5558596978047499,0.27227492730342534,0.11024888309666196,0.08333671401320944,0.20910590182846786,0.0766869392088964,0.5447824834133177,2.116247937388755,0.16491363089244127,2.4515779561941327,0.5295538710357024,0.6135919720162548,0.11763128457120922,0.5633204708563909,0.3190865053720487,1.346339238497185,0.08344117774969975,0.3238167472486943,0.24294046635571978,0.6323307111894332,0.03832448963751619,1.318436236371412,0.6142177829586994,0.5834346036233351,0.17280614644022443,0.8558365357323313,0.7957247914364948,1.1262629601024754,0.38469673463672227,0.10914176522364423,0.28228842188896175,0.9483618025729745,0.3259276752384997,1.7245060439501294,0.8704429267541622,1.5692916262505285,0.3410242276220122,0.6738440541921434,0.21071245672126618,0.9032816253253759,0.7108934578760026,0.8361392406921021,0.36682864309998403,0.546228436226306,0.524776886021493,0.36827851440194254,0.57106085993325,0.6468234965698778,0.7348514323155474,0.36104749133689856,0.86946054646727,0.8299942414976511,0.7450391966254718,0.9172476931578739,0.4323091787731137,0.18475641459652242,0.8323666900827372,0.3117273719157639,0.1153167378767228,0.31891881993446736,0.561709204236715,1.2492289485378547,0.6509551136609222,0.9134648917602262,0.8195657296875839,0.6283292776021024,0.40599631167803424,0.21003297471994908,1.8652005322406704,0.3261805879185526,0.39982972377119347,0.45632638303674883,0.3192869539608488,0.7193589329008148,0.3238882946631934,0.3927779571601274,0.30391220906555766,0.38610719222900364,0.17682373611607236,0.14049067008331853,1.4311168891048884,0.9169018202568749,1.2836196179834307,1.361505964983887,0.2345737192873298,1.2462697884743805,1.0289348473765088,0.38354820187165994,0.6463074360674159,0.8953359748742824,0.7657736687813187,0.4590148889396528,0.5679401241502628,0.7016774863668175,0.3743108550266807,0.7572384246462166,0.2825694207031847,1.27329109394341,0.9965579813406433,0.9081272394940547,0.6679631017917328,0.598212384939004,1.022418392840398,0.19354447398606456
MAC000036,0.2511068006823208,0.16931997504820392,0.05474984415596332,0.16988828873463646,0.09517934971859351,0.26472289187241477,0.4977345613337435,1.103143959566383,0.8035595507769082,0.48018077636708456,0.43250039346537045,0.4563803334648614,0.4844282799256075,0.4015362774487229,0.4223430229034147,0.42716535897699387,0.7761529450234904,1.418259211362176,1.6858711650339275,1.5783543398021196,1.2524681688318482,0.9422924550651783,0.6230303303804762,0.2746091289240376,0.17178480062807194,0.20188006690885138,0.17924495568133247,0.1333360292416836,0.16805568230975232,0.26046542654207,0.45879117229041666,0.9794237430434013,0.8216985840944673,0.4582105430666906,0.3085238462927633,0.5162815586907119,0.4310937023001727,0.45467143978292235,0.4440230231420371,0.4977185688482642,0.7640004842179802,1.233471218042377,1.7843915618495714,1.5483535514636872,1.3750140210618658,0.928459018433121,0.6143523915669674,0.31111277939387577,0.13852655434803035,0.12023237965947745,0.09639372339813493,0.1443618988943431,0.3057102730772425,0.3912307234751611,0.504367039480388,1.0310614224911727,0.7469150407534697,0.3574276798980742,0.406331211991411,0.46681374278511745,0.5249251458197985,0.5050499360329611,0.41141121379021695,0.5240617181752295,0.7928369832492416,1.3319081125685057,1.631679955834301,1.5719128096673758,1.362541185210984,0.9904680724498931,0.5471863222511452,0.34712773266770797,0.23467035375155057,0.1354539573411574,0.07892729706859791,0.24176638012687673,0.17129726688765592,0.30136445387944566,0.530934458762337,1.0356063134563704,0.8135628175112956,0.4919864692113804,0.34932542932847754,0.35124320267870685,0.4619384445598254,0.3797753333217875,0.32208439897778796,0.5355470304630006,0.66330697469839,1.319709473905182,1.7490959166627147,1.4892294526896463,1.344496821565768,1.0759871504225935,0.5546895240833792,0.3775154203777401,0.32782903395358765,0.0896291049170026,0.087825033283086,0.16699379400264952,0.2705427099504508,0.21888609655583063,0.6422462393480175,0.9896882505243336,0.7112411111725063,0.5421548780822412,0.3816207544507735,0.4619255208692703,0.40280385224086457,0.4134024476261812,0.3530898908581695,0.44030996824038754,0.756677024662893,1.3005735645819225,1.649698730921816,1.4895212496372088,1.2662582570531586,1.0016719250561734,0.5838230245005921,0.3663768312482679,0.28610411968067767,0.20225402615103463,0.15924070893420422,0.257225062293317,0.14818155708250605,0.3736307072651392,0.5916538308837264,0.9681941727066716,0.8498458364211211,0.4518707537376809,0.3329821767240164,0.7890972941835878,0.7624060201346026,0.8127132644463793,0.817957478979806,0.8596143216361999,1.1133229173179946,1.2829542735554895,1.7192541176869987,1.565852715220979,1.314327225361544,1.0230374629244408,0.5862164052597146,0.24019525615733223,0.1906695315806682,0.14762798494416768,0.14616220105345681,0.14078877140678486,0.06440282922782807,0.17986085380554753,0.47281662153563037,0.986313197315921,0.863295985760127,0.38244861023496857,0.37119619961939637,0.7870755480541447,0.7891923866672306,0.8054340424867814,0.8099472344458735,0.8326190900917931,1.118154218374097,1.2665087309765675,1.6195815406925786,1.5543348580024345,1.352896839372968,1.0537775933926634,0.6605006831181272,0.3185888611801658
MAC000037,0.11615384983674068,0.16232988671551088,0.1381348848229692,0.19540899433191475,0.11378842593091877,0.18447473284206387,0.9573855305790828,1.4751212833018128,0.817816264547846,0.16380065733359536,0.24997887983236727,0.17988819983738907,0.1653740361404958,0.252712239375311,0.23342399791585466,0.2651550775345331,0.24265545395588295,0.8304463345591064,1.6314962087652518,1.742460476676428,1.2561949374297579,0.7043579256681508,0.01,0.10182911783360403,0.10957808232426836,0.1918586266046815,0.1067822615613559,0.1746572280123454,0.17533986981323815,0.17784481243294803,0.9960060198655415,1.5880466776847584,0.8870196120366084,0.302701964859257,0.13602948823282135,0.23443979077558394,0.23119165801902633,0.17019948610196844,0.24600468948042992,0.1425213446134121,0.18431626210422658,0.7681475229240816,1.7056224137899632,1.7246263524406793,1.4104970720942736,0.7997366706988251,0.022404910667551223,0.01,0.0778977852509748,0.15636386573019306,0.1266395865716967,0.06325177126108074,0.05437236620992986,0.08228010057816659,1.0676630140284051,1.6298422446462661,0.8783513709344175,0.22447261820430742,0.20020945980076696,0.1703012109767679,0.2857844312726052,0.3107042980870998,0.17235452410027874,0.21288355947101292,0.19453216335673462,0.8470899598257232,1.6869865007133156,1.670605749869638,1.3254763549002733,0.7960010797381437,0.01,0.04465339134933864,0.1375978790622183,0.1910717830931514,0.054105021789053076,0.11277652398500233,0.12662462989279408,0.01,0.9223170160861668,1.4784983860277616,0.9155122133101395,0.18168331107651298,0.17612152902694417,0.2578997674250526,0.13612994610274026,0.1134632750200644,0.19894586338877568,0.14464013998832526,0.14654151365926055,0.8967736031533712,1.6714897798374515,1.7756470379305502,1.3575917033688196,0.8216458903735906,0.01,0.02252059799647333,0.10373487705686786,0.09284407473582398,0.15823601864578107,0.043700513040558206,0.042659856741729785,0.16189392423943166,1.0010039536406383,1.5260149815392765,0.8241062433328152,0.2542169601213492,0.2510406229952668,0.2212907041446157,0.15815942632875443,0.19576306110576766,0.2589171622684652,0.28338503953233235,0.2006986482234266,0.8556182651785589,1.6196066325405694,1.7499484775834926,1.2730995053504568,0.6148799214942713,0.059638450082354834,0.08973444735812747,0.09959529405506017,0.07688261858940709,0.12336026091583469,0.12084009284890715,0.17999121589349376,0.1329472591175977,0.9369835112465343,1.4532578762177986,0.9113836228099557,0.24700104045045548,0.27005347229683396,0.1686161408561883,0.3089473233686595,0.12984075303938114,0.25250552946231697,0.12154634003239792,0.1775089093073196,0.94615306009137,1.669259300665622,1.7088928063635849,1.2762110182123736,0.7646202799146226,0.02570704953803614,0.06257896913413484,0.10740358680492107,0.04962603386098571,0.1380637183877838,0.10734374515992605,0.06518360179792343,0.1450987328009855,0.9659589650604541,1.5345039590691907,0.823379703559613,0.24136100490851795,0.15117056855449407,0.17563890890741385,0.20487976683787912,0.3041163991402287,0.2562667468196677,0.2708851036056325,0.28787933005940025,1.0482435203595157,1.629770541319744,1.8072238732944368,1.352784633073555,0.8093907995382268,0.08871198090200906,0.01
MAC000038,0.18777524532327947,0.1749382426744939,0.1256132502213551,0.06731238324585923,0.2111586558859373,0.21321771827515662,0.13912677734818174,0.7720717810665685,0.7128888297921109,0.7452409421157515,0.7953274383226495,0.8512018725618652,0.7927953948345668,0.9254068487134367,0.9256048078502704,0.8009338860925791,0.8844241044357003,1.0104778761239097,0.8403355477522535,1.153086736837098,1.0741895226086178,0.8972690509989261,1.1387877376043405,0.3088935041421035,0.1303172760794169,0.16962574590400128,0.134218810849667,0.03522174779241573,0.14807820913266376,0.08792353128155908,0.2135744532442064,0.8690227353311413,0.6840537638063325,0.7062955563687975,0.7254015721376738,0.9347145904349087,0.8487936831215104,1.1049928042134973,0.8972512987052211,0.7621834131386471,0.9654617262695182,0.9371897132003068,0.8355090934069986,1.097103251422558,1.157124031864822,0.8999494611672942,1.1591905670742153,0.285314502805011,0.12707774655892898,0.22758514964988852,0.1108210347319191,0.17186558891623605,0.11989430418856971,0.06535461437776312,0.16791859890404312,0.9015688199510553,0.7231615945753133,0.6811090653506484,0.7679534955242537,0.8671607105588283,0.874665230856586,0.9231585480980531,0.8240571601975777,0.783041129165274,0.8793189581585472,0.9078787374338095,0.8379727447268239,1.169461822264453,1.0992878396248702,0.9618891303467119,1.096263489548479,0.28404121045863767,0.1526726082880318,0.15140073959784506,0.10867631410297501,0.1764072204113506,0.22025617940376357,0.09828103089185339,0.10838582866781965,0.9523314018376136,0.6757735561940711,0.728051467453787,0.8260356119593862,0.9787861538725858,0.7005714691366907,0.9728615646187332,0.9029350390552021,0.7501471838672867,0.9271312552064075,0.9054638574260218,0.8643153588360676,1.0639283145291807,1.1044281334082486,0.934402072439736,1.1855930805256305,0.27137759005546785,0.14935678090166743,0.17731943821546298,0.18900980655997723,0.17890051775776283,0.11663475310615476,0.1712302254222998,0.04402240821803091,0.8817984928594746,0.8024077095592717,0.8002503698369019,0.8191473155134328,0.9043867536725921,0.7844512942379146,0.8718951309649934,0.9630921572707255,0.7200841837184024,0.8501869685376418,0.9340795588915926,0.8880393825719655,1.0932435915759138,1.0314774001992266,0.9053594042155538,1.160634750050904,0.22840913451682032,0.106891829204798,0.1977397399907507,0.12878741426939572,0.15922444418009896,0.1394778057780128,0.1499783185790695,0.22648051470822955,0.8336992091149938,0.664764397655177,0.7371762079578362,0.736219950471073,0.9189134286258547,0.8674147894787494,0.9361821468754745,0.9128083665733986,0.646037218899343,0.9350773167441371,0.9144793007155851,0.9028449355028333,1.0928189337909662,1.083421836296626,0.9048388346539471,1.0805719265349714,0.3191664874274176,0.03880734688143822,0.1023338271631727,0.13389650875731773,0.2248747857956726,0.18539081603190755,0.06809798565285563,0.14422452844374195,0.8411689710480279,0.8371988051908008,0.7387929252356397,0.6976286892077602,0.9242132677683679,0.8198113427457622,0.9577557024806282,0.9472090240421137,0.7736115145257029,0.8952849122193959,1.0046569031327244,0.875359955528347,1.0187834073159545,1.1375820537444372,0.8529675702676031,1.0633469965716909,0.20889499055759922
MAC000039,0.8131982975320995,0.8261594032231666,0.6181422397663177,0.6320941061665376,0.27579829191973654,0.21050086085817826,0.08500265190026024,0.10975437427300255,0.1072635001019535,0.0654206489863064,0.12289262634869316,0.11713203368157978,0.1511677630974426,0.13604989353082497,0.35945369577400854,0.30915732148438935,0.3106105456829824,0.43294686148437844,0.3544536544760037,0.45392428390285344,0.6592797156424076,1.2099932832454348,1.2531821093521993,0.978355924946012,0.9223548762727234,0.8500971005925606,0.7340966465454687,0.50450958125915,0.2714623818275252,0.04275136039284067,0.030961879648300536,0.09921590749398987,0.01,0.1500228747262835,0.1372669869797326,0.18099801056272335,0.04669525411348199,0.05161531985295232,0.4027045088521773,0.40648599764729637,0.4175292066677557,0.40780446380917973,0.36105359172097423,0.32709310531482905,0.7369425995145363,1.0782101805732873,1.305621955156479,0.9811862020481972,0.9135793229354124,0.8623235138924862,0.6827201879193484,0.5750959427385254,0.2947757611854709,0.04107852417750752,0.13323354554142547,0.10585346654657053,0.09825808166250316,0.11646015198842151,0.026329925117101596,0.1700601438087152,0.07404510111160333,0.08128967291970837,0.3933481883874369,0.38065799570337266,0.4500394644556538,0.301837669547866,0.30321388767146795,0.29030285605695394,0.7068687749889818,1.0867737636003603,1.2655928549187716,0.996991567460488,0.8486405873144327,0.8775178925478907,0.6652310507893255,0.5716078945228112,0.18073756204124375,0.017751819737302776,0.07062545906056804,0.08475275565469842,0.13599657328668355,0.025247312470994668,0.12263605873259953,0.13123685065823493,0.13387482758731062,0.1518105103993652,0.29200032001117937,0.3771578824886469,0.43835436985007575,0.42010981556376314,0.4446941103782387,0.36214648300439656,0.670600015231306,0.9737824806185698,1.2382208836239226,0.974005164943418,0.8829919352657972,0.760632513085716,0.7171711959163496,0.6099056231070644,0.30213020958790254,0.13929220171978296,0.07654574695458058,0.15482699418029883,0.03983825505824958,0.08484852377121083,0.11595465955122838,0.01,0.07483374935788205,0.13561495336679102,0.3287292441789176,0.2589656896263267,0.3057291994024378,0.28284035823260417,0.37490651973964406,0.3559606868498658,0.6221196357155283,1.0184043237816731,1.2641149439997055,1.0018397878608443,0.8666543292126312,0.8177314980969844,0.7159712695192346,0.6267803170501025,0.22941586578395495,0.08623652977012389,0.1537991572331494,0.06643429598705058,0.059349956002563826,0.07561113752801674,0.07435697514520853,0.10610117697664358,0.07095140743209535,0.01,0.40936205861804376,0.37541737202700826,0.3575504168773526,0.3453876978103343,0.33396102979468506,0.31009799245068637,0.6063134813113182,1.1816746835097343,1.3014024581418753,0.919719825812304,0.8489400164662599,0.8154441963954298,0.7144192328932781,0.562789775084974,0.24618915945727607,0.07141646345431582,0.01,0.07624451683910657,0.07677632711290155,0.1763598696076798,0.07749327381137616,0.1126699339295768,0.17994189939223246,0.04666310069789523,0.31886179317756835,0.3231261190661545,0.2663673231965841,0.33702137370623664,0.40826590292435266,0.39237404286091787,0.7593062721091907,1.0686126652410346,1.2438986809903694,1.1130777572141541
MAC000040,0.8,0.6090422460933564,0.5691218763491848,0.5271090227517627,0.3850109544890259,0.3832353904367985,0.3435229131768449,0.35836087447875964,0.39406317703667026,0.5608782716683696,0.8483324357181028,0.8521088142795319,0.44346591102170385,0.45405170057178706,0.30085644870562034,0.6180244349347885,0.6897612363957406,0.795494369901158,0.7019657789389357,0.3618189878760847,0.4154000823912512,0.6408919417851513,0.517503447186014,0.6678579914677714,0.8868819996032622,0.7237561397408778,0.5369273981215537,0.31997609195735766,0.36134110775456363,0.3337213295358041,0.5793520454505192,0.3152679379734765,0.3204002375346541,0.556846040057452,0.5566489543688742,0.44577741216485284,0.3324455862203559,0.36401927228102127,0.40762505914379277,0.4677820853722807,0.4326974333796101,0.3576568708636382,0.6209911976997371,0.6227465715353853,0.5622522436110234,0.3085994131319455,0.32153981112238716,0.34564021347429424,0.3235989089205462,0.3228026164272706,0.40447933752158777,0.6752595458987725,0.9100624865556846,0.7721029590034367,0.7046110739568947,0.8402867235236935,0.6827207392083295,0.6889193756948739,0.4214155123182818,0.3444357619974616,0.5067440139948922,0.3473286654280257,0.3162888222615676,0.5239148301441422,0.43292912156833885,0.5891510516487897,0.5450782236595044,0.5599355985569776,0.5543364149592385,0.6983990741740467,0.5209792992748292,0.5755746174453567,0.6682934379118435,0.7585189740053511,0.30498359792925867,0.3861534732928277,0.5174906981649063,0.4406797807880769,0.7079143685181986,0.9127792100304892,0.434070158741428,0.30789921081656996,0.31222697836739427,0.363721130951393,0.36974198677592174,0.5019090885646702,0.3565651876139059,0.3704161146214648,0.38692527615675587,0.39183473665118373,0.42267140637107004,0.32515204379309115,0.47147728331615346,0.44584487144283713,0.6544213784434865,0.4096091705543863,0.38050694231077775,0.4962345453837296,0.4271815764606411,0.43583407702124993,0.6408396004907251,0.39086558969772217,0.3306931180899108,0.8049628801446864,0.5594673910407597,0.3268751310462887,0.32619298948854436,0.30704750549219506,0.30576020482188965,0.41334613419476973,0.32025373284785524,0.34990149988388003,0.4021176314805327,0.35954418343251504,0.3844953283988525,0.5937511969289659,0.7999231214550813,0.4780659394981456,0.5022178575524621,0.4008772646520993,0.49182653527260334,0.35944925175976883,0.3495346838373464,0.3569752757313084,0.33831655173548236,0.5543952887367651,0.7256695556666908,0.7123834791360302,0.8266996747015529,0.6682919041409863,0.6210936131840115,0.49559316320720437,0.3468603849815426,0.4454359225328823,0.4888317519981408,0.4443348350121552,0.4078809488622901,0.4450215189892587,0.5553874392148512,0.44111760389403476,0.48520510301170194,0.47156078344139996,0.44436899729791524,0.510647063326003,0.6031730454981099,0.7692334287623883,0.6739028134235223,0.4876358279260992,0.687271992277567,0.5940611679731491,0.47837438807612775,0.5822178516164676,0.30165788301986257,0.3566138930908642,0.35764937308662487,0.36742745490466544,0.6161867545671575,0.3858272551727615,0.5076982566424567,0.491251769792703,0.35378967715282794,0.47879325605705914,0.3278949002417315,0.3878937130204627,0.44144250973572596,0.4756389641931115,0.5324049270025749,0.316633934885506
MAC000041,0.1326748432804544,0.08203488769694496,0.075013382990981,0.13648237464081472,0.13556214503788128,0.11105856058067623,0.15327017681421085,0.09522065802687099,0.1118391888233425,0.1122181259862429,0.14714608224319992,0.11525724619853685,0.09918926163482149,0.09271279598395407,0.13006360884910417,0.15336005908711334,0.09457480118595916,0.13678091084314603,0.14283700098078406,0.09182890748380898,0.13311472562038498,0.10297870577327377,0.09666922714368989,0.1517737260443566,0.13958072189631301,0.10346943871131246,0.06853239394591125,0.149937834789366,0.13726889492352642,0.07962634926073563,0.11261056685664907,0.08519694862564177,0.1018190658418136,0.13148905670386785,0.10579432476209481,0.10342361844221547,0.1512786867099708,0.11347393744054685,0.11077423800769401,0.10486730600161183,0.10732588865372646,0.08253974560018941,0.126501946152826,0.10499696889229995,0.09049688904065983,0.08738383295147698,0.10616630079662509,0.08741585621411906,0.12299638959541316,0.11193129106858274,0.14241736959121565,0.16309943718992245,0.1228128104733687,0.14038379978825874,0.12250973935920026,0.1666632646071698,0.09265046340038394,0.16173456006705786,0.1544027232016933,0.13167388056202067,0.11116851090158061,0.14184267646205423,0.1240664709684973,0.10876276921259781,0.1346083888034472,0.10058730395743677,0.08044321529976788,0.12357478367480766,0.1276710830829577,0.13601862450932586,0.13596473133645354,0.14580205577323194,0.09673840568663797,0.10973406317457117,0.09727725120602895,0.10823079074519418,0.1564335848994925,0.09584535282514073,0.13288196920925416,0.11933691558956831,0.08711542636942816,0.08625367848856412,0.1413167489401604,0.10570609368578844,0.11804308124036743,0.13751285442020675,0.10310824242183587,0.12306651883318874,0.10489954799040208,0.14974090115739191,0.12222461997376756,0.10697496428681821,0.07629181563037317,0.1451288764328041,0.13505249496633967,0.1468427645998104,0.14046861143298822,0.09357446535058216,0.10961370046982356,0.12851019321785628,0.13977698583743559,0.09656939952011223,0.11878925328481654,0.1524591631219967,0.11423727436819238,0.11777734050323832,0.1392935379909984,0.14912386667412392,0.08942758121203508,0.11244974825284401,0.09657749816717752,0.14614431161044952,0.15630078256268398,0.1486643921830047,0.12050607672075449,0.08101391866690756,0.15465573237838964,0.09277906154757132,0.12025514119128293,0.11772363229660437,0.10076004142672824,0.14835579668924556,0.0887293992663944,0.13105412477264955,0.10945715974410059,0.11987768776052607,0.12605231605156708,0.07620205305020379,0.10925108383944485,0.07837815766112022,0.088808820778188,0.14914631503037953,0.09471327507121732,0.09682339505779729,0.11255087739633628,0.13376767530020972,0.14633987319558533,0.08904814262840019,0.1433662251214419,0.13825562110198714,0.08244355337095703,0.12982587626338166,0.1153209673743825,0.08801401299694259,0.12846974693502416,0.09885999577026224,0.14475852337660342,0.07396383212502412,0.10601363757474945,0.10704575379381306,0.1312378824665034,0.14215749908289255,0.11228442112169976,0.16122173298085613,0.15487750118773488,0.1252270873468366,0.1584912463021092,0.1213361006942809,0.0748930276023251,0.10224423990041548,0.07395247518401653,0.16282849765034832,0.10896663504727652,0.1296616186325821,0.08653800766105858,0.14247620557905086,0.07906914565398082,0.12736205749357554
MAC000042,0.39899508499866215,1.1116437084737245,0.5882067526793532,0.4507014642261711,0.4996812480831221,0.44566779415505064,0.20287618540702282,0.8446959134119725,0.04177914546171814,0.3489092795225449,0.2703065440173416,0.355522127291152,0.8314468089753964,0.4539005672064598,0.5054729305923436,0.7981745374413,0.7576589269534949,0.7190190071853034,0.5118581384709683,1.065764314426262,0.2626660310458138,0.45103814575343365,0.3630415172468232,0.3785855761685891,0.2341899074993689,0.9199802711203727,0.773089483015313,0.4411210102452826,0.6886094932091363,0.9589768809325272,1.3968657980608719,0.15374679865135735,0.46404656917655795,1.1492610997043404,1.9265924912092953,0.6451186332453435,0.902178832116026,0.02137153610479482,0.6699183209114058,0.4286843146853095,0.8418460924158345,1.4539291532589373,0.5077872954928729,0.4889836223761589,0.31925053673831627,0.04419895079698569,0.34113357987319143,0.14282930539678937,0.15881140832362065,0.6782184774561232,0.18204618009096635,0.5413725227838522,1.7819757953473483,0.3771001765393948,0.15965747133586985,1.505775028449651,0.22677555810136088,0.35256374551684294,1.0204024313993598,0.19641200462684202,0.3279920955220665,0.18616729593383066,1.010494796351801,0.1788154340841379,0.7435379906849902,0.46942280675779546,0.3127844147484256,0.461221602107447,0.35675716818077474,0.2617065042485348,0.08026548279549588,0.19256829556377428,0.5868396598982444,0.39833739787161637,0.7331030915010083,0.5400681610481275,0.024344663519625852,0.678025008374319,0.16536282998283758,0.5010942177166987,0.1090961969940168,0.9809425496536314,0.8558053140317338,0.41407973190606634,0.8325628446723362,0.20574693750857684,0.2927269062652235,0.9617238120443707,0.01101427546782839,0.4268027302282846,0.641903191262122,0.3371043272471524,1.1482937329647749,1.3726722859977876,0.6765248756686407,0.16673859764898458,0.8435341297128365,1.725872410248159,0.5201102745818676,0.44391568121855185,0.21898489409740404,0.617460610364389,0.45535720979065936,0.03614793782468647,0.8067487449553081,0.14783597435265014,1.9259285980151952,0.5464713550387085,0.4154496436062966,0.5275663651644463,0.5025359856833628,0.35751929716567976,0.09751054760703985,1.165759652085181,0.5219054165459813,1.0174104545624922,0.11317874093965563,0.25189986690928534,0.3329210788411668,0.1713250860853287,0.8056561642347568,0.40210134996430114,0.6052014112369891,0.2880799759339257,1.0476380931960998,0.874931865909534,0.7875696299954449,0.5455732278958246,1.1662624505634471,0.8824350131526385,0.4663162824259955,0.3135591747969249,0.40056042349811194,0.6996867472228419,0.11220579323662554,0.24193751766370059,1.15428829188969,0.9802910595478591,0.4031436282221192,2.7927303061667104,0.8482451781942209,0.5259449092515653,0.9927772548257447,0.3023305951338314,0.26260947276616187,0.45243403417489986,0.50658167968852,0.26312335538378495,1.2635311818340746,0.37336082738713333,0.0856260301470684,0.5466460194655779,0.42458306972276866,0.9156232527248653,0.3054572800134297,0.8111142362014968,0.6098195362467281,1.0342753072351933,0.5429270338311029,0.25131441796629794,0.6332138566788995,0.19277997264520116,0.051399906343145695,0.26921895036482124,1.0806912365897106,1.6169958383192375,0.11027334190973113,0.9564631283328522
MAC000043,0.18388378053531163,0.16323748309007163,0.08708774291037653,0.2067769761887288,0.04101945491223552,0.2046103600369619,0.40164360020358986,0.7517687755611664,0.6068964738895476,0.36638321510592525,0.3096134167290138,0.3288008224333381,0.3201317879646516,0.27665733812972965,0.32480054479789916,0.3924678051831596,0.5860863720199163,1.0030797355472685,1.303275516442703,1.227097460033048,1.011675811193012,0.8555011101176934,0.4184270041569305,0.2564993714653903,0.1288396047075004,0.10049512645908353,0.11125144110736027,0.10490765228131234,0.10538290371927961,0.18752836551063315,0.3765819328583226,0.7993901015458372,0.7445392533197362,0.32298914538988227,0.3405879692818305,0.35064209664000157,0.4184992576207498,0.3924025770450582,0.34949700341861045,0.4105815816022311,0.5742157050513353,0.9702628077863121,1.3245583504892549,1.1734883896530743,1.0246594270923133,0.8346465008831576,0.4633396226184135,0.31968162788543486,0.2385112384961156,0.1286727306735878,0.12038565448514502,0.09492706806782517,0.0877256352142598,0.1540537521217285,0.4547301290378107,0.7897351836838116,0.7341097697942531,0.4153338098977377,0.28432915861828184,0.39041175780030457,0.36981399275900756,0.41840591447670467,0.3149096746955264,0.3599513123958525,0.5561504611806871,0.9712775803209982,1.2873880453059108,1.209087417443703,1.0971868201144486,0.8691060300728384,0.39190453578675377,0.33822405908031483,0.141143858364473,0.15491833002944036,0.027312061246798067,0.13622111364270573,0.02809030339723699,0.217398918703857,0.4254354127594529,0.7888542013743026,0.605034108658554,0.39420754297302535,0.34044388356593613,0.33789700960691005,0.41866028507288,0.35278272169197933,0.3656652265031155,0.40627864403828157,0.6067733145892347,1.037246972495507,1.3095050048559422,1.1760260019112485,1.0681561768755943,0.8387733885901757,0.47337156021230126,0.29095552267347596,0.1629202388383624,0.1744801361079887,0.10072259196856607,0.08732442371911985,0.1836208358817834,0.17517524917371463,0.45704615773057355,0.8346005927574147,0.6701204627933035,0.30426943327291156,0.32224755355622514,0.33829464893603517,0.36026780694735466,0.364700508387576,0.37768668593255483,0.3896449774014262,0.5873690813200739,0.9964578787501445,1.3875941858140597,1.224862800333429,0.9926319437100993,0.7006320777100035,0.47655048989272747,0.23701431994436223,0.19846526942681833,0.07096320404397209,0.08307375444493255,0.04349092029945553,0.15008645901548628,0.23414454211958124,0.4295038682898161,0.7250070036393371,0.6044914289846672,0.3784469086821209,0.23650273768888205,0.6863379015695709,0.8109130373809145,0.6985651515612358,0.6147991366060798,0.7322021480241793,0.9144035987498789,1.115526264433572,1.412684587562539,1.2742646029290372,1.0371984300611168,0.8393353027085153,0.40174102961190605,0.3288771727008703,0.2114277210341966,0.12995691673686463,0.16697867844300154,0.08765830630227045,0.06510164333312844,0.2506004157383448,0.4083104639510131,0.8093928498244626,0.7328239457681709,0.33061850563172834,0.3137208328531015,0.7768763740178518,0.7685043562568845,0.6725737918100247,0.6414754833807035,0.7361685784028188,0.9090174797936137,1.0203782314162204,1.333322358896724,1.2516797189377258,1.0123115865201975,0.7757621242832664,0.3556290228666181,0.2822987228067257
MAC000044,0.16410701544624412,0.10334999147371327,0.04042620098067831,0.12294684833276533,0.07876225859522318,0.10885245824372947,0.9002935966855279,1.4576722856719628,0.7835295592908353,0.23708890828295037,0.12244395266229541,0.24713797221765488,0.26714625506727857,0.19068798253404629,0.16127022711822087,0.14831969440743578,0.2009253869278911,0.8696025510787057,1.4952091327393136,1.6731700225644064,1.1556292459286857,0.6901219399099302,0.01,0.010819743712397425,0.10468183493295269,0.18365200858272046,0.18443703310541448,0.11257882109853216,0.0952950078252292,0.09129908904255353,0.9616184056280007,1.3821473908092372,0.735729451925899,0.1365918245904948,0.23554852612593957,0.1339317764128535,0.182253679323454,0.20730767032815917,0.1180944840470314,0.21131336924188224,0.18597130555089822,0.7134336845202303,1.5262593233632367,1.6373879605062485,1.2224322691457157,0.7329146603061731,0.012905880798521003,0.03650760570311084,0.07402673296680135,0.051478502823256944,0.06325376276902933,0.08071192492444365,0.22241765094816046,0.08115422435227723,0.8838102782334816,1.403682654919852,0.7909615555607928,0.29296024158254863,0.11591949466169844,0.31146832544491904,0.20943444944032594,0.25027402131613014,0.20321819152798623,0.2429631938557503,0.15498175925340177,0.7410503165870146,1.6461540917398454,1.7132714881806896,1.1605095149525309,0.743526443369074,0.05789384572378236,0.033009411992897204,0.1109034649787074,0.22254480923252393,0.1557029744581538,0.07492465998044961,0.10197552821149264,0.06782099553720841,0.9045289819405816,1.4084109007413268,0.8465670859161103,0.23923214672079338,0.22161670309162224,0.22026968734396793,0.25436307655139645,0.1909078515949864,0.08254665061164668,0.3077481364031103,0.15666274520120016,0.8435722871796175,1.4994669783227588,1.6874994584971166,1.1651138519327375,0.6721598108022776,0.01,0.02771479487282348,0.13247169582605806,0.1495802549221508,0.12765769545535616,0.16792128797074743,0.16875981353662386,0.19704385815631625,0.9270886535070202,1.432349221031018,0.8971493864544263,0.2620698693505991,0.22813646057449588,0.1324760709670058,0.11801566885872176,0.2328350552616368,0.23489597979071636,0.16606041279764133,0.21989460011416076,0.763141676469028,1.5451070100412698,1.6475089508998015,1.242785565403084,0.7244758684371977,0.01,0.01,0.1792747723614867,0.14206558605421316,0.14572429325178024,0.12564433413869988,0.15389233506906425,0.16926637769687575,0.8785004716067578,1.4450355356900932,0.7974947619588331,0.21789240535234858,0.243961566132064,0.12961467409813443,0.14800874694010896,0.1692300862797621,0.16568251479461574,0.19408229373553243,0.28681878270377137,0.8677212993914528,1.4874685508126761,1.6610420782498028,1.2110372989995932,0.7248865499809886,0.01,0.01,0.157937269958701,0.12296213383240726,0.1474497009215712,0.20100722297060453,0.10937984149490085,0.10983807346827817,0.9983318864919822,1.4162476354839035,0.7686335926847314,0.23898384674530096,0.19031593156696133,0.16106782789361257,0.20668406877839213,0.24353403983606733,0.14424063347913577,0.1430779497922071,0.1981967857866462,0.7537973212238173,1.4526944067565088,1.6179037135957957,1.2685019563638473,0.7470999536103827,0.01,0.0641285994614788
MAC000045,0.22254881614749922,0.13022704516477354,0.12221397689253179,0.18487405454055933,0.11570263730476266,0.16372414538142105,0.15209007250427561,0.707969078471983,0.8887273023310419,1.051881302211146,0.7837116156698443,0.9759428206032527,0.6616855096523933,1.0326577123491343,1.0268261585828051,0.73127421521146,0.7591116915831554,0.8719092036092096,0.6316601704279629,1.051234671005537,1.0084858820944964,1.0495821196180912,0.9000257251792193,0.2334707330770834,0.2733294004670778,0.0908715305735677,0.19364609911786018,0.15077114854444917,0.1072766746866484,0.14758004746857104,0.08035336812056912,0.6986679610605431,0.8871574939760877,0.8861678435486905,0.7788040953891993,0.8731297283448771,0.6350341797977187,0.9238400181773372,1.1036728429011302,0.7073508129459863,0.75392830935309,0.8599910968979791,0.6914439456683656,1.0749424308231725,1.009274688283312,1.0079668952277734,0.8375914540898424,0.28110704868503195,0.1776188596504672,0.1357515245605906,0.1720972191904189,0.12770852595122323,0.10864812174826058,0.15019810905605374,0.17595163705457587,0.7439049948785075,0.9149623442717016,0.9256947528141907,0.8325790247027091,0.9041987376235225,0.7016744451245667,0.9119281095078623,0.9851823769944916,0.8328659068820042,0.7702476855492336,0.9756699473082826,0.7349620990355167,1.0585915441791411,0.95921899696565,1.0089146957742128,0.9539950801549149,0.2975535175869454,0.09614936495756135,0.18615479435767407,0.1825191845697921,0.09430955574929029,0.17702284023945883,0.09752267702590962,0.02853535161632556,0.7204373607162833,0.9023949455306174,0.9579701562344913,0.8968403093241951,0.9402603418522025,0.7149773186633313,0.9993404701344603,0.972809184589351,0.8527279731441053,0.7501722522234555,0.9133314956435681,0.6777443431008967,0.9665293680667013,0.9564644480875014,1.0561334089988577,0.8832476804342598,0.2645863583533685,0.13838190615718474,0.17152897423132618,0.10115879370623429,0.15964450059425406,0.11795229268243014,0.07308585289346818,0.14174229384858125,0.8052583600917881,0.8165753898755689,0.9696933089983569,0.7933638216280077,1.0363193146476763,0.6829735785760619,0.94626087473854,0.9365405250123925,0.8632798367817394,0.6887514384526466,0.879043088860176,0.6165034603756809,1.0889444765230822,1.0394466665802673,1.0842904693650812,0.8252163903538212,0.28035755203896534,0.06636648076379995,0.15290201510321202,0.16025387899918986,0.16550916090541323,0.17673182663187342,0.1495983198220364,0.05187852436357236,0.7551985318408624,0.8943846173242553,0.9185927069100853,0.675015097407966,0.9983188896866717,0.7691852546129304,1.0131587753341285,0.9610601392476207,0.6804042424288524,0.7703561136863621,0.9159072491416973,0.6902172387906349,1.1009861997240498,1.0239336292395085,1.0508064905974055,0.9072355753150628,0.25254838587998407,0.1839969936417373,0.10712618267285058,0.17129915608925184,0.10397045277652045,0.21682775858761172,0.17660642857876174,0.11558858691805352,0.7324722726023732,0.8468148912664659,1.0389293383636868,0.8346287676883569,0.9561289645185962,0.7854530560811251,0.9854507024123806,1.0330507631680956,0.8674902461349161,0.7318349751388046,0.9011281033148107,0.7556331843156886,1.0770707826689556,0.9437607165313133,0.9326602476222896,0.8967062512916547,0.14515429103874106
MAC000046,0.9625933965924209,0.9122460575246454,0.7423418575359931,0.545498603585622,0.2863395085028427,0.1310014508063777,0.1253678101862743,0.15056957213747685,0.09633573565029334,0.08302827314654784,0.1888244855606251,0.10413681553330502,0.05036956656376739,0.1749599682164692,0.2794067242071587,0.17945923765245061,0.3926808366787596,0.3997465473281125,0.3749121458741155,0.2890886945772784,0.7054795047916458,1.099327710335361,1.2887782591980812,1.0826363251886952,0.8584962653518237,0.8254315055739051,0.7681253467368906,0.6262917884548906,0.3656657747192381,0.1293890214862696,0.12267076888942458,0.11954502880643049,0.13187544869733064,0.08192633049421011,0.03610959277118381,0.1489054559379886,0.15929040039011144,0.11380222591012532,0.3267927177951624,0.276325642950399,0.3585018537730503,0.2867639815409823,0.27976212364498465,0.35317492237609627,0.6702345224943611,1.1305016168212931,1.3076779296146068,0.9817011253371007,0.8255838142469598,0.7669818766270672,0.6676161730512072,0.5459543285131907,0.28715764133235017,0.043840685806090546,0.09301614800026238,0.11322384604825594,0.05989478764536424,0.12247371683575237,0.03313539180243795,0.0455944154450086,0.09554242048358468,0.13555533995925506,0.39758147585134423,0.43483102988475886,0.3353820550360054,0.34783643284296567,0.30257772232598157,0.29152318217732975,0.7198516018701381,1.0744425640407425,1.3772616697435651,0.9389135670548617,0.9351472285746429,0.7593393209777336,0.6674005742151576,0.6341753154515403,0.26981583428907396,0.07541408198882812,0.060595367187244696,0.19045477494549523,0.07032896981082265,0.10378089623646129,0.09110760535076942,0.11227413845103619,0.07046643801652637,0.09116242363774063,0.37390909922657767,0.3110611418767313,0.40867756660828863,0.41348552472896255,0.3845361300848179,0.35770531795670507,0.5588929251435351,1.1344506956457776,1.2960761894812574,0.9997191330773543,0.8159607017572673,0.8343057072122947,0.6359939452124141,0.6131409394885085,0.3488427301899614,0.07773687629894552,0.16200587162624516,0.06385376645446411,0.1312249392013732,0.035963997791896754,0.15275980709884932,0.14500280449378763,0.12462118151300962,0.08153907853413257,0.2841114676054753,0.33467948301590805,0.40972685756428706,0.3607095923553367,0.2765596523012584,0.29797511680588384,0.7710805675963758,1.1376317766194488,1.2539427037057043,0.9237412788395016,0.8795774615534048,0.717058347519089,0.7006312730534118,0.729800980780754,0.2237620523095108,0.09190200220451238,0.1667996141313857,0.1386576782798279,0.09376624962486622,0.09388585185641327,0.04340779624359417,0.08782049686454546,0.11337532107682963,0.15645896252852765,0.3232027176011431,0.3447197423737078,0.3067508247390468,0.3654777577539062,0.3934004712923291,0.3856938994483756,0.6499136437816441,1.1205792994858752,1.2817770833301911,1.062585354430873,0.9027639321447312,0.7336506160065308,0.6974328622733752,0.6301433406488829,0.3158101592516094,0.07561348468222412,0.07193961587126582,0.05182806545400731,0.08146580434805782,0.058419337038533,0.1497075846736889,0.05614641582824232,0.10731750848293319,0.10391848053113976,0.4014948711711265,0.40867991322479946,0.3890099959409473,0.3718579159413874,0.301779191472178,0.30076799438996804,0.6661384565655144,1.1508321889944502,1.3193092061552323,1.0554657156850094
MAC000047,0.8,0.7754367645757627,0.5838059336176007,0.49654339575961004,0.5334906762550815,0.48792535375655977,0.4883796029706001,0.6382413602765289,0.4989361079376743,0.3064378733804288,0.44084271447289036,0.5743035063476816,0.3353872528810335,0.42467655287825634,0.5540874506923752,0.6242580433390189,0.5134330845465833,0.7045579936988844,0.49978324097100224,0.7516931478091704,0.6573266985992796,0.8362984738869268,0.5448582648219531,0.4189278517689313,0.45123787596289516,0.3429087679850885,0.37016443957178974,0.6551151931979889,0.4937388861190011,0.6458666412227699,0.5713872465932595,0.48947205668669236,0.39869657229995814,0.3527496586865573,0.31657494378007245,0.34413996828593285,0.502797439176478,0.8287799796551483,0.7435344720634043,0.45835156391032844,0.385453005432555,0.559497200088312,0.7606997901271704,0.4723053934053477,0.6771853773045995,0.4689879890581322,0.34138469803088,0.5141606301137757,0.3662480843311375,0.4905818628430465,0.65291717894015,0.36411895733992616,0.3680485128120188,0.3449783886419601,0.4258330872360956,0.35472834510754325,0.5163949625559627,0.404971819712851,0.5473350463730481,0.45486626187005685,0.4019160006988791,0.5889132451567642,0.7056081226814721,0.5115592881794242,0.5619018012596357,0.5464680916818097,0.6354688168382225,0.3911194169278337,0.44487330008079834,0.43870475655105085,0.5426766329648944,0.6447164103174032,0.9329643110345074,0.8291958043662158,0.6270553016704015,0.5082639308545311,0.5810003593369553,0.7250990301296316,0.6749057725037124,0.7805245828453147,0.7755290343169071,0.6372809146743372,0.683686639867759,0.3948177495360943,0.527985759939591,0.561706437859459,0.36882017905127645,0.35194852805789134,0.41645440306257725,0.30836642310454415,0.38134443089047143,0.4798180056567698,0.5011171666004818,0.44598340846410595,0.4960516425386789,0.43567249779021505,0.46234359872309594,0.43294979499707303,0.4268909663801215,0.4827270735351784,0.4750238105643865,0.45934284343091497,0.4133283715139652,0.47882566519054237,0.43925274684644666,0.4476223466099106,0.4108891931084147,0.4951153659768805,0.3320102537675001,0.3759971577458979,0.39837202299501284,0.33685198217051276,0.4243182332232368,0.35054987288670647,0.30647111357406887,0.586979155327617,0.49261936686703556,0.32335840357783,0.4981858303546971,0.5315397178194374,0.6466250201664555,0.6335745721488597,0.4062684122785651,0.3374838351093565,0.6729275210962999,0.6122238445608845,0.43624489974361275,0.6388562666636379,0.3600461188218343,0.36045346407698,0.4797971657080707,0.6722880809619379,0.33005796431627754,0.45477108254529613,0.35556714759854563,0.4810267149885617,0.40433651658747766,0.3124124967331021,0.4072961561043243,0.41529339506246066,0.4462533295445352,0.40047004647012296,0.4658993810066999,0.7661750707486601,0.4692468326573511,0.4958543194660748,0.478335252187299,0.513321562708364,0.39246410862151815,0.4509642294936693,0.3937291667486741,0.7370395563737688,0.6713710426995373,0.6880327117055841,0.4232861120817477,0.31180764144274903,0.529143063555395,0.346585495670403,0.4315155785245452,0.42696335214391434,0.41688863951969285,0.31668606292885537,0.5063775988509733,0.32584125823125487,0.4673662232487169,0.32651724386073194,0.31439921912548136,0.404781204646133
MAC000048,0.0838782587714434,0.13302273628586425,0.09297697184996398,0.12246272209597664,0.15548156922522358,0.12648039736300293,0.09583385738951408,0.1259330783975126,0.10864842096845236,0.09883392558773785,0.11849039801667757,0.15042817128973132,0.15526642248171263,0.08252578619682006,0.13315718172472482,0.10629725816065065,0.16684236367078423,0.1452368445496834,0.09250918376963597,0.11074908172170814,0.117814413426304,0.13163444499701543,0.10068811859806386,0.12639120480340948,0.09752988654776143,0.12941197877472865,0.10501623417203643,0.1409696970623757,0.13265654036304472,0.13238878281305227,0.1427014036439025,0.10820745778009577,0.08503551325392628,0.08592339001540619,0.09104329509213153,0.06710552003118676,0.14632299399297158,0.12231441949758204,0.0776062977352373,0.13471416862268534,0.14030162041452318,0.10798418816396421,0.11253477837229577,0.08497222740533089,0.09528575610633983,0.14951703967775598,0.08914848048059276,0.12696560115957906,0.15344575855148437,0.13673474314496484,0.1194284448636245,0.14056719625641986,0.14787395282742186,0.12723507206194865,0.13577345574754945,0.1250601280652764,0.15372188295140096,0.15965138956539568,0.1180843883881965,0.1343035763655973,0.13112363865412774,0.1496158665483303,0.14496149136595476,0.06790476092536535,0.13688109092574896,0.133218557331985,0.13139807675690104,0.13796097715664923,0.09321279984261915,0.12202315709697181,0.14754254554379354,0.16720181620133148,0.09883117798590789,0.12835943024810284,0.14055505221290088,0.12949825967521916,0.13508043952349,0.06581432787957167,0.12859834179852153,0.14363456646474249,0.12933805205086868,0.1414426203227557,0.1159469351071075,0.15389733801230948,0.14221459845446838,0.12671231410865885,0.1433294622502742,0.15812148201068574,0.12485678377499329,0.14387990050530966,0.12750888563756024,0.11650824010332558,0.1066872356988045,0.12056072177812131,0.11850310629976837,0.09931638494950232,0.16216927102417306,0.11635532467685822,0.12369067420291963,0.09674914951565154,0.07656190219003127,0.1420054338223013,0.1221630376541248,0.11802242343920555,0.13258021823251853,0.1427036721781372,0.1321111091632416,0.10972968824619901,0.11914797211362421,0.12249686086943141,0.14789845191195214,0.11650838156472478,0.10112148954200749,0.09125352439025501,0.15021482579203915,0.11678499986002,0.0804919530881841,0.13991572333936791,0.10391434674660932,0.11250174280767819,0.09586648279113402,0.1640436411481224,0.09293268243621362,0.10945765848679476,0.15214478022853495,0.10794931653036581,0.14259977690209552,0.11202452184838191,0.08423136049876186,0.14358443788453368,0.1619767866045229,0.12612981532950746,0.13969340211635384,0.12356598324996541,0.10400864072131406,0.12580750151984565,0.11065149305215653,0.09844428395386157,0.10223444716077032,0.13098288643981476,0.09530572087141123,0.12292007709414723,0.09831725794781826,0.08869083153929827,0.13849379176342902,0.14143548633786027,0.09654066506289316,0.10662274033919829,0.15423704159710272,0.11002965727110672,0.14007745965800977,0.11752095915678049,0.13751554671104935,0.15657772303949286,0.14430436235029906,0.13049468351856014,0.10290703107963937,0.10476264022160292,0.08715545384657833,0.17133646208424153,0.09259466877514111,0.13255712554863697,0.14826147677217363,0.16543578293459926,0.1165810876272159,0.12801428733083509,0.10477646530621133,0.14265820721349273
MAC000049,1.1001060213553244,0.16548444277006172,0.50425023658594,0.15311599087896635,0.5008236708135236,0.7037383985747162,0.349109008118061,1.13959979226652,0.7098621533815308,0.6707212523398014,0.5556631122558429,0.7980759205651392,1.2028652406697888,0.5822425176456365,0.3652841866692432,2.1686917184203636,0.5710721599600835,0.4513604316823312,0.7684537483054859,0.0813834062535971,0.15422201099156596,0.06025522436616934,0.07757566190676786,0.2136574093545266,0.34942781862124356,0.33596015559412656,0.4614578933688658,0.6429388963549699,0.36058886266367035,0.6594313668006239,1.1956153778893575,1.8069541314060595,1.3394817351579553,1.6476378967835015,0.46968475138738347,0.09144788859611784,0.4374714356557888,0.1956812891750609,0.4747022660736565,0.15199292829130287,0.5462309095785753,0.25563810123246605,0.2537353456192923,1.099900901202246,0.5580108173254965,0.4967545094442348,0.913960357586551,0.6498167434282929,0.9016405547199379,0.4439521826904837,0.8609963059928999,0.09966866748776879,0.4376386449056759,0.6132791246539756,0.3481977014686916,0.4511799612171279,0.9386477182468478,0.9592516919655081,0.6110039868058373,1.2382209362489434,0.18778407897211288,0.40093215357823325,0.4130765417126097,1.159517311246433,0.7106066799306062,1.3864379415341646,0.10592342749496246,0.6245057975776024,0.504795265482948,0.024832005104937726,0.2492224997784733,0.18969781291952037,0.7047606788271948,1.1213239600956886,0.3717222330941949,0.1818957305634109,0.14853622432200697,1.4358167511822195,0.27743666923838567,0.01,0.3053561095312501,0.10235398388124438,0.5233940755707218,0.4843921375076441,0.369095614651987,0.12153744005871772,0.47164034438724456,0.41337432683578057,0.45146341876022295,0.3343167961307654,0.8190993591524308,0.977990353427984,0.14817118794531442,0.778617020460935,1.0181071727497482,1.9269286369707663,0.5549215330604882,0.33941407274057184,0.8755693554027429,0.34482300476410227,1.0578260290892465,0.44758030219766043,0.25576787089396974,0.5293862506800169,0.4017776968300381,0.372976455111955,0.06269953364644373,1.005639809853059,1.000790840935736,0.6884941910308205,0.7317417007102808,0.21746483905190608,0.027514424592857207,0.5715231127051134,0.4409672076337023,0.5618129307993107,0.01635666721326467,0.7988258492907611,0.21457306495565798,0.17402123884088969,1.5384584550525142,1.2944656480816406,0.061184859606773376,0.2645025528368388,0.37624859960825396,1.1908608091567088,0.8445908781002233,0.1271145760031619,0.5218412731307452,0.3779433457023538,0.3881970606539681,0.28417687286192994,0.3802484265854351,0.7801049493352356,0.41913524508312566,0.4520943142774213,0.8485582372129182,0.6597271530123671,0.8541542408336993,0.22019981774665423,0.49180334672157255,0.47939856266538783,0.4240047920626499,0.36386623458864836,1.2645676695362777,0.33271223436542013,1.0556792641234767,1.684628161276966,0.17889852868698938,0.12340349514885723,0.04871359690700627,1.0450231266670889,1.064486957054343,0.18930286593983325,0.8638644980280473,0.247241769522636,0.5061035533890132,0.9974854377420673,0.6640665985459141,0.22527972921860756,0.531743249353105,0.35839980151124345,0.8564028965890843,0.6499977053312432,0.6460191065369439,0.21252456945206377,0.20640293138383922,0.5598836549122003
MAC000050,0.2231124941365087,0.13089200227831738,0.16776204248403526,0.02379510010535288,0.2342010575877635,0.1938805586497182,0.5165262898166445,1.0299452529788413,0.7319441054289372,0.5396032578889206,0.5003270439436736,0.4634937769166484,0.47504769619090925,0.4310950236913147,0.44646597714425484,0.5453886631224338,0.6332384687296801,1.2277296145553682,1.6079082966424934,1.4877658380838772,1.2629388647717104,0.8949992516459985,0.6420259530797663,0.30935391083067243,0.1959896582863323,0.15373447293659284,0.1080499622932834,0.1563363964382404,0.14245819204980625,0.2786629115779385,0.5865816759581284,0.9046963798368184,0.8064861569268618,0.4662880966463909,0.3364031293493072,0.46135284317697883,0.46109232391524424,0.5193000757682048,0.4677040187482655,0.508053920590936,0.7230722196329503,1.3286006564959547,1.6081784597733206,1.5374602821260996,1.2951681782596347,1.019448208937887,0.6281178225078414,0.36583923995507645,0.1768413992131373,0.16153487553213502,0.07397690761530445,0.1479321944464561,0.11773977913051614,0.3603358866078339,0.4806964009702604,1.0109944968737758,0.8667695048480145,0.49306773855754443,0.36984076538171784,0.4001400527537879,0.6214129894614446,0.539032542011124,0.4329275250604263,0.4911605219454085,0.690391502242457,1.210981846965663,1.672659283325418,1.639882924741912,1.2924844957315385,1.019628852187035,0.6094567398065178,0.32409540396716124,0.2531852700765424,0.22086670316566998,0.1813282130834268,0.11485733957183691,0.19392456774745043,0.3078464445750334,0.5558669553977039,1.0135958474014435,0.7801941911218475,0.5052532198946749,0.459675909304096,0.4061988279141123,0.40500387882484506,0.5221145468888204,0.3946274127188493,0.4709498012234694,0.7445066443073056,1.2284724560300178,1.540832269242104,1.568828302157392,1.3417638348845005,0.9081366353196708,0.5632593123335785,0.28785866201688476,0.16029336080469395,0.13926442569418335,0.1619165436429892,0.23604715244977467,0.13740642830641764,0.2903421854213115,0.5479606258615767,0.8532166122553904,0.7210947782203331,0.5539399771118965,0.36986222163256693,0.45169846092019006,0.49104701162623665,0.33393208197258095,0.38365160358444467,0.5444122061905778,0.6870022470155727,1.2230663666087256,1.5769393910361549,1.4822113552391674,1.2720874865610514,0.8667468735225076,0.6231103183953144,0.2692898591842683,0.19461032434195177,0.13211584817467115,0.18933042823674395,0.07386866811509821,0.11896589894212162,0.18153764432961922,0.3876741920021989,0.9851594919349425,0.7919603850724013,0.46258006006560376,0.4356969698917257,0.7844496627388285,0.8020065092494701,0.8033170552059244,0.7424295434845521,0.9136966849557837,1.0657882111053982,1.2360094384490905,1.6689724207117376,1.641043100446384,1.2473152920333128,0.89878716761299,0.5522822176138988,0.3013079536848609,0.23822980575002117,0.17923180917323392,0.07951515735956924,0.1729607952737741,0.25045251811003266,0.20844275566164927,0.5243423912934315,0.8499714414129265,0.7719399317674891,0.46710904729572156,0.38810474865446454,0.7846739625779233,0.785304757385453,0.853336133911075,0.747221117088211,0.7966060918484764,1.0819519363206014,1.288116469768937,1.6648676798190782,1.4983507828144247,1.3870824510845061,0.9559681520892479,0.4789150258751136,0.3684385392617764
MAC000051,0.12771180729874324,0.09621908438117724,0.0771283366030801,0.16633522788775806,0.13807648582742238,0.29752256064549354,1.1658502802182027,1.780791973327963,1.007292252354896,0.19308032026270672,0.282177490182409,0.25002616122113924,0.2500677283632074,0.2587055788096119,0.2650440390305414,0.16702063023880306,0.29583456285322574,0.9736114313979205,1.8979739841366623,2.0961625463106976,1.6128729048215806,0.8039172219400573,0.01,0.01364565925830181,0.07701354621123516,0.19251961574171572,0.15820318139151612,0.1620980273055573,0.10651240160371073,0.1730343796898749,1.184836554225553,1.7842487819290505,0.9902368550905639,0.23217994663236094,0.2650031978909774,0.2564232814537106,0.2992245184906489,0.22997049815847087,0.1930643823976379,0.2719527164007043,0.230106919884744,1.055117747590535,1.9052525255329738,2.064607960495674,1.4731846228715355,0.896111257032868,0.01,0.01,0.10933465361725672,0.12516619293201453,0.21462477387200007,0.12384302754617452,0.08881303500689632,0.1589639186456409,1.14438438943994,1.753281237142244,1.0078724768464102,0.3027947668345077,0.287518700804638,0.28319492287836573,0.19479947330866765,0.39831081562044535,0.30654602304839024,0.27983484069422276,0.19576782381481866,1.063320155775422,1.8798191684951273,2.0221537600456347,1.4398615114051108,0.8268677895743515,0.02192732494135675,0.05031173376352449,0.18663526851055923,0.18493099735795493,0.14915172467282214,0.13205469675249687,0.16683480469907716,0.19346046367582118,1.1431684691527357,1.838396488738424,1.0051801869479162,0.2049694657698766,0.2534653004326291,0.2592820264476576,0.24988190917085867,0.3180161905787922,0.2942485115708811,0.18243636310359368,0.33070176324459344,0.878862797097258,2.0124268126527185,2.0175020245995894,1.5144220883755,0.885941131922695,0.019260271642009025,0.01,0.1457202880789441,0.21783596298861674,0.18066985150834997,0.10444985480226941,0.1894237432375937,0.17859539767997445,1.1156616701269952,1.817490809060862,1.0080550200775646,0.24289973892842412,0.24153775666303243,0.13257750968705917,0.22764844588794908,0.2896420746409592,0.252862850389491,0.18972409104189167,0.30221497529428104,1.001003642161547,1.8437968194770176,2.142167923360984,1.471241845483687,0.9329165194356625,0.01,0.01,0.1072809993523987,0.09042483845712454,0.17850017475437796,0.17265457477752752,0.20962251973176071,0.15067095100601433,1.2539429461123808,1.7913012211146055,1.0442723842005772,0.1860619502793177,0.22327919677855262,0.279967397560478,0.249772024414,0.263367569286411,0.21315872474896946,0.26008076120826024,0.25991070711426595,0.9569118991444546,1.9370030862441232,1.9468640529315349,1.533112379237959,0.9772215785626519,0.03402752689095411,0.03371496230185521,0.10751871377337324,0.24084315017845054,0.2212259522509219,0.11021054637602912,0.12865188543006362,0.21512284976714188,1.232732725321894,1.7146495859882394,0.9657481116524878,0.24679407471357068,0.1454287110625534,0.2549356705451503,0.31327058823617837,0.18205156172289166,0.26033876078343354,0.2248948772849135,0.33598070997237506,0.9874440570320641,1.9808252483975228,2.001994546736872,1.5624592654747813,0.9015392247895119,0.01,0.01
MAC000052,0.06922915278656686,0.12505972721014363,0.042981758483847526,0.15731761233547878,0.11715520517515166,0.10493736499156403,0.052662008227006854,0.9858716895159185,0.7255131054893057,0.8929421658844898,0.8812286261214466,0.7472224041144852,0.9899582202051354,0.9393437836445984,0.8462204879743294,0.9914363304168362,0.6519973973618275,0.6470850306376403,0.8682866146956363,0.9278864535212946,1.1571403537436442,1.1635359230953632,0.9779317832611423,0.21596519746976667,0.1697355987901983,0.1856913563164951,0.10956064675420277,0.08160294433974556,0.1590095614113951,0.12896737163927394,0.19180422488444027,0.8427609004763595,0.7200832939992252,0.9523551029852992,0.822485695434803,0.7280880645230019,0.991730475040833,0.8991131742920894,0.8752110780606869,1.0049275509718023,0.6512050663532819,0.7713573582035383,0.934255423499495,1.0076304656127582,1.1487059045047676,1.1051574579526997,0.9877762436901708,0.25815227366009447,0.20926747735377982,0.18182622316085054,0.157454364669425,0.14362373227309144,0.15076285020386576,0.1302841009592859,0.183946857968379,0.8194122394192167,0.7808075880912468,1.0362287968478103,0.7397114091279506,0.8429026431138054,0.9422959126672478,0.8986392729699613,0.8757327750603826,1.053376590728138,0.7452091918502618,0.7428551367618259,0.9941288413387585,0.8849862911171589,1.088900129941646,1.0558899558197519,0.949347201554964,0.21419544647016567,0.16902857569381463,0.20038757163734194,0.1954305219446992,0.19396891536713398,0.10209736450928261,0.16923985567518274,0.11331048674145819,0.9220663117607013,0.7825062568634606,1.0282687205620213,0.9153093282728355,0.7440275244936918,0.9409932403915047,0.842313607377547,0.7795956758449025,1.0341167770487079,0.7515601552184942,0.7378135734157856,0.9238077406367607,0.9893600763671635,1.0972895779641425,1.2014206591992809,1.0113798635683577,0.17796332975168191,0.1667719336529384,0.08487909005979324,0.17550898718375824,0.1559962860771616,0.09954065391639644,0.17067524294584174,0.19045155950768453,0.8633466981740844,0.8194861672756225,0.9700954968268306,0.8402117160763678,0.7408720617156006,1.0548179523646233,0.8781935733780821,0.7802036336912412,0.941375033753614,0.7336681638877108,0.7186843092058319,0.9190633090699232,0.8951852710911853,1.1392673362141037,1.215639877939107,1.0104895947337953,0.2811794852096118,0.13723494829868865,0.16474189062518338,0.1262561048086093,0.05748651524513708,0.2017718739841412,0.15910893693720551,0.11339800342211953,0.8920846799136877,0.7570650970151955,1.0589452887462383,0.8300744866475921,0.688277364917812,0.9319923203470154,0.9364008877116068,0.8311542400205799,1.0066734548048777,0.7201688728600264,0.6939313654336421,0.93021768904552,0.9830965113788996,1.2380155788326952,1.1888304743607359,0.9500685348947382,0.2628225866918209,0.13570980375118835,0.10274965854141516,0.06055585772295294,0.26238714537582164,0.122054719962261,0.14369052720421419,0.16099045753394764,0.8976058238362316,0.6542942684796702,0.9757348822628592,0.8850543033878685,0.7350775067090867,1.077916135864468,0.92544469437874,0.8068790431125239,0.9879958437002598,0.7292137198263046,0.7270650409505148,0.8756318625181426,0.8851979452522705,1.2032044265634918,1.156849980259188,1.0751319450057737,0.24833234585451633
MAC000053,0.836974657855549,0.7300020194246394,0.611213509009683,0.501103422251491,0.3079784628955251,0.0604323498039574,0.057917467271583825,0.2130448598795755,0.10567581022891179,0.08262973032047183,0.06452409528359557,0.0762273030490924,0.14913391212360244,0.12816965409618852,0.2711459782497669,0.2870902855889829,0.2378206377142274,0.3167518844790433,0.10520692058763115,0.2265388743110444,0.6118000003527239,0.8229190596963641,1.2418386066004201,0.8230738817594634,0.8048560431333145,0.7573148942640948,0.6206130162408835,0.5201884356420359,0.2318335017989125,0.020837098752916172,0.06296000485219296,0.09189227718014956,0.08544349146453466,0.038994436902407725,0.13991282669288665,0.015212710805773327,0.11648621013423859,0.12927595641346548,0.31549347505876435,0.3867868945924733,0.32387119275687487,0.37253081514434355,0.1702505045300103,0.35048946144144694,0.6364688629727038,0.9808905887007606,1.1584884397159858,0.8433512909637622,0.8186102872607439,0.7829948550396406,0.5132937552040112,0.5799414198585068,0.2537813355355421,0.053762235289479605,0.026212779918248212,0.10573226943789851,0.16586830641937228,0.06729430563654867,0.12007491015343735,0.08621609474007445,0.01,0.07777375626185531,0.27035806416530445,0.2529186771489561,0.28207592070231935,0.28767493593209054,0.3539207247171576,0.30477140842172923,0.536942829605117,1.014476765365861,1.1468847303612344,0.88145288111796,0.8243426838193701,0.6928454529985195,0.5803648110835156,0.5377729267907587,0.2913685680191729,0.10581205788193832,0.12729168552479125,0.09176332769918567,0.03696133708728529,0.05528197176510835,0.15537107740376774,0.08837732481082355,0.030365574334398023,0.025647970803274904,0.23664476995962086,0.34478517814538534,0.3190806104375754,0.3958291544361119,0.3323997066903839,0.3354070943455598,0.7066772361129957,0.9057082378584939,1.0526181059092308,0.8950516172638477,0.7684632995943282,0.7088026447693889,0.6684231645877983,0.5585222100070234,0.33604822781896154,0.041336717812557836,0.13160934732597224,0.048115642387666885,0.17018742504011158,0.10914682482303503,0.11208454113977577,0.05764045743926367,0.060171971901976325,0.10700497424506963,0.39100570431789733,0.38271169423691215,0.3215164980128912,0.2825273839980795,0.33223794990199623,0.36631567699691686,0.6177749456567412,0.9347837851258503,1.1615856257193204,0.8554230417186496,0.7629109273991481,0.691118608403859,0.6405151404208106,0.5093176292677584,0.2583614438818906,0.09391360528766382,0.06765001056507104,0.16421843208505627,0.1788862603843689,0.07160035034236277,0.04686035992600275,0.06354112605747911,0.10903179112734811,0.08244066573189512,0.2396522329646973,0.29580176083658954,0.3239454699364665,0.3528244082637207,0.3914380386378023,0.2811880358709894,0.5760134891198919,0.9416208215840438,1.080351462289521,0.832394779514174,0.7459521625934405,0.7102707848055065,0.5655423229826025,0.5616791627808786,0.31767856933028893,0.030448578685648105,0.021492873156816528,0.059942783751734216,0.06667435160932354,0.1500438393294855,0.08422393048045093,0.10772618054253146,0.10763412004046112,0.04271133803256543,0.291057633419504,0.30295255932377907,0.32247183888609343,0.2318797063187945,0.2738631801999485,0.30416797829535225,0.585204032248457,0.884039208637843,1.0915052483703591,0.7977836919313016
MAC000054,0.8,0.7770151025014395,0.8449344428486152,0.9261017956055873,0.41709437708924324,0.43933897912114395,0.3165774392561101,0.4799545260950848,0.3237452140849294,0.4403135528908594,0.6203420437661098,0.5856577694714027,0.3770015377243054,0.3193260707640323,0.49489179284344575,0.47673001892169925,0.5299783101150096,0.5890952499499101,0.7095757615645812,0.361149482879569,0.3908530086285056,0.35531194706726166,0.38012678890277524,0.40134711251533867,0.387671432311199,0.5573643825278869,0.5471458642159612,0.34818391555919603,0.37328014680327914,0.5219123093975795,0.617915613116804,0.5993177986929906,0.5734901237661979,0.5431172068406411,0.38828083004238667,0.388281086026302,0.46965041643771155,0.476142209811904,0.5304805490703444,0.41078565103017095,0.35280495586299054,0.3067948079107898,0.35780731582045927,0.5227050775330244,0.46574287429170325,0.5755625707939691,0.5841597317923519,0.6825648293395268,0.8291180971626311,0.7833360098688338,0.6780672448524252,0.5981466062558151,0.45308504275758554,0.3392479600817807,0.46475354455806583,0.320985385448584,0.5264768562478959,0.447099154250319,0.8396360496561615,0.6007597232176785,0.5630981304103091,0.4445462072704689,0.31055295827863905,0.4516553339228285,0.35209162871754957,0.4404798975842974,0.31741196685098644,0.39868514650417086,0.43476895330599996,0.3138251821971939,0.3089661003645554,0.4309339284058129,0.5165326766046928,0.7674172216457797,0.3929462520646982,0.3826033731980274,0.4314192216282123,0.3212717346976101,0.37014955056924237,0.3846094175255232,0.31095397222971993,0.3627185934384837,0.3902910352425125,0.46632157768108135,0.3851495230241846,0.49864119123036027,0.46547317417276207,0.577790105227443,0.3357181783662365,0.5110574505573322,0.3871098735643048,0.3449980781979547,0.37565969058682874,0.5256594333216262,0.6285947536418819,0.4839572852557861,0.5260028794443505,0.652189059342027,0.8007374392771363,0.7265118927863969,0.6697575667082043,0.4222953549427419,0.534494824164799,0.4648938627424488,0.5275802533763945,0.4752881429644361,0.473333870935938,0.41684118575716017,0.42132459399130406,0.5410049291252627,0.3091807325164366,0.5308239133345939,0.4092382483551106,0.43415745841980957,0.6545297863350195,0.3822358070947538,0.30124578001070934,0.5209479531587043,0.5483027088270962,0.31779981736291796,0.31528363055594844,0.3675438348605295,0.33110498731628435,0.3959290729842074,0.4669999499941231,0.4263427083318133,0.3344878948048751,0.41389330632299803,0.5263129037739055,0.7091309638528178,0.5753528869508888,0.6694231436172242,0.5922490994979177,0.42747982147738406,0.32091186324259713,0.48023141397689845,0.546427660316041,0.31746475197301816,0.39290787628814194,0.416500841175186,0.6493342689136298,0.728844675054684,0.7381439375280852,0.6740978097326152,0.4046438288481543,0.46064040047106575,0.43159469367329173,0.4533339635932363,0.46729535080927315,0.3076392127364947,0.421351378302594,0.3406564402686866,0.4807553452691445,0.5573959753278908,0.3907297825990415,0.41528660721594446,0.4920069480234851,0.3524249958816901,0.5934675644516421,0.3947963813460851,0.39271121850374063,0.4179331835851207,0.3729458578894565,0.5147703758277157,0.5051971530701761,0.6918874990007966,0.47394361420173914,0.3770157031900632
MAC000055,0.12414121439190003,0.13084653847554026,0.10834543842776377,0.13054095318887626,0.09817723514790895,0.15076527090603828,0.13382048868354401,0.12493372084100035,0.1091868330265888,0.08958250622403677,0.11659529401012617,0.13740431555243826,0.08523016163025778,0.15156522455541793,0.15855134286607944,0.16591831255847303,0.11717591913512934,0.11412678271320854,0.14397395161527105,0.12084671015286395,0.13576434231240236,0.13992042915220648,0.12090027601605327,0.06967860009589477,0.09522094439919358,0.12376762882048815,0.11480387715401358,0.14931218912048766,0.11191623627709066,0.1086533467649893,0.11325375363896349,0.10382851084561277,0.08798190193579003,0.08472150365993553,0.1074337192407748,0.10807880913956684,0.09076089663624223,0.1405024153619726,0.09208825139809457,0.08322619702788545,0.1640841883334167,0.13695643390449025,0.08474344092164017,0.09524248317228336,0.1369042030108767,0.1215869623049308,0.07013133437349672,0.10624306807735687,0.1560200793688668,0.1259830994754873,0.11056555165172927,0.10745892244479244,0.0941808059084347,0.10984225430083151,0.1415347792743149,0.0945762026730041,0.1653273575069881,0.09917904661561659,0.08613364888078076,0.0832251620820968,0.12437053921388587,0.11249946438153592,0.14087891556442522,0.1305628505249906,0.1162224699436894,0.1493994449726111,0.0717787050826182,0.11874578110227454,0.08985801893817881,0.1086606464545875,0.15056171756567674,0.08617485121951507,0.1678485279462664,0.14176878137381047,0.13451224216434207,0.10077096081409916,0.14223205467080544,0.16193336878224013,0.08997476678334854,0.163428241687638,0.15136799886900798,0.1048488690976504,0.10851460298703836,0.11290870380105296,0.12791432636034236,0.11889028504514323,0.09312379794717987,0.14975202805229842,0.07557201208931559,0.12299142547658808,0.15971523893556294,0.07305543809542334,0.10676179483286935,0.12299925473359836,0.11335573177101406,0.14251648563666444,0.11449410306470534,0.13574426727893782,0.08316373186663259,0.08191720387653985,0.08957965694023347,0.0931588474770002,0.12423913037717947,0.12459897097285214,0.07309993611067571,0.09762004468323553,0.11816547437884026,0.12775062891940347,0.11491693032355832,0.09275315190903932,0.1382453199796644,0.17199249371921588,0.09662584338436357,0.1292778160969362,0.12097729167638,0.14806812409801734,0.09830161233011918,0.15870621607312743,0.0884150041413939,0.10880832489181883,0.14128430868530392,0.14532177132818747,0.154193363123097,0.1433070870459531,0.13151524729208003,0.1142288385302398,0.11476216153520802,0.12146571935909581,0.10765797068062907,0.13378124898036053,0.11075802908374759,0.07877688274723786,0.09164222000852279,0.15189946068385204,0.08320669081712423,0.08276788211234803,0.109070364741738,0.10260820942788004,0.11016191291175034,0.10663857301920333,0.09845986006940156,0.1495026752926861,0.13895389151301016,0.06807999477320406,0.12534728391574484,0.12227197134259549,0.13431917395151924,0.11762231737109839,0.10815969585753021,0.1358257891592229,0.1213006260365248,0.09439721234578036,0.11526195053924426,0.14450002912586432,0.12052071856648203,0.1168080435540752,0.15458723241337818,0.13733746821946055,0.11351672291122059,0.10983530483585362,0.15053132639846728,0.08134004387217834,0.12548101381204596,0.14696626272494617,0.11676521137681153,0.0932315393632948,0.08010285998156018,0.14046868751958885
MAC000056,0.5424899427704958,0.9950493547195782,0.5092185968177089,0.17661242210889652,0.9525848344778064,0.3272759113929247,0.24377964771297006,0.4575611014236901,0.3240671759717754,0.5418451064375538,0.7780978293877768,0.3656722679762471,0.3718911179535675,0.7810421900946258,0.782633362197038,0.5806603504278516,0.4384047963299246,1.1169020634773357,0.27444597424670136,0.7882666333943387,0.2640524842261646,0.5310687149006081,0.1528539319065468,0.5436535756282059,1.162725743248182,0.9158981000019984,0.07212840746715696,1.1304394095502661,0.3158457278627607,0.698555293034554,0.47993175702345736,0.29448779729146113,0.6413978063003535,0.30456717464900024,0.8127834937062302,0.30039165784518457,0.2713647116833751,0.8267069445615748,1.9237478235706833,0.981019358132004,0.8843373884478031,0.49540492301995614,0.7781405090200849,0.3647983293604267,1.2905762714392355,0.0998192828031817,0.4779010286312572,0.39415701700790123,0.49799291791061207,0.28342157096462495,0.5620451056550423,0.275957602617476,0.34508799990179395,0.7168672524491548,2.348139734504457,0.3408978660903449,0.6413862236974889,1.0815564132838331,0.6709190811485556,0.428439838228403,0.42261186638865994,1.1366383004762335,0.06880993719908439,0.5583296351611079,0.38243439303170684,0.11264346943115983,0.5179029899706236,0.30115825445859623,0.19549187382074812,1.22788568234097,0.22867759016817377,0.1790256455968889,0.13472363707326013,0.6197984260076033,0.6717726675753602,1.9025584111683296,0.38840273080927584,0.3377498904603242,0.1729810389358613,0.7002401910983502,0.12906079935691622,0.2975407840164387,0.5939133689603961,0.30755944474577285,0.3001582029731247,0.25591675687799575,1.2769399030328359,0.28645786764846354,0.7070162809842837,0.2703078087806685,0.3341617784407209,0.5017408431574989,1.197985645751915,0.05124595991111303,1.1018645746313669,0.2260780928484098,0.5521706367432773,0.45977409046856516,0.15682920111737952,0.30248792643683287,0.46105130077840967,0.14329824069335223,0.9452636942633958,0.5039580977897202,0.31331375103065634,0.3725538690380102,0.9412162647670289,1.0959394709337622,0.24100760502995597,0.1711028283177851,0.7740062116888237,0.19335687375059954,0.6728971866216987,0.21817419279562164,0.21680546124984015,0.111707689425146,1.5908412402383896,1.100492151963591,0.3856428144023835,0.5734131278415502,0.561174744458617,1.6083465531341756,0.6489191236836584,0.8806800338034558,1.2231036550416698,0.23600202797135952,0.26994774193717974,1.0975691891236612,0.3749706312176225,0.20795343270964053,0.5374568629226631,1.0742583153992105,1.7206851602380009,1.3981228737180846,0.036435123653686265,0.3844877332302023,0.1623088940745451,0.2462798236582618,0.5519483663806835,0.5494455479340232,0.03801210751935837,0.24743236232328863,1.4630762548631184,0.12909141393894719,1.0771630588367007,0.3169112653257253,0.4792021099323888,1.1736032348954668,0.40068571227703115,1.524798941582377,0.12440426031251356,0.9300580420443965,0.8490476236670678,1.4104600228958528,0.747471882831452,0.43430068756122203,0.23167329390185482,0.3733545508733305,0.10919278962230224,0.8955718314490158,0.47661958544544414,0.42503741416299917,0.35093560499195053,0.8153669755133176,0.4226608250630388,0.5147931883402281,0.5076957233536009,0.740239585187486
MAC000057,0.24700728769011085,0.16754551143884655,0.27014448714452044,0.1218613882674228,0.14202024992491832,0.2788462706494806,0.511704756165088,0.9657895670056926,0.7998218202980313,0.5263023717169045,0.4121056765783033,0.5490839295776306,0.49076137317285845,0.511718475632637,0.47731490518214004,0.5266458725979475,0.749714483368408,1.2565181578373545,1.7981170362897274,1.7082732254983528,1.3246621884133787,1.0193341999466243,0.5771578756647497,0.3938707328206427,0.20334873078514598,0.249300166173207,0.12730125057351044,0.08470173714505769,0.14750079554828782,0.2506909385487927,0.5757584102316816,1.0191804939281839,0.8767101347141609,0.44887882013505886,0.4126188205323382,0.4247311682169082,0.4704911059426783,0.5399346357602227,0.4160163276360831,0.5320731738495602,0.8458851528241749,1.3806084125972284,1.8525213581387996,1.6725003320960545,1.3741387525167876,1.1407136791442531,0.6396078294021507,0.35856750836454904,0.22265464266780538,0.1921152166248519,0.13468031638238667,0.07772813002599456,0.2522771144211575,0.26752996474799184,0.5586282385920807,1.141763649666182,0.8205410458832628,0.521177299975215,0.3877377203435719,0.4800339401798062,0.5228984727390531,0.5157230127530379,0.5121812420935632,0.5204773583969649,0.8644886718628992,1.4174823897117175,1.7579617280710473,1.6480311098006892,1.3794412160036185,1.0225843860042763,0.5503300094118838,0.4051790639210919,0.11726667055654079,0.14829639511418186,0.14421280756837454,0.2115107766432499,0.1436788333437331,0.29001425211185927,0.5454042072344369,1.085112391720075,0.8734845964920106,0.5299135031414959,0.39982090876434156,0.4132816373446175,0.5311796013791533,0.451806556944059,0.45328899980154513,0.565317159970153,0.8557503063594396,1.382436874953152,1.7364105136670243,1.5911091269829678,1.489527777238813,0.9587234630977409,0.5878786497898346,0.3985645163207382,0.301719427530281,0.1736680613961064,0.1478880598353976,0.10276953904198166,0.17727186741558865,0.21111396959168638,0.5119391652960159,1.0760509744033822,0.8330264682010458,0.5342654798421633,0.4196772981896155,0.3955408774089936,0.5712414492120502,0.4104266536434276,0.4216834307660158,0.5394684588600414,0.8439463608596638,1.3167841016491397,1.7241251391822185,1.6564938924488655,1.3934604358397595,1.0144869167445,0.6213280599987795,0.3061224645349757,0.13368933813449535,0.290087643015729,0.1517302147899318,0.1552299542199664,0.13184159277497454,0.31350661073143093,0.5227791499496561,0.8985490623074315,0.8263536420187105,0.4743323798432873,0.41884847430534544,0.8040322989153053,0.8305774545776713,0.7891169049108537,0.786873872869445,0.8171796086051527,1.0457751151361763,1.3480111172796339,1.7761977410189724,1.6923302678735455,1.3913804564825518,0.9781750860410817,0.5135214514144889,0.321792471506789,0.24090735238565533,0.25522358282276225,0.14922518076042862,0.08584141560504732,0.12694503168357493,0.22618637235351446,0.529153982878708,1.0939012179462018,0.9146507815519812,0.47979023900076545,0.43650616002775094,0.774104987408861,0.7773277632087998,0.9156098755691594,0.6856484536793696,0.8076613970737209,1.2334752225846857,1.3439391130171743,1.7141652519513206,1.682495420425311,1.4428113873033894,0.971222164439071,0.5838615233509085,0.41011456848991834
MAC000058,0.14399785233319565,0.20877689763122761,0.12543899583838444,0.17555893249108165,0.22563539540769822,0.22643703972656395,1.3052656201330544,1.971706428917773,1.1584733296871947,0.26757623259859586,0.36480023911991544,0.20010745166005509,0.28304320620655465,0.25608808393013716,0.313766528620013,0.26267137878100827,0.4005523675380864,1.1643701029760123,2.0474152718669325,2.103865745958407,1.6209785594249448,1.006834616818981,0.01,0.01,0.1316181407489339,0.2092789191566118,0.15123175292992305,0.14603106636356789,0.21751252093575868,0.2458882197131198,1.2027135004157312,2.0164290638914557,1.113060330559559,0.32555550704293873,0.3124249730844746,0.28064754131800335,0.2827639610826825,0.3130595623621668,0.2248216564159542,0.22250604430363127,0.3836916946639949,1.176968821343275,2.146967343315911,2.2293603917340947,1.5959327725594787,0.9522500423133153,0.0205030588692679,0.05754100237095712,0.18920407117544294,0.1906019549479376,0.15921685177522332,0.20027429814978304,0.12233337559647176,0.17399945997743602,1.2469374003803868,2.0297921388672417,0.9758002327112111,0.272061458715545,0.2921073373616272,0.18696894756620192,0.3166715365052778,0.27306597275327316,0.23194835644601247,0.3305713040005057,0.24245519245630098,1.1590116597070326,2.106676915971602,2.2166691663038973,1.6274085202540889,0.9430869329538739,0.0439894558228292,0.057651973620483354,0.20253261870168754,0.1663286416619025,0.2024317909676991,0.18360640177480053,0.13769065397280275,0.12198861219568685,1.2427273495921367,1.925790413810372,1.1250758490165789,0.3599560686108543,0.2936396530157715,0.3531056880404903,0.2796721403546102,0.27125742512521006,0.20389452485669535,0.31163551931407274,0.2468414023956427,1.0755524981518716,2.0466870057834408,2.254862558546137,1.6489799871803053,1.061096557387129,0.055950699451535246,0.01,0.049080790673881214,0.17370661666862822,0.152285192986734,0.21228385337771538,0.16846064911398084,0.22533507990347373,1.2830707707305733,1.8936879401686606,1.0812369012776988,0.2569234243915877,0.27122332099503943,0.2661636357464671,0.3155674929313371,0.3047862828299594,0.25858904075050004,0.31278363220089767,0.22108939256927665,1.1535410649045588,2.1407931657102655,2.250942897679876,1.7041604978472427,1.011617644375623,0.05238594470183139,0.03709098947091652,0.22816263856708702,0.08914063375678008,0.17440956608311226,0.1654902822038298,0.17540010729495156,0.21283427407586705,1.2648567145505516,1.961950107285932,1.1419357453835932,0.20431585551899947,0.3574473732916363,0.27440836990746204,0.3534967680122181,0.2369152909109285,0.23402820534218366,0.26826786955111154,0.2814366346028876,1.093197142093152,2.0571192140375385,2.2556931883362,1.7503659658986708,1.0617216676360939,0.01,0.01,0.15464435598764645,0.25336222219789173,0.21922528488141332,0.18707205959823617,0.1444358677869429,0.21338640730334854,1.3715386469122548,1.9503856154351222,1.0200713157967607,0.22833809464877558,0.28277160829299725,0.27186183479060144,0.3476741180507609,0.2500666174898749,0.27092410559415636,0.24727318236577953,0.3185952844410818,1.0755597480733106,2.085603521143267,2.160995027795754,1.6514443755367951,1.061899377306642,0.08879211371771578,0.03369592364896164
MAC000059,0.19472927663343376,0.16660377194016238,0.12484934737342457,0.09859840677684323,0.12973015105960334,0.06580750985164655,0.15633152997121763,0.9327011498108275,1.0549318213295482,0.8250421976506584,0.9545048562593527,0.7943617223530949,0.9213716760599046,0.7941367996889493,0.8725691870893773,0.8109499697917915,0.7645144174848013,0.7473514641428927,0.6851520972397209,1.074823266965807,0.8653245908251874,1.0211070534642757,1.1793620232957864,0.2101327575132244,0.16801921351941854,0.2198453766032843,0.1511789916417142,0.2165128889578114,0.261906596021356,0.27652623445601365,0.09058819567449994,0.8262744253902657,0.9143616884903115,0.8866408938418564,0.9886473339540012,0.8610843556925364,0.9176301340788302,0.8199988357080318,0.8634323903697533,0.7830316520691801,0.7955401289265213,0.7099497511267935,0.639614432556798,1.0681032306272837,1.007333631695728,1.0369651745080082,1.1808111446522358,0.2995806830270439,0.19427916171067172,0.16021906710351386,0.15331909250128523,0.15647733526100482,0.1426177410031459,0.04128286366861619,0.20677424224099097,0.9053037173058831,0.875766816035244,0.9515959647424862,0.8798157405511836,0.8243338445050575,1.0289732703408678,0.8615886740512276,0.932301192863824,0.8398845760243154,0.8794153666134923,0.7304813856881296,0.7880316057001474,1.0021970336557946,0.9317729763844037,1.031657695883148,1.1559561775107083,0.24626256900487184,0.15208254600803556,0.09045486959364726,0.09420351925637163,0.16160610244042103,0.116683352408911,0.21705169294805843,0.14040264222836074,0.9213651378665407,0.9587257717919524,0.8501470809202301,0.8102982946142036,0.888969363019041,0.928849036727598,0.830393803357811,0.8579902786897002,0.8549390725712709,0.8429546391764264,0.7696627335759195,0.7157827847217,1.166375292428015,1.0168151975454505,0.9799808666596493,1.118620679943922,0.208815011240004,0.14753901249058926,0.08769731124147889,0.1545376523581234,0.14354008451048295,0.02287404838447188,0.07969124068663525,0.01,0.8682324226589838,0.9902838705938971,0.7856722360074642,0.843200392972154,0.8215354012743296,0.9246068391197838,0.7971480677784086,0.892612106076687,0.8327448787478089,0.7205204616795765,0.6649857361769007,0.8325708777378531,1.171867947328898,0.9642009116480104,1.021152289541879,1.1515518957130144,0.27552283653956255,0.10728928161410596,0.12284133917615883,0.17277004200972482,0.22269295522232035,0.18707075473310525,0.2116956938795464,0.13437913312444105,0.8542770553423521,0.8396641313725008,0.8838150516459286,0.9282670855296442,0.8147220248516284,0.9389594242574684,0.9127518781239048,0.8971226146278617,0.9231309235024054,0.7471777512986654,0.7339598243523545,0.7823093513972463,1.113085140612975,0.9583273733671834,0.9917836377705401,1.1754244225111485,0.3001475907917705,0.14197435739542058,0.18952664150888887,0.1733688888423024,0.1060830479909513,0.10604353160064384,0.12748667040342607,0.08315811726688659,0.8597206329212296,1.0122548591631664,0.8786356169874958,0.8709921006574495,0.9255095272290126,0.931263624576145,0.8024875577914788,0.9270066848583639,0.8905555539564709,0.7883537634231562,0.8109669756792138,0.7371804892961249,1.0561428738138232,0.8669033436003959,0.9883921313733176,1.2302246906127776,0.22857649558266924
MAC000060,0.6796392908285316,0.6509070121144311,0.5310758196632391,0.5220794939729849,0.26914543287979886,0.22724654534697064,0.058192488789752625,0.06527693429806665,0.07270943202546021,0.0748989390087448,0.13180216262037286,0.06663093346919224,0.17906730152947364,0.10956197120858395,0.25728195262864473,0.24450647077901239,0.3336123646984688,0.2829947626223865,0.2820217577158837,0.25164474370684004,0.5600652260100666,0.8529826304051489,1.113912377201185,0.8403351648357584,0.715295499535651,0.6341123216257544,0.5677462184680527,0.48241228239018646,0.19349783820143818,0.01,0.04056318240024743,0.07402234118904734,0.043556555836424315,0.12141511724207735,0.06899055892726115,0.17412689447372987,0.05237350281084141,0.08748405565737671,0.2671256672195567,0.30355765791478706,0.3348563114778981,0.3119828029744008,0.18002894155474303,0.30656183555168937,0.5125936029420399,0.8694419140244736,1.080293263731752,0.7484941118022366,0.7818313418749422,0.6259164308008293,0.6716843787019977,0.4861231856234812,0.32661178429948506,0.14033217694897432,0.049892961619573975,0.015363679340622757,0.08612958378417616,0.05131605979619012,0.15943415472664918,0.06810525713866772,0.06542801779636016,0.010653292685447915,0.3025296056820344,0.22285764093070431,0.3036906006720817,0.3105733413529461,0.2440849994293277,0.3293977515789316,0.54939373809153,0.8113681881500764,1.1230911714055696,0.7583086285192726,0.7493874685640136,0.6648754494807532,0.5825967437523092,0.5012823901302998,0.19283526533889644,0.1650156957974349,0.12826067323233084,0.10420105228481887,0.013799403946517408,0.03152982193952718,0.11332104705675705,0.01,0.0973834087193174,0.013889375853017805,0.2381671661525653,0.21101537464466613,0.2938740758171611,0.33738682761976085,0.2989696312186802,0.3044604074741583,0.5715354548638361,0.9190650484888194,1.0691810851023857,0.6687272475231294,0.7693492783837719,0.683643323876436,0.5450218685231716,0.3839789579471585,0.2534683484486169,0.09678125592912379,0.058424041594256654,0.08978320193963343,0.13404022862081738,0.20032430163705722,0.08779339936809216,0.09714389978996096,0.03925877196302918,0.055378613423469926,0.274766623509472,0.34045465679757586,0.32251664282944886,0.3780364222284441,0.2070574462450355,0.21538200649559733,0.6182416568178886,0.9573733917610119,1.0474832104734317,0.5812019640465447,0.6868574834057523,0.6603604083858604,0.5181668607272053,0.4919456021806789,0.33627241961049537,0.1517548567020489,0.1208928279908058,0.077225751780391,0.05571481282727927,0.11833578148617256,0.08171794834731022,0.08343343769091738,0.01,0.04472169661100423,0.3191617783938867,0.2265154129906166,0.29485410995816885,0.30219393477125295,0.3051131458157469,0.3095819658459304,0.5945238127130952,0.853740718343161,0.9724440762068264,0.760805386603821,0.7605300013459353,0.5835433960886062,0.5111069760618666,0.4303820942959094,0.14904592442973352,0.023097997415708886,0.13046806138848238,0.04460998308652081,0.01,0.05486602297656973,0.10597557651698224,0.01,0.12811373121059944,0.01,0.2617945730787117,0.2611554995282651,0.25349674969026964,0.27832867010396983,0.3204967727268809,0.2795286759628855,0.5328538270514288,0.9077978071833323,1.0561899908210104,0.7710069792266473
MAC000061,0.8,0.6169295915245292,0.3384016831853732,0.4661377733662428,0.5800807509810464,0.5342571862662233,0.3008131389369333,0.3459982859883954,0.43065905284980033,0.39401213143172364,0.5027446699945066,0.47749054629768617,0.4787320587939423,0.6561187890481047,0.4933136324752046,0.39022558672305874,0.3930222947442768,0.4543297990296784,0.6290295888489421,0.4534916807630561,0.414993676816358,0.6594216114530834,0.3376392391414427,0.4374148099587727,0.49544349495976286,0.30534627773081385,0.36021998875072087,0.5089461913228824,0.47029015027276805,0.4706225822900032,0.40788652795773084,0.41431625904021047,0.3409621550701525,0.3818160065813414,0.3402426754049461,0.3840271920810159,0.4033721525785604,0.34421825903027925,0.35534961777795293,0.31479025674608063,0.317858432978125,0.32784953141830286,0.3527011393726944,0.5310775439923222,0.4379620332486436,0.3581165632589055,0.503845103431305,0.6629281275469536,0.5127554908762384,0.5634181598561958,0.369481669719181,0.45683676334164397,0.5556432743578994,0.4504516809571414,0.5794646054504085,0.47019249682606906,0.4312495506473656,0.45710638782272617,0.326183117232944,0.523470550230534,0.42563502529200525,0.5055162578361238,0.6372452192351228,0.4375843244661874,0.4243374710218304,0.5218428577687071,0.31130536056255803,0.31826024834157535,0.33272579442160877,0.4524677221555573,0.40158184804683006,0.3863160530452306,0.39963912257784107,0.3734873369874817,0.5500956617632564,0.43908190177397405,0.37740295934918705,0.3209222293636323,0.39293126664928085,0.4194139186111701,0.3168772853671092,0.33197149048546837,0.5485192103494039,0.7221068502500199,0.7937005999345825,0.707988526876832,0.5143100605994055,0.5781039343641395,0.5274942834925497,0.43781324995029713,0.4270375466828737,0.40365412671339085,0.39280493616044987,0.32119369789143154,0.5596088012443305,0.6093927138505646,0.36537681430509816,0.5737392958648535,0.6128229756488788,0.5697113172103252,0.6013304700850584,0.6963725701492887,0.48432667862235335,0.37980064392202983,0.3540867466056699,0.4454358443486376,0.30033037699572684,0.34106964425500574,0.38865375050657913,0.46293500617179584,0.427309504533367,0.3721175171951736,0.3953194537075889,0.5251115607188899,0.3012171865585218,0.36816965025825454,0.5356126329764264,0.44331642953838946,0.38199511446489126,0.30198143730118177,0.3822187497384842,0.40476508592834726,0.5255208440905788,0.4524610299841446,0.6033455636695806,0.6171355766431896,0.7143026334093956,0.5213505888090098,0.7011604041759782,0.5175475578815858,0.3868653030020559,0.3061002662418095,0.37047119072179935,0.531179578135927,0.551657792344479,0.5631253185980596,0.3863831893100437,0.42803605456122734,0.3597421994971053,0.3502597303154416,0.44332349940748605,0.37154354516319493,0.47645152260816587,0.3118746882787288,0.4167474317333053,0.36662335200453705,0.48553239217621325,0.37545728158116415,0.35084109336632924,0.3135449784712244,0.30903584334319,0.46052521169308436,0.4811934717417358,0.7310888208328594,0.6278786862639332,0.7327999130667648,0.3457428438775062,0.417532403125127,0.426215205344739,0.47370440074456255,0.3565743401367353,0.321103705276681,0.3916366891306476,0.37765531467019264,0.34422361863225837,0.6492359327214299,0.3399421883532975,0.4098731326416802
MAC000062,0.15006076402589466,0.12748806442194505,0.09578846111022267,0.07412378598297398,0.0992418521133482,0.10972133861178507,0.13730318131349414,0.13339760860206884,0.12186937436684149,0.1505557024113817,0.10414923810874517,0.12437014346956407,0.14012244286231443,0.08312624107252269,0.11941237384273293,0.11786107207415586,0.10083182978386186,0.11433648166330525,0.14026696033192815,0.10110205511537429,0.08247735313209259,0.09289528922267222,0.12159382704664164,0.09018478713758239,0.15585706881518688,0.14200373795892446,0.11848286585073581,0.1488531378083721,0.13281992130745732,0.0848177536011742,0.12765466578753926,0.1153822300496484,0.10008237471569265,0.1280951444594217,0.07754944060196287,0.10904159124017498,0.10796800519247007,0.11749611791209928,0.10839812286542072,0.07966135647820168,0.08476763819538508,0.1388907955247582,0.09798775958029332,0.11442968095863613,0.11868442792586081,0.1520047464419895,0.13670004947264888,0.10641708781194412,0.0862584223469133,0.10122443466972444,0.12859754670063545,0.07715949378441869,0.1055605726359069,0.13256879338546187,0.1035210979031302,0.14943643234285062,0.11364890830594254,0.1566239311203765,0.14499288435219992,0.1555005437473288,0.1571009636016399,0.09716515087427656,0.13161256829941384,0.11467064813783888,0.12667597075813905,0.08783077224130223,0.0960661199654761,0.16017381543126882,0.10017479882330343,0.14209040185911562,0.1322528613382161,0.10586439139315419,0.14527041530994944,0.09393327165566488,0.1494726491691562,0.15640259533384154,0.13652308202199126,0.1486468177051333,0.0774945202121569,0.11870685857746209,0.10943349932617635,0.11730500330658257,0.10486610890390878,0.10604384627951716,0.153874959581406,0.10944026693837894,0.10778907946414283,0.07786857989748341,0.14327810150547732,0.10026245060380752,0.10234041831095922,0.14243120472530998,0.08685791550406897,0.10946557442797564,0.14040779487551935,0.1552685303048867,0.1373753515114575,0.09345374370654268,0.09266275038930642,0.13283466271696054,0.0757558638706255,0.1472488445463579,0.08852217665029134,0.11423783321517773,0.10183733807918181,0.14469571898626832,0.1359142238055622,0.1172373613436709,0.12150676264645775,0.1186600422936542,0.11544974908092498,0.09813565128241299,0.09524112586987192,0.11955221052599771,0.0874704401138521,0.08382286268291918,0.09349051894393778,0.11231134926516748,0.15266380381522304,0.14438020350753805,0.1581218324522413,0.0804246824119468,0.12480785342546025,0.14073297248878663,0.12116315279316126,0.11966321474195842,0.12296768288445165,0.11431554030082852,0.1500314505316243,0.12898793461923028,0.14790379664678507,0.19882561716750224,0.10222340571757876,0.081979948795676,0.05788094255515132,0.10239847091647676,0.08316732910943651,0.11803848300998326,0.07479725816650724,0.11383637986647907,0.08775406239950054,0.13457201249397183,0.09401820394382374,0.1300538295605448,0.11820104185060726,0.1077067877217362,0.16377118522409445,0.08727088120900449,0.15587803999037012,0.12493813732397391,0.12389409008129494,0.07996174517815988,0.09310445009007265,0.14247707315612174,0.1384043931133283,0.10487581924180946,0.1026838699285699,0.09554867885929272,0.0730173244344512,0.14350887394343825,0.12408541288150628,0.09638074733376453,0.15221158363121257,0.11951391307178105,0.11105142847893607,0.10540613820030999,0.13312298848023113,0.1377430700232048
MAC000063,0.3702154148843918,0.31467961799139427,0.5271122053517148,0.5251616713970769,1.1639424519358228,0.629901653946402,0.6354305427880234,0.43825639907942066,1.0679566863792058,0.14492668180895416,0.8871619308409974,2.3498263949538547,1.062921655227285,0.8159539168071835,0.2519523379721813,1.6855927362713918,0.23307486408074307,0.4904161063877662,0.5144701895802167,0.03196279462555015,0.6184847875017548,0.26085399020878924,0.01624633344161212,0.8964428008721222,0.4294805298456247,0.12839647866117682,0.8906337422481763,0.21083300804897234,0.23426744737339694,0.7090212777381849,0.07916604011584287,0.48848379897347394,0.7315969622647388,0.15958269583019935,0.24490947265509871,0.590056330673862,0.9637964821379476,1.5902555262614881,1.1800111150784178,1.017403933502167,0.6853022372837347,0.2339954287492617,0.8557120742477674,0.4009111034608809,0.181669002702096,0.4977687257461595,1.2039780663686626,0.15894442224115565,2.5088547474080225,0.3898334696124675,0.20311385716698613,0.3420939548767721,1.6718422635383459,0.2972888362045203,0.19263020419905827,0.8832178163505223,0.9547935026494573,0.06603409731996611,1.13745559220828,0.5234290292793621,0.41724631564844283,0.29624703040821715,0.270613984550955,0.5815577169831008,0.23061189284671893,1.1154041961842287,2.967405689647279,0.450742464643463,1.771097004391802,0.5931131431304634,0.46211500489919094,0.7108013681720762,0.5873744624360551,0.7474385026865537,0.7453833239237683,0.3241245301936324,0.55407675711685,0.7520721617326257,0.8658085154344703,0.1881225881504924,0.36852995532363114,0.33854182888797063,0.1137845729237906,0.5641404829949036,0.6116407140857206,1.3581909380967574,0.24765253524078362,0.450605900684517,1.0747381555035633,0.750615741308412,1.6715335990141635,0.6438828739413337,0.4727512675054769,0.3202298591943287,0.20218177563462514,0.5318975334296505,0.35821836326827744,0.502461556412916,1.3926217833761025,0.643457594388476,0.09308164785963756,0.18787375413618942,0.45257005022961616,0.34931954016989203,1.2634425883918396,0.4699382660449781,0.3044473120066182,1.0820114997538184,0.49541371910362897,0.02552586004244276,0.39522810523510765,0.7226496911097128,0.3143997135599869,0.7619229958583221,0.9844895318251047,0.80483851969669,0.5410716366029549,0.5379483354233854,0.2976882130582695,0.2534965787982062,0.7268406892870392,0.34129922809280855,0.26529000744058717,0.4211643262866219,0.4445072986727789,0.5819936655368801,0.16584370246890054,0.4190510753629743,0.35830775222933037,0.7573199382782164,0.8372934053243302,0.4975735484980566,0.6287563825391195,0.4503377462533509,1.06285760920724,1.046632516774012,0.2470687355216858,0.12642601470460332,0.8019861585393943,0.16057424558454989,1.1137428943323584,0.1612100394545734,0.8366064906801773,0.47286036027623235,1.7000493142611233,1.1307680039210395,0.12607291127256037,0.20011865963772574,0.7305512547901277,0.9762738407646235,0.15311907226926483,0.8621510785310145,0.5514271518427788,0.6386745367328983,0.23248557508593926,1.4436894039796269,0.6168722018204644,0.35918930612701433,0.39359998389476397,0.369925916143267,0.6023340923243085,0.5078343306682989,0.129656791870936,0.1069735653342654,0.8443814231064067,0.6694032016574682,1.380946208830373,0.1472797561701571
MAC000064,0.19468154307899194,0.19630525853931563,0.14656891794341645,0.12782490495320864,0.20497643838760662,0.24042970361382013,0.5030723316524925,1.1248384141012477,0.9297266335330233,0.47152494925481936,0.43536237513374687,0.5187077682960552,0.5287582406782355,0.5154557243751442,0.48764956351116656,0.5482091937940791,0.840705106853365,1.3308294300698835,1.8375874308931237,1.6887982311348748,1.4237258902922199,1.0033133153136027,0.6334359682166478,0.37803831698403517,0.1836852587529395,0.10821231053966657,0.06822096620891219,0.1377410717625072,0.1908437234183222,0.3683139019892707,0.5619099623992937,0.9843808062078467,0.8672482988238499,0.5640506490608981,0.4046573231930194,0.5323384627982476,0.5353427599934479,0.5212894217576197,0.5568140237350314,0.4723045092834057,0.8597341158697067,1.3743415554770486,1.7704146883215144,1.6874713821093033,1.5263104590455598,1.1323974077745527,0.526817282109123,0.3376198178004213,0.27281179363919617,0.18696869766145485,0.1495440542466236,0.07202839845085263,0.13824499933228135,0.20790503492252715,0.48150183074774466,1.0027632096168937,0.8311893193638464,0.46342673068954615,0.39669061751506046,0.5274310875990831,0.4811993140906802,0.5602545786408585,0.43967242994538136,0.5861276376393654,0.8384660607892381,1.3341844403314744,1.8014691867388108,1.6673559221084409,1.460383947528524,1.0592078843158779,0.5894330914713392,0.3820647175341785,0.24264788601722576,0.28055813547773584,0.15385104404528022,0.1509451385809121,0.1969387719702329,0.2283452041410799,0.4778922246000448,1.050045004200729,0.9311991621350505,0.5631599897933851,0.3448278683315078,0.5097122579528763,0.4173166242503151,0.5119043717732061,0.4838391894696621,0.47796870317604223,0.8649112138758791,1.4662684064356604,1.814749698439072,1.6995531077043067,1.5157177220373281,1.009333507082371,0.5717991322875436,0.3341426279052529,0.2275211870762774,0.1897766937637305,0.12278020747647247,0.13542070066760825,0.14854042969969508,0.25122532170519224,0.5257416316378901,1.0276281218630607,0.7775470154897834,0.4902986494160514,0.34101813750721827,0.5139362398635742,0.4985606321344401,0.4829748650957605,0.4452107421872315,0.5519620158844081,0.8780776474991306,1.3115017907747504,1.7367078688720716,1.6984717302886567,1.4169679257010168,1.0836313048539674,0.6626818671557541,0.3207946402729537,0.25583652402396845,0.13695872720463115,0.15417348078739138,0.08859903506079492,0.18212602930679914,0.2747714582281278,0.5090212302215121,0.9977295417193828,0.9151261364410128,0.4788323815010315,0.489398651729699,0.7992385974369693,0.9416655111226586,0.7915258662821854,0.8875085517003898,0.9228862978047225,1.1848987437577303,1.328875380698893,1.8543344741357353,1.7306995205760172,1.425540169011722,0.9589503391867342,0.5711865768730199,0.320437770031615,0.24813472273779513,0.16480428457459934,0.12816423542687264,0.1221291077474143,0.24898335533833066,0.27808292031571524,0.5740547214309842,1.0346806332148706,0.8761122743858036,0.45269793699968985,0.4559833374959782,0.7690806050295514,0.913767516621656,0.8021977303929888,0.8612908644742395,1.0095324175359182,1.1649639622955528,1.4446573674782588,1.8554461624384668,1.6208640120036688,1.447308300763908,1.0907100440712312,0.656738770940003,0.38502214334996254
MAC000065,0.17259029607470905,0.14204633229757366,0.1358662446571984,0.07649012737161542,0.11968774696222725,0.15395801318344912,0.8771636577152947,1.2875318644231841,0.8237930429508131,0.23142448108335478,0.11859691684161845,0.19992259188285527,0.23439432622473436,0.16365164097755747,0.12737860654011324,0.13989338103996568,0.18818587188270477,0.8210515966185022,1.3978613634141326,1.4950536011680604,1.1466096203933562,0.7120875310409156,0.0876901020168917,0.01,0.08243969068191637,0.07636005029879078,0.18478652354752384,0.05303496205783223,0.12587013769130828,0.18206141323416736,0.8634201115635266,1.3013577964753464,0.8009815483577291,0.19882805431156358,0.21715049584980295,0.22256121403461976,0.2195186187551259,0.20843176860266097,0.22747944009117596,0.2610833684911875,0.15445875368861017,0.7612376620137012,1.491914004495253,1.5454007148485187,1.098596615006044,0.6943481120881788,0.01,0.10601760267383926,0.16584266048357332,0.17415897715705708,0.11826237612768813,0.13170420884431858,0.0990589044300306,0.07427412036113573,0.8257480888879867,1.4622413323521697,0.794363864632614,0.12749560806065618,0.24170450166793653,0.3247894058698185,0.11684748090966832,0.2236444215608894,0.13749655191015836,0.251405698088812,0.08665824626241769,0.7784637714290401,1.474413483253738,1.4798106086791853,1.1839842272376684,0.6544642297533335,0.0861572657047457,0.01,0.16160294198156666,0.11117955936266534,0.18086001324249062,0.18200950606490063,0.10359720461587274,0.11394387793403339,0.9167728846023019,1.381509241639117,0.7686553380133592,0.15196066289844443,0.2118963611841919,0.13807555644220876,0.22604229303745332,0.2491592376053932,0.1523197693092977,0.17276785185119772,0.16209911603505395,0.8272150325266426,1.454961681420917,1.5307396264005264,1.1941576916446333,0.6536680949910854,0.01,0.01,0.15811046457214567,0.061580291921476904,0.18782519726249514,0.12812740018918226,0.10834231130193918,0.11552319876477962,0.9568333705842353,1.2881032801605126,0.7109180208957164,0.24159969867439146,0.14756260572363955,0.1566701593791973,0.17147634219495309,0.24990377043779383,0.23410748454910615,0.18657116563745083,0.21365596390784872,0.7933372172051,1.4021000299111936,1.5023164200225505,1.0599463182040594,0.7522355277747831,0.01,0.01,0.14312351719513278,0.06761470221037999,0.07379830565935391,0.0701320184518327,0.01,0.11292115222409668,0.9881937734131773,1.3289392070774144,0.7494144531355453,0.17513955572678,0.2092106444335824,0.23770246895631394,0.15190596540413492,0.21675890477878934,0.18934281710467196,0.20857412256611949,0.21619474944421263,0.7257805501913547,1.4259224602588234,1.5721594183697274,1.1547718032993675,0.717317528605488,0.01,0.05052389604431459,0.01804851153411438,0.13234533504200882,0.05169526204363316,0.1722467609527341,0.1087101062781666,0.09915291063183938,0.8300248885397365,1.3885959534805594,0.8029278411754882,0.17955371965744224,0.2269018811979574,0.20466129148791362,0.19792821399904553,0.23277404810116947,0.2841975717794252,0.2077248780922201,0.2078019165381883,0.8204512524578423,1.4046029438389862,1.5398875234818643,1.1424767820202553,0.692725435294629,0.01084700709649805,0.08792826750673605
MAC000066,0.12673077255332468,0.13073719947436224,0.1192303185714858,0.15238766542857834,0.10749154557339921,0.2583862060309814,0.08173129925018736,0.9760074412366523,0.6895767864965027,1.0003483734954608,0.9850652368220746,0.8713021244924835,0.7266058189929553,0.6932514773061946,1.0084018886690258,0.9339438086758111,0.7504563640033463,0.7703422144437136,0.7671088472423473,1.1835649573372766,1.0660558748305191,0.9342225933889012,1.0715198044522882,0.17965154944114609,0.26768026161442227,0.1600924318478931,0.16908619950477344,0.07801228323262935,0.1476716405833262,0.1985837410758946,0.16049607861093387,0.9386517427218707,0.7000765435706777,0.9083084641491973,0.8904740599100207,0.9219163193184862,0.8273886916700912,0.7613670234480634,0.9588061228688276,0.9207437288531591,0.8632029720425047,0.6443488252536533,0.9482816389158947,1.166745222094314,1.0693601475680747,0.923518507580616,0.9648334161964771,0.15515532027514706,0.15380148433244786,0.17671328851906942,0.21076450863187773,0.1803487356585743,0.2482698592416353,0.21805374878682415,0.18690393758433074,0.9550729053033244,0.7641746311582587,0.8665573631659417,0.9356566414000459,0.7705259106384151,0.8164292379922415,0.6727152709541543,1.1509297821759608,0.9027258270030661,0.8069311209865737,0.6856682647822521,0.8673459566310375,1.1337451075339438,1.0481143420927512,0.8161396724572924,1.0479566267922389,0.22876766167360096,0.2466814113021323,0.08779299079663769,0.22381572600774724,0.22861296676757606,0.21385215832502408,0.16173986552327588,0.13308971373902992,0.995445348882389,0.663096364862713,0.9907438485046544,0.957472096162087,0.8188791198516497,0.7971767049871517,0.7469453774043499,0.9534057145871098,0.9516281262673977,0.6901615533724569,0.6533238244386237,0.8689202323943336,1.2139380635738144,1.1555875500715027,0.9292554671291335,1.0490132983765668,0.24197090483652875,0.1702374071454149,0.1675954533314354,0.1245489687182872,0.1322310061726364,0.18000635861756092,0.24060439043207005,0.210340929065466,0.8751861612296548,0.6463904350433015,0.9504269012939551,0.9646055603570731,0.8658627758351667,0.845288370219354,0.774609130117038,1.000230404279834,0.9172372880935614,0.8274502843568275,0.7589416574942108,0.9194093590371087,1.1744939115559732,1.081509119504434,0.8695841366476554,1.0303578540318297,0.28115600491598436,0.18674225965647284,0.2075880184877449,0.22401548003309663,0.08125171761613319,0.17023812167156638,0.17196297446903377,0.14630267957909987,0.8902247355383109,0.7749010137414356,0.9477784431799966,0.8500310504915464,0.8644535772419625,0.7713811730286486,0.8027383284653727,1.0244318227687461,0.9133589795700435,0.7917702082227939,0.6953614160997478,1.0026441872664005,1.2298453951324009,1.0417638039760995,0.9128923251658924,1.0195018892520415,0.19462158982678657,0.0608522271376455,0.17977816908934222,0.1097683502131048,0.21243858092799908,0.1504097216303917,0.1262865589869132,0.02916331749272022,0.9927578565169214,0.7173458636368621,0.9547987327915002,0.9151449240841832,0.9434045234380135,0.7300633713392937,0.6914210919095667,1.0284343801619118,1.001160448912774,0.7907969773905585,0.6690407427800082,0.8864505581104655,1.2412947348733754,1.1685915568529601,0.8563563651186725,1.0264305176709174,0.17828672955193003
MAC000067,0.8516800745808357,0.6601273862277733,0.660491410722674,0.5511678545482999,0.24562412929371635,0.02116634653221676,0.15004836389876602,0.11298843967586686,0.049367835769890414,0.10019552103762838,0.13827333174452316,0.09356617651774324,0.09988517844055372,0.1395654239981003,0.38474146754280486,0.301898370079556,0.24100618556122555,0.24274951314884374,0.2733286881856515,0.26113375250669685,0.5316332128502579,1.060008855043465,1.169953041616502,0.8534624882372391,0.790061289151491,0.614401940088019,0.6736227525507292,0.4303109012702074,0.28939709950590975,0.01,0.06726483205193587,0.15009968042144345,0.01,0.08052979179696688,0.11935377059425822,0.11117371182511813,0.09147453679681701,0.1127534124248088,0.2773371310474316,0.4045181215942959,0.22734743618305425,0.3659818660440848,0.31735305566682187,0.3387337903958635,0.655483958534479,0.9953990350600498,1.102996990474737,0.8653388836045497,0.7191076479181483,0.6887971081626199,0.6318826073957142,0.5581478346152283,0.28346742767340966,0.01,0.05985654018686246,0.05485276233952249,0.02245684014573096,0.04616856675271087,0.08802919582637435,0.15865466284682028,0.04031202034744909,0.03152201505761397,0.27790470664541833,0.32475164818195157,0.3690637233455732,0.30355288344314757,0.23558439153004546,0.24622418741364352,0.6251707270882892,1.0173803246206905,1.2343351747447495,0.820532326333852,0.7986758503353059,0.6522296426009311,0.5708253238760608,0.4786258342336511,0.24718265218496988,0.04385128250927534,0.21190753965457224,0.06498144764361527,0.1373541423508735,0.054988853076158944,0.19962726330131025,0.10491848587884033,0.1298118232843,0.05841136132760197,0.3567003590827649,0.32462278011854195,0.28892945153388583,0.2538837570061645,0.2960011532791673,0.29172115489652267,0.6592080714846134,0.9560051616070045,1.047470893338461,0.9119613705041478,0.8563454603680045,0.6204185202117689,0.7059931883250948,0.5976240110050607,0.23235167716704802,0.032107256467016565,0.1406141096541597,0.019482777830995487,0.05454820789702855,0.022208749732584576,0.08826062728194418,0.1612244939765053,0.10671107852546524,0.13886896174404012,0.29028820505091185,0.31274347029573835,0.24655644059516954,0.3030340324007303,0.2705798233448189,0.29986481390883246,0.6043060540243936,0.9518956109861869,1.248925928499194,0.968029600714585,0.8624942503481771,0.7934748428380539,0.6867217901191854,0.5266725541418845,0.25765023017173716,0.09973524933392787,0.07743099087212821,0.03596296773627629,0.1027954995852496,0.01,0.09484731883071687,0.038226592554091644,0.08391329328936385,0.09752540893485565,0.2902356552575051,0.2258527856841133,0.2484773871551702,0.33079050991164854,0.28000621913530166,0.3359208164668659,0.6162417222368705,0.9577260103313637,1.160930257908762,0.8459075144842483,0.8117068771747442,0.682746540339173,0.7425709356072638,0.471094639990589,0.24603327892049442,0.07211988696027115,0.020371958754855382,0.12425586626282517,0.06652903275386973,0.01,0.12272166538516555,0.05615679774025608,0.08272016566191055,0.12180636580069179,0.2896429995765403,0.2892334968573167,0.4311134280437543,0.20019104142089988,0.2435800544961738,0.2532752820813738,0.7052077947007426,0.9353869395847851,1.155558522244969,0.8559484579328726
MAC000068,0.8,0.7489105248294035,0.7421646228516535,0.7659981214249623,0.5010744108165552,0.7525245371539087,0.5012759185516277,0.5851317829964833,0.43896453259114887,0.41202174843123135,0.3653035115171539,0.4190248829739967,0.546476957980298,0.3930233616318797,0.3617822842529813,0.6557363142810626,0.5397622649899031,0.505181327237525,0.437574140804864,0.41841040984851097,0.3250288060744564,0.3571936492910514,0.3094771374783105,0.302321372889665,0.44241356154714684,0.5097743923140237,0.31930772969111354,0.4091045452353273,0.4926592658703539,0.4191720364901811,0.5471168498343223,0.7349213000022561,0.6656296568451854,0.8018880266497468,0.5047026056232756,0.5748928931343564,0.5473717041658465,0.37475109107138704,0.5106608313373884,0.509944493105441,0.49062648068216497,0.3295417502609212,0.4363347782933281,0.43415763870194723,0.38029880390584747,0.4563791273457135,0.5161263412092196,0.3163988076853199,0.4498062529232187,0.3995208288902817,0.38712570898265297,0.4320010541379057,0.5917917795128207,0.7370674366514174,0.3311580936262919,0.6636159298478383,0.317446762202779,0.5140622027598698,0.537391367460485,0.3119740684043567,0.3847988990212414,0.6887167793576927,0.5458547909065277,0.37979099975924513,0.368230943039144,0.32510164602643166,0.3147350110506364,0.32708409557596974,0.6383175688878115,0.5717699600079766,0.344343029024388,0.31032175339328655,0.4011114218312207,0.4658904326209094,0.5062983602763682,0.40012517067687714,0.6090121667442123,0.5514620745055765,0.4216853658033571,0.5159224076938155,0.3621925682115533,0.4277629622714808,0.3180977256695081,0.7306036262779338,0.5531210548040977,0.43443071943080575,0.3384147295182935,0.3350773487821541,0.43490571986896187,0.3093966228310897,0.43826986060645035,0.5037721172587664,0.3848627884292299,0.3036420733084662,0.38923320369264647,0.39926955817775855,0.3458240511206703,0.6379841275217338,0.6127017257726353,0.45622267961493457,0.3429334528457436,0.5593756031659339,0.3689357133582687,0.525949657813362,0.4167843785972179,0.3570654038193505,0.33568282708149033,0.3797365870815741,0.4219268146877707,0.32620687126193193,0.31668046082536877,0.3287457271676742,0.3070485685999004,0.33761920770784887,0.3948971438586123,0.5273108731445457,0.5265903553952845,0.4376243716636053,0.5212327144968958,0.35354167058392016,0.40458373798073266,0.30126797723294624,0.3331994544679086,0.41906261505866316,0.38827106515784715,0.42232045888103364,0.41103240302956023,0.6048281838294334,0.3542381259162671,0.49244870208758695,0.33430823997077336,0.32290943618680495,0.32719284337336596,0.35641571690509505,0.5787671033271942,0.5668876454109905,0.38532974464883846,0.3395705378097648,0.3827627077926153,0.471232696396107,0.31439050982865024,0.416023483250319,0.5759619967128948,0.4432577141423074,0.5805817466445882,0.7629258556538419,0.44822101305717493,0.33807605852689426,0.3123352510351694,0.4325949959832385,0.6004664476468777,0.33423396259259114,0.4261110033402141,0.37724255643133286,0.3698700315755017,0.36732928167341505,0.4365310188915241,0.5189895283564114,0.5827481926283314,0.4480664297876371,0.3711760731881674,0.30156920522390973,0.3349654930283493,0.5934502220155384,0.44772213032022545,0.4475817864815394,0.4402871583808387,0.38686437116634576
MAC000069,0.09390941979636946,0.13882788378171942,0.10678072891762182,0.11289141685438277,0.1333193781083334,0.14468469192797906,0.12314943172303186,0.09944625544716365,0.08845452622087024,0.12625138325659976,0.1503132114378414,0.13095516023019071,0.1598244957164998,0.07639459406432925,0.15265354412633617,0.12496220580316739,0.13566419727134735,0.11892649037283828,0.1100788462573565,0.13443773881582696,0.13087028372132645,0.09345575945577939,0.10899934381206927,0.12766573039685664,0.15305474217397133,0.11393754584274023,0.11112199105057591,0.15258768508012496,0.14648246790040526,0.10438298151545179,0.0786608310178139,0.1368298645238561,0.10749806841575117,0.07081598467741607,0.11321659944654087,0.10443278716102085,0.12093449778632852,0.1331811632373786,0.12622590454461316,0.09780140645424334,0.08810089461662331,0.11699322860786109,0.07465799404085188,0.15280633367456717,0.15103687934882887,0.13638962939344385,0.0987386027207699,0.09129267398795554,0.10618971139635373,0.10757859101485617,0.11191386091360818,0.07895601541483394,0.13820161994953425,0.17741279269919388,0.1322886276525343,0.07597499976980293,0.15374222488297118,0.07588414613570704,0.10819790828971244,0.10194653597970157,0.12310648663441978,0.10786222015591768,0.07797719397313316,0.07913093219342737,0.14107761446571782,0.10220629618058454,0.09936263346492519,0.09464118470321131,0.08488861159104603,0.10826469734878354,0.10345852493070862,0.11985022571811586,0.13047620687066658,0.13139834675708012,0.09209912401965609,0.09661293941116592,0.14448887869922222,0.15218430607928132,0.17230586797121333,0.14174740013958056,0.12547426646191734,0.10569768718617548,0.1413586893921598,0.13009046889329393,0.11154030922358582,0.14459662346632987,0.1240085340039229,0.10509565829591785,0.11282452871434231,0.08014093771893434,0.1441686640443191,0.15050886411644052,0.12539527815205442,0.11264376430412597,0.0731181559107945,0.07240617217875522,0.09354824166948798,0.1337442148495972,0.11846027436638551,0.10852361752610978,0.1324672873342697,0.15139158222057797,0.0926712369773884,0.09983927207730345,0.16614778897611548,0.16774747008537302,0.10683487433551804,0.1265041652888387,0.12663443009523817,0.10128309068075096,0.1101004943428919,0.09870762979493267,0.14732770177745622,0.10948208372170883,0.13233809462935914,0.09145629993940649,0.11031112460202201,0.12063798319839882,0.12956051899957105,0.10493185056276426,0.09688967813105871,0.06901357578027231,0.11954058121600787,0.08272822221131143,0.11790978549337411,0.0611627672264156,0.10355299375324391,0.1481368380114731,0.10834353384403596,0.09567934831586156,0.12154700808815273,0.14075374013758504,0.0851336026451236,0.0926170572123198,0.1424444546640946,0.16392851157337926,0.09168548753533372,0.13720308371098658,0.14333053378849483,0.10763620272566843,0.09582324573691028,0.11765190088839714,0.08156735609951664,0.12871449128483559,0.08066210240119946,0.11482979641157227,0.06723016558136588,0.14395590925779225,0.13783605797163315,0.11589334836782268,0.07579915669192111,0.144694404829859,0.11500886177970826,0.14282421000598464,0.1296680459127555,0.164516136593667,0.08929294234810542,0.09560067712999652,0.10788065651737352,0.12804115647293715,0.16336299234619794,0.15291605224836477,0.13238409220023087,0.08800981966873075,0.14618034431218552,0.09515061862215038,0.14709113542306185,0.09101915509593105
MAC000070,0.3215655456156575,0.6004699846181399,0.42465138231133287,0.4947442331006614,1.576369230011087,0.8296614257565319,0.21127232782362923,1.6317072930619418,0.40386016232114436,0.6130195546921555,0.6867237920258144,1.684095327483636,0.03391869065062892,0.7281605599416853,0.6579042428269459,0.921228993982389,0.3009194738776724,0.6090806354237265,0.5171742465754826,0.4216840815562069,0.47890975102570293,0.16555451500254134,0.8612298198603333,0.10775211690415461,0.11588756535853502,1.3204970687139137,0.4583269955594151,0.7429229412159709,1.1684717541077514,0.2735052956135266,0.7191595792076158,0.9170289133202421,0.5852613764781633,0.3704831454717075,0.7190388616418781,0.27684020859617686,0.724077498323593,0.07822290916696055,0.6768944020180655,0.6777575212844572,0.5596322462827421,0.2848970624811444,0.12504888712481135,0.04869146726177323,1.1894177944663764,0.21217165873434868,0.2695029543087438,0.1400530497487206,0.983937938739787,0.3452623131186537,0.5935839062620732,0.14837191135274422,0.6174151009567936,0.2611960849451421,0.8598274608302531,0.9983992529950084,0.24977822247492582,0.7240595877438536,1.326278795479215,0.2823900383266851,2.4536103472022996,0.2524424308556307,0.6336085846472038,1.8599619357081174,0.5186511555397495,0.44919715232464913,0.9218106739500752,0.8368783157251499,0.359561510469394,0.07227563691124343,0.4655048453964122,0.5536178418316846,0.9103300013742011,0.6780467994700748,0.38486932343706,0.5936420040045651,0.1031928727962428,0.5619822142376419,0.6351288046685716,0.3842458584251536,0.744619155150126,1.5311146313684645,0.4851123413442096,0.8796898192217474,1.2429999387291897,0.1868469647559876,0.14574289737891802,0.3355872924353689,1.2849739799536273,0.4861717189433989,0.4116873779630097,0.26105313640578787,0.16595997028663514,0.257510039973351,0.3967766667465029,0.3086795025017725,0.3606587350316394,1.179220831459131,0.3068304004929981,0.18438160352708252,0.8124588374570997,0.35623180986486974,0.37652979550783683,0.2581577144055041,0.47628545881518264,1.343988647356923,1.1748215173490009,0.6695794960961128,0.2994903608420832,0.7152418282056725,1.5003451105410186,0.7461144848225518,0.594779027312109,0.17645155664332848,0.7362424481829136,0.8402872506022455,0.5389978109784842,0.07958687563477528,0.8917330549650514,0.6677012158585888,0.5950967602717968,0.6719172376250274,0.20935879061232113,0.34488088610588424,0.5532786674327188,0.3984093184283944,0.5172869273423252,0.28084813503401707,0.44315026848237654,1.6985093425852233,0.5239894632404908,0.3752250156721744,0.18053773275907206,0.7066019955676501,0.5150252409426026,0.5928186530019847,0.2386560598077967,0.40860394705181363,0.4598235962663674,0.6640155747120008,1.7432970619352466,0.6365587767141764,0.7157955214460414,0.23403461222109745,0.09580582857399596,0.6594635215017156,0.33763668651093587,0.49447934305702906,0.21652195524796483,0.2374007396151538,2.36601996382308,0.8986390622407465,0.542086173921417,0.3513920316520378,2.3607215179169563,0.4590112533441548,0.6414510557896463,1.2769863437774636,0.2544300630466239,1.1546559684507762,1.1280371218965428,0.12000647526615094,0.6772445757438509,0.43383678426932665,0.2872941273670372,0.537293991022382,1.0561952544822253,0.65366288228211
MAC000071,0.22818221677661224,0.13207738797677593,0.1419325740619941,0.21696316581425967,0.08713038873639281,0.2838769305272836,0.5136294428125637,0.9176162254061954,0.7418301685709392,0.5201511424578614,0.42888182926619445,0.36640475199435935,0.43970022269579534,0.35175113468574676,0.45456914297175066,0.47083546687935096,0.5804530756339223,1.0223000321981097,1.4816225274785086,1.3633026244971722,1.1750551610772935,0.8745494030190408,0.5853441487050426,0.3835557375415616,0.299034482887754,0.2415756240706971,0.15640507388147853,0.0548427007106657,0.18585217929844652,0.1501453661128383,0.4850585620883313,0.8104860568262068,0.8258559090906412,0.43563097908261283,0.3540680100484953,0.37304007594865396,0.43547802613739023,0.3696554135942258,0.36878424467064697,0.3682666805576702,0.6306420355146167,1.087044895452272,1.5355783920547181,1.4070974054177083,1.240543103421926,0.8638524971830573,0.5261818980465887,0.210646670068766,0.23293600086645283,0.21948883263035307,0.15747214345136065,0.08089985076493826,0.17344270723923624,0.23780642642525684,0.3704603884911101,0.9469558896446973,0.6753669518350435,0.4451767068788096,0.36578972376494406,0.4629818857168854,0.39405898944327944,0.3807306316529907,0.41965007508343305,0.4386016702302432,0.747844256455398,1.1072983191854184,1.5389440268132313,1.4052193554754722,1.164350494383619,0.9507702429957999,0.467877482439243,0.3388864575011036,0.06254446378001718,0.17229952845726643,0.18604085375342935,0.117486374545294,0.1563608796417918,0.31433018235375476,0.521343886893919,0.773600448168407,0.7015137401742353,0.4020898138476793,0.3799869729689463,0.3924104631462763,0.41105985253439015,0.3765564385199912,0.3132303671320599,0.4180287632277423,0.7187170704878364,1.0927486855092265,1.469415944418286,1.3325243152799493,1.2164192478120233,0.9329021279638416,0.5786760843663888,0.29285305100162795,0.18415989553891143,0.15759650080066623,0.10399870619554276,0.14141717236990153,0.20232083508139986,0.2788180485255328,0.4600905068919168,0.8581668218102312,0.6711237506083967,0.32956184892759716,0.39159881278346914,0.39556031147398124,0.4376650421684277,0.5283184160008271,0.46455382819320873,0.4706288896440644,0.6871190083397984,1.0897011387700646,1.5418089695844337,1.4168749645254126,1.1530809426183826,0.8973755028458297,0.5726414947622755,0.4157000054359455,0.1117533062082716,0.09893348971445043,0.11993647907858966,0.13644041092599332,0.22980084639010426,0.29045226594554957,0.3647896300240578,0.8637556598743938,0.6528014783881939,0.35116344191376625,0.3935524196134375,0.7526036253634377,0.8702322866957897,0.6856194333008903,0.7339228395102412,0.791434539888726,1.1053703693564811,1.1002650099267475,1.520346410497137,1.3358608236269003,1.2696002759674556,0.9767545057104672,0.4856651960724191,0.271450503653983,0.20058099440779037,0.11526866116075493,0.1822529178103793,0.14773872545828498,0.20910152045788322,0.17498756959736478,0.3996874844704007,0.9031648182306913,0.8132234167931611,0.36963361216680446,0.38742228313804117,0.7124718805542186,0.8401758533465457,0.7118027124149303,0.7489421335398704,0.8745067620198791,0.9594698170360194,1.175273091962065,1.4916508642923025,1.4477925735857844,1.2156612445887682,0.8640128302528433,0.5158394310737109,0.22044472709182414
MAC000072,0.08255482711320317,0.14509823639391597,0.03925216805684205,0.09555946508472726,0.16329885877623682,0.13100808488722082,0.8793559324887075,1.3368628174888308,0.8039889517465988,0.2451061621869462,0.2373842213419281,0.29168144079966946,0.16966947033777816,0.13649071431858217,0.21783994794651454,0.21291346043129555,0.2020994183650976,0.7720496955289666,1.3848990375230785,1.5684085289267637,1.2419078173405145,0.7223965764350899,0.048263200029302976,0.0172590954516231,0.15820630153174114,0.1596420404531137,0.12242919791900102,0.1227803770892178,0.01,0.08857623523446917,0.8798706592157709,1.4109566066230044,0.7628526542850185,0.24922059969220484,0.1582669007705675,0.2574640310851544,0.15428464724116253,0.17215340920563588,0.1683517813504662,0.17753069853750297,0.26127429630637317,0.7930153646208233,1.502485202751804,1.5816493606263253,1.2010647203216644,0.7190208219896991,0.01,0.01,0.17220695908280165,0.13508791202962675,0.0638611983656488,0.11714217737094643,0.09448793033007365,0.14745673727964362,0.9156877858885172,1.4729123335469034,0.7723675318809252,0.19272139089030296,0.14913669129711082,0.20025225234163405,0.1255133481699538,0.21841662729679645,0.1995694197377508,0.21010163590668998,0.24174913118900168,0.820609720481955,1.4537291157130052,1.590945553257333,1.2100453154542485,0.6917934230146457,0.01,0.08107262540760174,0.12642321170691403,0.14051842022999195,0.020965364624042,0.15870567201421942,0.2640035333804962,0.18868814621683216,0.8885312863237107,1.530449664212015,0.8107444143469508,0.21766971283036343,0.18897058821490265,0.18767645559402957,0.08993763936573995,0.2417171005986163,0.18749248863066587,0.19293936461060784,0.2160092812112169,0.7886406843021283,1.5307593313923509,1.6788922175066268,1.2342950617105115,0.7005235396727892,0.01,0.010029678953887686,0.07979792451956447,0.13179842446637197,0.1556339840262728,0.12578124420811412,0.10019879450590732,0.10705026341107983,0.943149237534814,1.3613879828008713,0.7685467388248592,0.12199734831525558,0.20404233397128363,0.2454367827913546,0.26891649032716963,0.27977569116402956,0.16781869189473253,0.21484394727987596,0.18222678194509168,0.8917517936284298,1.5827403075374913,1.6271427639832108,1.1830866067151977,0.5357962508031224,0.01,0.01,0.04909381090736603,0.2153478202981725,0.056653368731989825,0.06835828966065843,0.07537923278677333,0.2513326758513928,0.9074181841297633,1.466107006335267,0.8181393665933001,0.10312194812429308,0.27897437238677036,0.22239723657132565,0.19625675005353177,0.2903487722215398,0.1850149521188049,0.19512164076645422,0.18508726297453076,0.8631841602828241,1.5582591391333778,1.6326701351274426,1.1614660166501367,0.6896867167912341,0.01,0.05801839108585704,0.04266907148394586,0.20112399881079873,0.1857880832725358,0.07547899487082477,0.10058122622058306,0.0857839191808634,0.9320524854042416,1.4870192043644204,0.8686505618341317,0.18069587533351888,0.2650827523915165,0.260933500727357,0.1929007035665988,0.2018694751081476,0.2794281032366321,0.25526049301661125,0.26358159822975524,0.9386388016196789,1.5449313433478196,1.635022428079887,1.2819512670920437,0.8075894420883774,0.01,0.01
MAC000073,0.16723722890954773,0.14602793320470592,0.13374828624828072,0.15067653292250213,0.20127054633154567,0.24615229089104348,0.1651750130112683,0.7881255130540765,0.7783640399246928,0.961876190910117,0.7593722735186172,0.8671528292742693,1.0064995691452114,0.9066502297581768,0.8333445210950117,0.8517455471048115,0.6335416173877195,0.7994353979285143,0.9727027651348409,1.1520973494281297,1.0776764837102193,0.9536831363827584,1.0387293951725642,0.26823694073522947,0.21499112221690558,0.23414557616975232,0.1814212712400033,0.1459251483864621,0.19886360508165368,0.10816357342143379,0.189814085485884,0.8178428684166754,0.8327044739631249,0.839975895320359,0.8052731147592067,0.8614574362411233,0.9839397125244711,0.874490855415553,0.9168506343608489,0.888097824073143,0.7587456007338595,0.7566782791961417,1.0148805112110777,1.0786466823851422,0.9337623766713864,0.8878157115907611,1.1427066102338694,0.19677653232852027,0.08964812019136031,0.12829290068409951,0.2206286639171704,0.13286154710028986,0.20790850098882832,0.15777511334145206,0.23005515975379875,0.8102056076109995,0.7967202785593229,0.8770469336658464,0.7147054496663219,0.8431049926802471,1.0023771812958946,0.8742072046054657,0.7381100254639755,0.7239941761866939,0.7318537646194024,0.785837844957648,0.9498433338659678,1.1611509975758094,1.0223621408806405,0.9616131800357441,1.09214579780976,0.12952068049290943,0.16095935007741533,0.12589070409011,0.19092912436476442,0.11527229866621094,0.14122137639246055,0.16683051834231624,0.04306795923833308,0.7921769575459836,0.7371007874800445,0.8417707380580692,0.695344509233591,0.8024467024592354,0.9765648175286565,0.8932743680313411,0.858689059012631,0.8414279501235336,0.8258266333492085,0.8427376145789757,1.0123146297875203,1.1719251450714783,1.047379431281236,0.9146653608983168,1.186429172311852,0.24094131490672568,0.19175331779720695,0.05856866237203141,0.0484022303226883,0.2182132275007907,0.17883435359672684,0.2134558020877455,0.07750482061466238,0.8323556223885936,0.7030092499902495,0.9122620785060581,0.7246498391714897,0.7986173867670951,1.0132189811980719,0.8595421093278408,0.8292766665262585,0.7118742466078908,0.8471386403939882,0.7812018590306006,0.9797588127727551,1.1319826280943162,1.1345268673102744,0.9365096602675134,1.2154678125943634,0.30412570929033433,0.03172232036578514,0.1927224588623459,0.19955490096932638,0.18514016842461373,0.16376006182691205,0.14348117357771678,0.15147550461883483,0.8925876842316021,0.849708053906333,0.8570444639421092,0.6823859011978141,0.8663150414813912,1.0138343330303963,0.8726122131253794,0.7851974303461706,0.6980960602801861,0.8152333619105174,0.7454733960102339,0.921952256456051,1.21907949070331,1.0356201036211932,0.9012252847381419,1.091398706229705,0.28545981695469314,0.10298637396368907,0.07636391682467945,0.1024819158857887,0.22200816421726466,0.12097856724752004,0.17459641312272345,0.1345577221585487,0.8096985880549037,0.8418175683860317,0.8694811446704414,0.8021226636776805,0.8971248622488256,1.044176632757647,0.8336250508658667,0.8398032759742838,0.8538499646539308,0.8149273362339896,0.8291848820144384,1.0112696484710981,1.2606813687201677,1.0113872813344853,0.9213823301245901,1.0932420852158116,0.24441184068687322
MAC000074,0.9900388981845767,0.8716758235031542,0.8735250336602091,0.7138741509047748,0.37257023371732395,0.13220781599739329,0.19275689672059546,0.15654515639973268,0.17786826951839538,0.1796355445860583,0.14667912527184743,0.13930464659282296,0.09652008294441551,0.20951731417822902,0.3801215332627813,0.32700152099279056,0.401010565217584,0.3727571494151864,0.3316920323872997,0.3346090675824281,0.7624903479939362,1.198280114599087,1.3383474120746277,1.064645764617143,1.0237755426347548,0.7379186488418275,0.7451409084355122,0.6506758833726507,0.35761789998561966,0.09774880421256904,0.0888151072168656,0.13873532976938543,0.1056255716330334,0.19656947579509687,0.13926512340423364,0.1488941256139514,0.11195412382612577,0.2021934323650476,0.3506440167662672,0.3211846382702196,0.3739532866230468,0.36551081708024136,0.3717244791679515,0.47752176620586545,0.7177310857527847,1.1869516191012812,1.3247305476167133,1.1764806124944767,0.8574564407261939,0.8726900848930826,0.6902199055073837,0.5794963712776869,0.2803743453540552,0.05305063391399549,0.1216515242118412,0.0444283540019874,0.16020171864865235,0.1748218726170862,0.19089183142885702,0.03166832237936604,0.069072397894317,0.08410556791427004,0.3503945850000827,0.4187331006995296,0.3945397461531515,0.3322457360313625,0.36452423417441027,0.3769837844002506,0.7487021617967875,1.1532014635947947,1.3508987066177742,1.1194026688468663,0.9145182356511056,0.9008542114688959,0.7691707172369101,0.606301027982537,0.3500628739386869,0.07237707406027064,0.13644690365768672,0.0688209870800813,0.11363716462515208,0.10573827995912558,0.07724381483660858,0.09243635650711354,0.0760095712622209,0.16672640475668876,0.34362113481963896,0.37507958315855244,0.2741011780141008,0.3442783329864314,0.4103813981521711,0.40238687489879077,0.7791026268945345,1.188573130199228,1.418967131512255,1.154005492169096,0.9274317989599198,0.9267813703381117,0.7131980329384283,0.6642330607316949,0.2817240906253219,0.15056674490309446,0.04377408385065959,0.05794423336712296,0.10256665556738448,0.06879132197611296,0.07266590968471216,0.10227944833094219,0.04562753960675599,0.11458351336420343,0.39704851043038153,0.299917164604508,0.3908499916913233,0.3887978516214539,0.4004782698176657,0.384427822759848,0.7748666808746136,1.2074331870496517,1.4186493221402245,1.1004509340988893,1.0507042619886449,0.930947396287811,0.7515956125156488,0.617903050036818,0.3880721648985009,0.22260010081870682,0.10676926485502707,0.13316787448556702,0.09189829120664741,0.13473618386641284,0.01,0.08196265065887459,0.14436332533534377,0.06443432204115479,0.40636867073648814,0.40464642889225594,0.40759771598182093,0.3532731200763486,0.41690306628287305,0.4710617913497099,0.7327437688194298,1.1565193950443013,1.3978641862545234,1.0955895899146137,0.9221406424999654,0.8427447073754718,0.8300687919116104,0.7058967140707653,0.2750099709934859,0.20147842418104522,0.08668682443430586,0.12495604845275643,0.11026666795708524,0.15411473080339472,0.051013161257202476,0.0818274255175252,0.06234703020655298,0.05536422857376535,0.34149333694550243,0.33684577116853276,0.41070792084519003,0.3592720129524552,0.36594967358443603,0.2868834038201714,0.8066938139839498,1.1043883483073678,1.411153666926882,1.1482641504431554
MAC000075,0.8,0.7565155132381076,0.6066838780508035,0.5060030980063254,0.38244526671256895,0.3358228098525286,0.3092007527704878,0.3950221155211332,0.6128826104806577,0.35881903832774076,0.709971267208547,0.36296653559238296,0.3386543876067731,0.3125644762768516,0.36577101108812915,0.321299306043537,0.61224796787958,0.607960283553177,0.4638301800547665,0.36914524428536344,0.3303292780409915,0.3938189132313825,0.4830589206471697,0.4558879514085643,0.3586591264778731,0.31678596477620735,0.5284459212690396,0.630456897010129,0.4338710999313803,0.36595736947225743,0.46463031567251223,0.42017381691685246,0.3344927287997294,0.41114834111874154,0.41368520104143935,0.3729462333885846,0.4741800160071121,0.33808073747490835,0.3907668265353394,0.5720146399771993,0.5749500504983419,0.5586352290156573,0.6513438426558256,0.3579164902835007,0.38851034204151713,0.5594022389388001,0.8974049104109076,0.6217300221754933,0.3268447493219955,0.36326568266503473,0.4044603830737239,0.3910896530666962,0.3765888166956439,0.6117251272883193,0.7661715903481774,0.5618741063081928,0.6627259311286844,0.7564585687763574,0.7399029260441136,0.6880643014505181,0.6440391691111242,0.33572722259797955,0.5088070848976108,0.3391116055016542,0.4943905966404849,0.6541857524341657,0.8769598898790245,0.8040759766690782,0.6219065559949291,0.4731917949991127,0.30230458011546923,0.3604532360655959,0.32924806011142793,0.4049366631999267,0.4482992018738834,0.32349403550417155,0.3625672731266358,0.5507092564041134,0.48801348407244494,0.5337704146645819,0.35245869594917223,0.4072395953042209,0.3629279086663893,0.41152084424547536,0.46737439510727086,0.3689310150022298,0.4144287601974047,0.4919770055497362,0.4522061822455947,0.3194790178598792,0.32732847734332404,0.32804373484685345,0.3242855750543217,0.4678770938638807,0.4656687780077528,0.5744510789620174,0.512798613789265,0.3044825052979807,0.3100097077876839,0.46543161233263086,0.36247152501523366,0.4155668972750419,0.3062430005987277,0.35517397856942895,0.3742505693866388,0.39064657346584925,0.3952355692566664,0.37046938660466733,0.34413281651938155,0.3276808773911643,0.3839759861114581,0.3170413994810439,0.5371650623462677,0.7310518645743631,0.49482794973462674,0.33770434692190615,0.41845291188341893,0.42752220438028715,0.47839188435046753,0.33558063368333324,0.30681737733905995,0.346612092917263,0.3106710781447739,0.47885469364047406,0.44904118713397684,0.60014765557675,0.6024453082476737,0.5414361530262916,0.40496205530309054,0.3098264962739849,0.421507094779618,0.4312881883418624,0.39114681816211305,0.32835980425201056,0.4070385929148823,0.3399668124010803,0.38052532745484136,0.30612012263388155,0.37751879292561696,0.3563372547812097,0.36981184890816754,0.37547643004789644,0.3871335648113018,0.30442425647233673,0.3796225123738772,0.512959577456331,0.5961467819751178,0.7247009479845063,0.723985281365328,0.37895420932018903,0.34442044438551167,0.5249172846259167,0.3261653529088223,0.5725356005620292,0.45694440057463326,0.4603313836965593,0.347448178972105,0.3508585875214286,0.49728633279241474,0.4437337860332883,0.42654850732204486,0.7088680339530458,0.7622514795095765,0.814198129532153,0.9226075747190743,0.8756838835733185,0.6554473576802735,0.6615628869951966
MAC000076,0.12634227087300884,0.09899488265227088,0.10128933679832267,0.10035112703036467,0.08501089147693014,0.15513316115114809,0.13991836670657204,0.08072204718050878,0.1685922734466892,0.10155768208181079,0.0902631009104692,0.08724983801527064,0.1531702155661304,0.12982854397352322,0.07501129315801941,0.07418894501488614,0.1288606788467046,0.13957044976512772,0.14945854368431719,0.11534720163098029,0.1422192735103415,0.13557354339193017,0.12049730151879941,0.12404344578670028,0.09543960008451868,0.12395517444492801,0.14283825891177374,0.09545911392231972,0.11609016259304832,0.11411512955724616,0.08717096943245024,0.10836145331462955,0.09895232013717754,0.09741993312818806,0.10895543140734772,0.11817563379968724,0.05755279214332266,0.12494188472851112,0.09211546551063002,0.09951186039753784,0.12725248166959635,0.1350398544445393,0.1371375419812474,0.07552889050954259,0.11017100349349208,0.11761258166377135,0.1429002007156524,0.0999194640642558,0.11925523623812764,0.13289979215734812,0.13412601989865922,0.16019034038065946,0.13727440895217544,0.128383205437335,0.1501878033820462,0.06815001313186349,0.09962239949811987,0.11939371517983816,0.15535686126890347,0.14212568550698568,0.10390471630478115,0.13714150809093015,0.07174879117820267,0.11622775406445898,0.07988728281212264,0.08155938043308561,0.11444350932109482,0.12273696929628353,0.12058761972574458,0.060635477799037205,0.11285848805670755,0.1448354343289803,0.16020313290836416,0.1439299249212447,0.05867988236087514,0.0850805709715941,0.10918370603274004,0.12183736128326143,0.13074697068528393,0.09386845701674666,0.14297810786731258,0.15507568222482196,0.10635505976360185,0.13109223573105125,0.11006514708323166,0.12479633737073662,0.16129359301977605,0.08654024018085503,0.14219069170110496,0.07775496228914724,0.10771400767044674,0.13077735677365038,0.09071653401488208,0.08566344469727559,0.09348709439539588,0.12141676143545746,0.12204923071118817,0.14442554648065015,0.09677115591348634,0.10360764752663856,0.10505444074326123,0.10182753199988397,0.07933855810057838,0.1426788455513045,0.17282002159295884,0.15918263354767523,0.07159705771172048,0.06776586730505167,0.11990145174926072,0.11848382169230805,0.14125606347800704,0.11235935059288073,0.06674959737428705,0.11206304387667108,0.17070533418502312,0.11422014756467427,0.15208802660711884,0.13821302835909974,0.13225988780232467,0.09182540064797563,0.14451998176951877,0.14008296871594136,0.10060355059166684,0.09062478518612099,0.11672065153615133,0.11657049470361812,0.12864347159976514,0.12338044185170918,0.1406138597389766,0.10381900913578748,0.13578731508579486,0.07196076036045596,0.11116934342933002,0.13359269730144832,0.1450038993338568,0.12933409368914425,0.13203660678376883,0.10994932492814119,0.09479093952452584,0.13134514817795234,0.0792171539368956,0.12125811830545988,0.07848625752620449,0.08631283004963515,0.13540432456370494,0.06479698991671742,0.12686621276294738,0.1353058753152733,0.12570835447617623,0.07126717298533677,0.07975745963853174,0.1557584579881676,0.1152315915773931,0.14489171990787997,0.10889037187332906,0.12364419342338723,0.08547070444799573,0.11315536689948853,0.1589598007289047,0.12257781872131397,0.1311888698729932,0.08559595033072284,0.15733033877288014,0.13921198712745503,0.09841708647107633,0.06757837493732534,0.07744483637830363,0.09655162262066029
MAC000077,0.14307624094559615,1.1763598101101713,0.3350311193080753,0.5226946464345589,0.5940795872270511,0.8421966709214779,0.3029265070858306,0.657169059534089,0.7367554555313057,0.15078641952585345,0.45082554256383706,0.6790073542501806,0.23364023057703898,1.1654861619443728,0.6190552472737659,0.658881869755958,1.325200014847592,0.38699096548338824,1.047514298956863,0.6521631276637522,0.5954363896635098,1.0860336941053856,0.7524094641490219,1.12522932468943,0.18048685515750681,1.0888636513927303,0.2460940521921294,0.0884658848686173,0.047947166148191146,1.3510009623579629,1.1640710112303332,1.0920126895242255,0.055569950836114775,0.22326611513767783,0.8208233122234357,0.7943482996125,0.7512471638487278,0.38907899296665555,0.5619845331867012,0.4102772887694925,0.5603767824373889,1.3122005159388614,0.41042098071348393,0.5478522432154456,0.08775759658229747,1.4119686485638423,1.2865807724231686,0.25081734110351267,0.33255278992016934,0.33325118839434925,0.1663049822907637,1.087023960504312,0.30864265183662637,0.4501747388961729,0.20434016190186488,0.2729901520015751,0.20680288388371937,0.2269029582926176,0.13677269777911485,0.0456205777289811,0.47590246133051584,1.3533723353887357,0.628425936533343,0.7911242630978262,0.6275743297246156,0.0627876153858943,0.047823466215777495,0.23098354897588164,0.5417173976735723,0.9020487938118227,1.3545647631064355,0.2915509743807264,0.41812206901943416,0.7506340020883878,0.6302860906720045,0.6053551941116052,0.2074648513075999,0.24018643858655359,0.10033464918691963,0.28068518035407364,0.09074818861749892,0.7182299658062384,0.9959552796791028,0.3689929089812753,0.4377135615176111,0.6793666356872706,1.0517961439809198,0.8904721634800153,1.6789216781378475,0.7590733023289896,0.7779880134584746,0.6457977342874536,0.6477515521663811,0.30860534278717516,0.46346272971509533,0.3358986843616277,0.14179586733657729,1.3025518921173673,1.8114996095829188,0.6418278761265379,0.41359176999568686,0.3307743203315313,0.3240515851902969,1.1228878757248622,0.25867323530501407,0.5946149600513368,0.35747094018069264,1.4765957636211036,0.29336736855964735,0.39093307001403094,0.14271425128913437,0.2278721883702359,0.4714886933254866,0.3844263765166596,0.3288112216154423,0.6142398800251584,0.4261363860502019,0.7717234073687954,0.4875464327102578,0.44013973192994427,0.47390233217308164,0.06878648691765253,0.6171278296278059,1.0413823991004205,0.0949986236032138,0.6509107926599262,0.3917620339729088,0.6042128992981816,1.121202141502146,0.33321045992550474,0.8275966563293203,0.29784489530142444,1.476677066684214,0.7050510031397298,1.1922466386234094,0.8850712164102723,0.35385453289163316,0.7656174139590582,0.6540911968011526,0.5848950825267895,0.5666631693342435,1.1287329568800315,0.6500734018358784,0.06544453523422147,0.9704612555861221,0.10590478791556762,1.2787368591715258,0.05781318407620548,0.8391269583880338,0.9653322891317235,0.5723716862635104,0.3472687999084509,1.1279513229837175,0.2406535993620882,0.07198617050774926,0.39163870833020137,0.7725617592983303,0.6094226981042609,0.9987850305017982,0.08697471764569815,0.7326606548016521,0.9364845261079384,0.577429479963772,1.6669365655473454,0.31357367997892777,0.5625552543746215,0.44183993501812563,1.0962479399604168
MAC000078,0.2518710152353918,0.2956014136620936,0.14571366660969268,0.11918336193077515,0.16559778231512345,0.30794717970050256,0.5097481301784313,0.8378520902227528,0.7820442081764857,0.3445429252087152,0.4286674893175645,0.3813463961619809,0.48580973690247514,0.37534369046378174,0.4216299833756422,0.5264665521110623,0.7234615948821689,1.2638967030608923,1.5848559251993812,1.5561678318423142,1.291789344272972,0.9828232627857281,0.5695069832140407,0.3333554021451651,0.1848221119220153,0.18633475157721296,0.22148927631483917,0.13145797615893598,0.1881797403295545,0.33147536557388724,0.5381023645130644,1.0161170584804842,0.7628705635463522,0.47851995074958675,0.4204733482379879,0.5262300031393649,0.4210725357894958,0.5575890556591674,0.48337526337654213,0.5662558092539817,0.690750706504846,1.2209147999055239,1.7002790613479628,1.4498998364182332,1.2484367175165754,1.0181945280360716,0.6350331283323467,0.45242652128824085,0.1904738868238752,0.1293225241683597,0.09973138932690082,0.1607230143747129,0.15110820556860974,0.18549240860352673,0.5442119310792092,0.927106393392116,0.842975686940617,0.49573170038502057,0.38802819650730036,0.45167724528222253,0.46885392374468315,0.4453719707888388,0.3618281949365326,0.3482400655206781,0.7418923056083236,1.2164411570313107,1.6262776197724007,1.5081802192439098,1.371254526764853,1.0321848185359501,0.5925827294297342,0.32897845736098164,0.22373270417049312,0.22756826173654818,0.22119986761886298,0.10032580512948669,0.08522466826830485,0.2687158793916939,0.4282043166776925,0.992243004519414,0.8168750724720917,0.4537739029586201,0.49237059274544115,0.44125507971009165,0.5110859131501643,0.5067462129691529,0.4224120905884357,0.49825689945294305,0.7300089788539141,1.2872629271571592,1.6851184492682267,1.6395196467382225,1.2919736013531493,0.966627659237658,0.6232452880883046,0.37814149222140936,0.20434352666873118,0.16288726912378693,0.11305096398209387,0.09290795521983979,0.15990805834171928,0.2824304744713088,0.5364541280087295,0.9742775042715595,0.8216597603381227,0.41274961900810675,0.4312118917661423,0.3658151235545309,0.4961909685589013,0.4784871747499751,0.4311322386411273,0.5182984365789635,0.6952441263527035,1.2639662446893782,1.7681442342418225,1.5505285734374517,1.309895459473526,0.8975832842582202,0.5937927769850055,0.3671914895761708,0.18339614376494123,0.1604242060421044,0.0716563688480137,0.1442917787195414,0.18600922118115001,0.14034759939825997,0.5161351935856561,1.0649136625592686,0.8132648341916754,0.48501522147137943,0.45580361702898725,0.8158311037190752,0.8155041161840247,0.7179440827315036,0.9110314681438414,0.9052707793358602,1.1403888867256637,1.3181779538019451,1.724984557624937,1.5936961138254955,1.3251474350188992,0.9624101203763472,0.6121313322388138,0.3525727304807884,0.21284297136483338,0.22193291220032627,0.24296781054661093,0.09107037621299746,0.1851527409444626,0.20293479368927,0.5277439046889563,0.8943364238573922,0.7708741086557926,0.4614499936837868,0.45635871169535835,0.7133824013280057,0.8551165035354734,0.7971242676699056,0.8490707952752693,0.8477577467057464,1.1198943627786375,1.2583534485776207,1.620185972666725,1.5253140591855139,1.285882497786562,0.8911074583643392,0.6528412076530504,0.3273979802628293
MAC000079,0.2016180843719931,0.1945495962518653,0.18366855046958203,0.09756124892146642,0.22860064212485648,0.044198802958647004,1.0141340960404528,1.4486985161363812,0.8010094874723858,0.26844697456703104,0.18710207839816662,0.28391299591174646,0.1129503447526152,0.2172433069989537,0.16087159410707805,0.20524265114996007,0.29908614779084786,0.9762649787763282,1.688161823449768,1.6936187555273723,1.2696780578611113,0.7838432576940614,0.01,0.03289862691310757,0.21679748654915007,0.08386773551378388,0.08824815222705389,0.07397947123221855,0.12028828392576985,0.13561260420822674,0.9985883007614628,1.596565283539657,0.9063234487547238,0.21873300944036497,0.22371448744920067,0.22594432284882637,0.21877851588541844,0.1878129837583541,0.16151518508175938,0.22878257445295183,0.19670370591984182,0.9129300640718936,1.6661145117071732,1.7740954586775362,1.3792359875031122,0.70560992602963,0.08846245738605843,0.01,0.20554101497961189,0.14304308008379657,0.10679905159917283,0.05941941177705966,0.10302674876341113,0.12481737732245449,1.0072551292901264,1.6239608886055152,0.8903455780606326,0.2376514182672085,0.23917440664073822,0.2052918336578448,0.2120583707311885,0.21632109450454295,0.25299144748502506,0.17602227950658653,0.19633986141204493,0.9044918294521221,1.6086912023919684,1.7790322455654586,1.302728423971369,0.8011048210839986,0.06869114913950645,0.01,0.17088627227999256,0.14303138948153823,0.11381020265086136,0.13333281670723637,0.19789907222673464,0.1244102384103557,1.0629646026550195,1.5456826942193675,0.8160535113773857,0.21433169813980898,0.14715343276774323,0.20578311229971963,0.20386279697481402,0.3125114999203638,0.3021370990708396,0.22593860617872372,0.28223653859850506,0.8667877435985998,1.5911531800910672,1.7997410638371443,1.3480814385398987,0.7289640316874902,0.01,0.04697833819461547,0.04882473006631863,0.160910284001012,0.11727744035762366,0.1609794105514873,0.18241651657951763,0.08928503948119967,0.940500602522388,1.624995340239632,0.8838155483987085,0.2380561088276315,0.2672072521975628,0.17360431571090187,0.266766810709588,0.2536763773272228,0.29516986028242637,0.29429786599067603,0.2248405436990741,0.9243276769310426,1.664742937919167,1.7806119439797101,1.273569343286714,0.7646157512737626,0.01,0.01,0.19900336828256066,0.17189769280180128,0.1386136371069825,0.12289898736803775,0.10598523246455285,0.08707572444116159,1.0384426725188503,1.4749293233103815,0.8087744143942702,0.2668866076719713,0.23206137211068034,0.22390998196513176,0.23202174622645746,0.32217300266497423,0.22447065810874775,0.23633324396488328,0.3245716187880283,0.8834953084675558,1.7488312748518449,1.6679991311143527,1.2719182939823377,0.7424419136829011,0.029199589347150064,0.08869952114767843,0.10346026961345195,0.18191385113513264,0.24486248393675367,0.21123926389124859,0.11280756024641495,0.17642937224953587,1.0144795606089272,1.518708464189446,0.9080395238475395,0.1979782219116814,0.22788639948354222,0.15274883147908036,0.13352216767970154,0.2073418723851812,0.23757579512355653,0.165275532946453,0.24798347974430315,0.888812343726412,1.6950279620964446,1.8206316639677131,1.397191134297787,0.8060041126309276,0.01,0.01
MAC000080,0.17737688282530797,0.10422733795003755,0.13004254633620976,0.21033706762216411,0.1516184325451435,0.11818136730467878,0.1359648780939271,0.8149276854176319,0.7550209635976133,1.0284553686234956,0.8627618235732587,0.6559029870595973,0.8132697967401504,0.8277626226698721,0.7651447442667338,0.7367293879879948,1.0495208058774044,0.8889643806078089,0.9421022612989904,0.9111018239440234,1.1520046961505612,0.9854093918906255,0.9934437383103094,0.23393089065799744,0.12274438929405675,0.10046796301584729,0.17780446940391398,0.20958789317237356,0.3147384394101286,0.16844591425725947,0.20644396284367972,0.7570497184140749,0.7839507126473901,0.9914750429976079,0.8725362398679642,0.7404270632597367,0.8753983018613647,0.9007641745898123,0.6748865619599457,0.757528232184017,0.9154267298427989,1.0257206230986402,0.9371231918326663,0.9771861136861338,1.1717626899592655,0.9024034604270129,1.094441115277756,0.1634515482518559,0.0989918577636219,0.087837929614632,0.21508073121569837,0.11951577300616956,0.09185404423510024,0.1806507660445535,0.09456954078952319,0.7694849443044176,0.7668806330355695,1.0077312387780477,0.7895770775643991,0.8104224104553843,0.8538564534031905,0.8590630458173509,0.754764284953071,0.7239295756756032,1.014874333399152,0.8667982270787643,0.883051553955321,0.9826686722703628,1.0790811831113893,1.0501124382278673,0.9273994082802367,0.28205448693603613,0.11301038115253398,0.1696766761432288,0.22056665694592975,0.10812105318377456,0.23284508897393083,0.150871007928437,0.15583023432314713,0.8055101547905771,0.8143078943320831,0.9917966383736002,0.8103169574985174,0.7547899841409973,0.7053426872463135,0.8072016922500282,0.6991911992705435,0.6604096530974192,0.8842991635071153,0.9999376065115497,0.9802875405798664,0.8973422097716675,1.1936422184539364,1.0771254056530593,0.9691760402125964,0.3085061050704716,0.14991697909440554,0.24657498944357983,0.20333943926050696,0.1317623373437424,0.1638563881754339,0.10993709154233675,0.15814151620949812,0.7048216670895708,0.7141684957151492,1.053607079510325,0.8983823301946104,0.7704386707844545,0.7557252294939839,0.7961576740692795,0.698980837808099,0.7030665218425929,0.8971612668315614,0.8928098534120358,0.9274002216726535,0.9164952213598327,1.1191592290857126,1.0781908987191826,0.9314673981410098,0.2297984183060265,0.18670381182812693,0.04292234280171871,0.18870082551962442,0.10877109024318629,0.09594605667102175,0.17924793990110913,0.18494896081614395,0.6909004185050671,0.7318805269341772,1.0554906958753973,0.8647677501033101,0.7020665770317708,0.7743454403017065,0.8069510972251147,0.703831945575441,0.7549679838322134,0.8963199137015749,0.9675836344742389,0.9779941650879356,0.8482792307007481,1.2462118835825433,0.9180869968318631,1.0397707914150536,0.24193358249505265,0.15103412963475282,0.10639776081165005,0.12570759679018725,0.18980466641186647,0.09455798417448004,0.12485559904422387,0.20282512018575174,0.7168985878505473,0.7500789661407261,1.0006011716684116,0.8434501441933057,0.7734589736950187,0.7769015459675453,0.7715637807683796,0.7484039913657826,0.7397850434990366,0.9250441519430477,0.9205375062299915,0.9231688742505352,0.9126158336329676,1.055676784129751,1.0320683402424387,0.9406118122769164,0.2769720110433776
MAC000081,0.9124670525744848,0.7147675384121973,0.681947368060008,0.6141664739042756,0.22997336962894688,0.11631140389063824,0.11358502639731329,0.1868211626568377,0.21123472858063702,0.1481337354344335,0.13026131186698534,0.12168067349915163,0.058485081581287825,0.03784411500822554,0.254775010268861,0.3405627710932487,0.2951061511126075,0.37238975962239373,0.2764742594116915,0.34536097539342975,0.6272153031873615,0.9766748704725559,1.1950451179334904,0.9181883429446662,0.854445134620913,0.7302162229877421,0.6190649265913437,0.5302502772827302,0.09857193613134585,0.07607843866980268,0.0967464599844939,0.07396475179878606,0.10496112242397618,0.14331535018431124,0.14802849564647724,0.14393529435769992,0.06428317730673856,0.0486167478324767,0.30463156864376734,0.36285032180610727,0.3482724251125592,0.294586387513875,0.38654430187075584,0.2772621480715465,0.6392612235957849,1.0560593519005745,1.2773939182003173,1.0084675588507863,0.8707290297666433,0.6985791548008128,0.7183266665294549,0.5182468155501623,0.2611924422034332,0.04580404207482326,0.09051499324655318,0.04402119164962673,0.11866668014547771,0.11581545713641848,0.1327447303484492,0.10931142064230763,0.10623048957406306,0.046031764660056596,0.2987912354193124,0.3276238345143805,0.3318148675067291,0.3159983161336505,0.3605208288211781,0.44853181266128117,0.6856277837675787,1.0120776473672657,1.2747868027206513,0.9193780480736815,0.8731996742927679,0.7841554140434683,0.6769367430085732,0.540649503739881,0.28890979134147066,0.06991421527572789,0.06968686384787026,0.012559088075321884,0.08890424499297252,0.20330579273637112,0.01,0.01,0.09792913004396875,0.13258190806913817,0.2654471223632651,0.3434994156421599,0.32461735028094746,0.3025717809876429,0.35175942905550306,0.28231835872624444,0.7162757696216424,0.9499591444820092,1.2315965651413525,0.9559228038617943,0.8471757989383418,0.7347997207187847,0.696829532475381,0.5499146617915164,0.2092758083505734,0.060886950789177524,0.09983540194673271,0.06767065636929306,0.07881614787788477,0.13371311597646637,0.0652084645987826,0.09030033272263858,0.08528212513777231,0.1487788111227657,0.3351273448234938,0.3727543217206613,0.29670583327626204,0.42034357873708494,0.37422429047748507,0.41559205588916887,0.675356041373016,1.0153151386027517,1.2243203735046067,0.961032201838085,0.8653192021393574,0.7399844435467243,0.6646846906943666,0.5830605431695222,0.24444325603595718,0.07663962365218775,0.16193739654470535,0.1550725654727495,0.05536063143066705,0.1897443528593162,0.05523497771785885,0.11540729406383532,0.16148935695127697,0.05519666293127657,0.2763029304520158,0.35722077557288756,0.32912158819103543,0.31534832180535766,0.2649264270861409,0.3985512147678036,0.6779672886175414,1.0799859583299753,1.2939689942321198,0.8636665161648802,0.8644453890788893,0.6846424977977146,0.7029218947174708,0.6376572083037687,0.28069877714126484,0.09160195477695343,0.12377234935452625,0.11884829252188257,0.08399958932289817,0.13042342964784087,0.08327290022599328,0.11036951059917616,0.032353385567848655,0.15262113504229655,0.2890806305974303,0.3485295139901903,0.2763485415889764,0.31052394019477436,0.3068823252531856,0.3588050236865656,0.739292000719761,1.0074237054744537,1.1900992715730914,1.0025396016442987
MAC000082,0.8,0.7026940959115754,0.7878527317602855,0.6619801745676325,0.477359580658686,0.572478560968654,0.5540065216664667,0.6231270058075462,0.5243499838174196,0.3280423524288122,0.6155549977469719,0.4462696399629825,0.3644362030338716,0.35922116203928633,0.3973567263423232,0.4318780826792187,0.380222558981157,0.3816648365546654,0.415760614353173,0.45163295562277506,0.39700506818479386,0.3621601356467523,0.39992282015576275,0.33343852574107097,0.34143893199075803,0.46677320353778073,0.3933648768393612,0.36405661673837336,0.3523938504828591,0.3167926625598977,0.41007571732907205,0.48802092395399477,0.3148953970644383,0.41236953725385234,0.3543787396514516,0.3766404784599131,0.316304233850551,0.4381505609252401,0.4426241239323029,0.4679189025542475,0.30368405678670324,0.32480912324417366,0.37923312819699406,0.3652423709978,0.5145176416436308,0.3591267695952232,0.609414694283448,0.33557148920488233,0.5527456188299855,0.5577161461357529,0.543466524543652,0.5259145755275378,0.5496117047641621,0.5960504094516742,0.5550846678889694,0.579790460583673,0.4075536847372675,0.37607309383319804,0.390229239599104,0.3784897279385504,0.4082569090917364,0.3086817047891308,0.48449743525979994,0.5849777882401069,0.5486865211011441,0.4142894116099637,0.34625406941619086,0.5819863034378194,0.6223629883801617,0.4093300468558636,0.35151365386705047,0.5859137971681404,0.5611664016688858,0.5866408355264314,0.8619344349943945,0.40532048982135543,0.4356879294744048,0.7178474730691602,0.6545066644373717,0.31826446378135664,0.5723665147108488,0.5130304642031178,0.47422951035880123,0.6145111237062559,0.5133065548110746,0.5290224908369401,0.5977053779693725,0.3618886031864019,0.576931551707357,0.37574539095819937,0.33825970207319844,0.31372143151389076,0.4306491325724682,0.4995975924898556,0.4422882424269112,0.4493416504686846,0.5729996981933554,0.5060087877629194,0.33269828576519767,0.36591546152885385,0.38695550254221794,0.35646890184290736,0.5775282312233758,0.5537744756326441,0.5016329508100372,0.32214996787331085,0.5352789350012723,0.4244884129326484,0.37932254101052326,0.36310987437725745,0.33508584908494027,0.6489031182266285,0.4307027824832009,0.3213123679930634,0.3129876081027268,0.48935146945503155,0.3419811133856683,0.3682355248913947,0.7682339936801952,0.534443622904385,0.3012903457570108,0.4999281082664003,0.3416043513674891,0.6187223607340302,0.6005995420322288,0.4477699773256726,0.5522460922254269,0.7278397313495413,0.512194361005405,0.5109267970267783,0.3648067131296737,0.3462355309234174,0.3595924273161476,0.3543147177972752,0.39450284418543596,0.43965849647564514,0.5699360401892755,0.4299496131321704,0.3896683620482203,0.307820624604948,0.5740494751812794,0.5620238029703197,0.5352440388776407,0.5746857564374356,0.6522805038322421,0.4960242890691359,0.5302417414941034,0.6296765084854944,0.4903507958175369,0.44347392161154164,0.30748323259581206,0.379569660543428,0.41213088224464933,0.5197276827932733,0.47423787499279485,0.3810540614695944,0.3034019924635595,0.41871919885254216,0.47998768934278585,0.3073531968150315,0.3968239676762732,0.351010728098603,0.3716116119161005,0.30284069483145626,0.4149832724332547,0.6112154883406928,0.4031415714561778,0.4182544923475591
MAC000083,0.08583693780135779,0.12193181820564906,0.1282460887671254,0.14447001805126294,0.147617274357769,0.13575486089961133,0.10541301228576451,0.10441350307372625,0.11152216010970381,0.09267295077718554,0.14643591595576225,0.11788629364350506,0.15564286089636453,0.0889131927506577,0.08069783977956298,0.13497154324311772,0.14208952984344128,0.1106674741059704,0.14169182956443244,0.11085488578571767,0.14029890598646855,0.1051575469055952,0.10794791765043493,0.10544105242298095,0.09602962708925555,0.11999185581910268,0.1140633547653519,0.13979595339848142,0.14347139858186908,0.1042014503682187,0.1725426944662272,0.15431722325246688,0.15140890748945193,0.12223254546012127,0.10565409645207337,0.12537881483466484,0.08606668153759385,0.13122541022610165,0.11949074344760555,0.14152083884782346,0.12061998659474898,0.09222506722621798,0.15765986672386978,0.09926233263414842,0.12669933119650026,0.11213775368793702,0.08704158223880652,0.14727526973029578,0.08597611795867846,0.12883877460802337,0.14609018818670283,0.07438996019617812,0.10471651873240208,0.1070518885608481,0.07635914689633345,0.11539124982867552,0.11078231712198214,0.08169339759280518,0.14073022745635466,0.09977643593964135,0.15731193215354028,0.15010490885425817,0.08378829539093574,0.14553936326459066,0.09837199328827662,0.11083092284004482,0.11988362328061089,0.13689158350868236,0.10075809569861842,0.05732624033849546,0.1535980072118452,0.15750932558949515,0.1422339545525498,0.13037917050232384,0.16350007033054742,0.09584889343702295,0.10082567391958402,0.13330904342691519,0.14106248847582006,0.058752652418154416,0.13093130389480895,0.1610348973386601,0.10912351420387334,0.09533228233110656,0.0824110744580996,0.12469334513732976,0.13391934737156738,0.09424837475854927,0.14025775314846967,0.12208882463508763,0.08899808604819362,0.13168297623556074,0.13400027638660691,0.13919429905110553,0.15936856364026944,0.11594777521118185,0.1041328533328853,0.14224941062814725,0.1229070633992393,0.1715517095592483,0.09449072037989668,0.10181346747175313,0.10792460788151281,0.16123412043751845,0.119367897065601,0.15238022654767963,0.0988063264580412,0.11467122442818285,0.09557831079195252,0.16188509396034495,0.08819568496920838,0.10062281691623232,0.08172970720196236,0.15915191526384243,0.123427128576121,0.1782926674751579,0.08779436298467498,0.09519315561543937,0.10434053297345616,0.13886616224774262,0.09424199158299293,0.14010763601019238,0.08885506695126168,0.12926022111375365,0.11670002614072582,0.10920265506605596,0.10886132475914201,0.07547514256995924,0.1627143583227217,0.1466186807268487,0.11136744983365678,0.14347903087737782,0.09545383188082779,0.1302704065300904,0.10686322139437826,0.12028229755519658,0.14863525223197063,0.08733130101119292,0.09306381314124865,0.11134987937476298,0.12783666027026114,0.07035348494858268,0.13323278051811496,0.10318667208942336,0.1311345330581949,0.1226834958509666,0.1467410543686625,0.12226313285429094,0.14750053099124386,0.12294868982514856,0.14129315431658188,0.13342168819778716,0.12453923252463366,0.1202919210175199,0.12577177420561864,0.10767696560555416,0.0986792345417673,0.13311654404917375,0.1074257007082046,0.09060601907395116,0.14239258086231368,0.15662875214941835,0.15636758965899894,0.13038034546667868,0.08331437442455983,0.1521623179261765,0.12199720392907645,0.0690277601555449
MAC000084,1.1490523637556496,0.5146761569036337,0.284330527469461,0.22249509991478256,0.2831765053100147,0.13090923177310654,0.2686622096747064,2.517228153005631,1.2455484655235822,0.5803108997996477,0.4003449977563999,0.7017124061300112,0.21759735717854292,0.42762771795578985,0.7051698841812694,1.1730944172557205,0.2854834437385673,0.1927691764675347,0.28870355492804634,0.02541142275621947,0.2613505324118106,0.31476894153519147,1.6477897064865699,0.5931380147101836,0.2502389465642974,0.3674393441252006,0.30583328983881414,0.31489009773967286,0.709763119583667,0.21990684509098798,0.18270482561632836,1.0183621333197381,0.612786799057422,0.04951848048739049,0.5578084471320777,0.1883082205695127,0.15119469194671972,1.120016926502928,0.2484299436636393,0.39656845845839644,0.5066913906086828,1.1491686106081047,0.18241333399785123,0.6358948324019451,0.5467836549542008,0.6663745962109137,0.5873711455519233,0.40379684197720367,0.500479247894708,1.3741267382333258,0.6370605481373376,0.5932959723897812,0.264895918332636,1.5936826253088157,0.5982965265958282,0.8556511209409456,0.18528329328477808,0.33422423152170916,0.2475991604623426,0.7385165038913488,0.12996185236500682,0.750915211445597,0.7267068209353393,0.08450941761196654,0.7032557717475479,0.3703433479420653,1.6354247134847322,0.8026432808854245,0.36268958603899165,0.5358710349587149,0.9174495192600182,0.10379939430759859,0.4803712539090235,0.8861736796969447,0.40150774946987583,0.7000641725835898,0.4606001372832129,0.09124456839491457,0.7535883492770964,1.1288336653651103,0.17322773189277826,0.5404275133488445,0.2047579340886493,0.17656110115247894,0.3067979621666517,0.7261102324807859,0.28782753053696614,0.2551027416189198,0.3579236890592314,0.40013149268613163,0.48813289636139745,1.5235551178530387,1.7899580901010832,0.5043535066394532,0.7488642158042597,0.07922374093626013,1.1088880433592871,0.5677239657910435,0.09621122665888153,0.9442338620139316,0.7209028360072142,0.8132272890414501,2.077343820458485,0.5075555794152771,0.6637808255951997,0.5591629589563959,0.30662711534245185,1.0436714839623062,0.5287322495366681,0.6403543738052867,1.2623414385826133,0.655507937212322,1.0326711170499412,0.11781281264776428,0.33213844910255197,0.936891802915887,0.44755125674173335,2.0954755578216386,0.32805377138584074,1.9391431245337822,0.17320064589375087,0.09076468699048536,0.17041907596741082,1.0383966843748267,0.11937454717848169,0.20360097219722675,0.2939299337629569,1.4421593012549763,0.7845026991246903,0.4577110207371859,0.05177846448322851,0.6072815138362347,0.13351806375582817,0.6585669752921632,0.820514200956607,0.6448696178977588,1.0578107163442676,0.2928962844118127,1.101093505415121,0.3270065099067067,0.19094897155293014,0.31155285148848044,0.503016741018405,0.16827111406588385,0.45450178697528737,0.6683437755342665,0.2869295972101489,1.0101496467565638,0.4425058649575813,0.0877732684754507,0.43279310815876343,0.1221933899813375,0.11472915111215796,0.2256986955374216,0.9140765946430698,0.6152433182356594,0.0798007681141037,0.9603579819844312,1.3186828074724273,0.5686727135227329,0.2684543994115075,0.3714215300801259,0.7040212403303758,0.017619298993730034,0.36701686960904356,0.13053560778019,0.5887060324928688,0.18555055488173958
MAC000085,0.27468134637824654,0.22593804774883527,0.16917500857549458,0.21400524189908993,0.16436403753591097,0.3262439203862176,0.5596857993535448,1.110435469419171,0.9544899548604575,0.5662072276486922,0.4338362862783947,0.45580721433037397,0.5813924241109638,0.4721009337406863,0.518895829722698,0.5111431284448797,0.8483141297755497,1.3771103531781093,1.7562545314194735,1.6739815358148835,1.43960512223081,1.1745914212713435,0.4845462905323136,0.36394953175630523,0.21091300452867745,0.1417949149021926,0.1328332659035592,0.14484297578163122,0.14411453816760383,0.29697248428186357,0.6499824946097456,1.075879540537609,0.8537302584695513,0.5019668033645577,0.4266330219235493,0.5369276613651919,0.5096235552290854,0.5191472624973854,0.48384871918332095,0.5762309528902304,0.7678195626900793,1.3648068804386595,1.8300368104964864,1.6531545203770117,1.409968246421932,1.0543681221706414,0.6514184322510085,0.4510072744165979,0.2417195055965188,0.19664481107167409,0.1557262057547572,0.1351879965394985,0.1728470707968199,0.30727137526041903,0.6182054832915338,0.956338400809119,0.9241360960411886,0.49273345269956226,0.46875690311016477,0.5001114611612116,0.5262477408770488,0.5210578931302159,0.48366309468371477,0.5690121958702183,0.819159636899434,1.3461588456858342,1.8402685471434512,1.6131436472138654,1.4733502717459022,1.1158121283354385,0.5618915345680057,0.36675457950178714,0.29933095120754893,0.2994397152786654,0.14740873921711703,0.15536120720463326,0.17404517043233847,0.28663057471185444,0.6326753741516927,1.0785254726294522,0.8194890305868661,0.5203194650373666,0.4247869859510111,0.42609200666553154,0.47685582067806837,0.4892734416606246,0.5007421373514498,0.5994509509697381,0.8849126651028978,1.3576779465216189,1.8210602543540537,1.7444593283992256,1.4949933182869068,1.0523098460578184,0.5999791362364157,0.4041563655861039,0.2723219525574694,0.17842258198129873,0.17521065955655693,0.15238066103569542,0.14503259871847798,0.31586517477833953,0.5595279402828507,1.0025795827490502,0.8551571071070727,0.39501080954985546,0.5792288455224597,0.5470466899038928,0.4668605126648308,0.46528514785374825,0.48065321187295307,0.6508726955382682,0.8608381647724185,1.4065615189364609,1.8101293569769774,1.736599541118766,1.4808535279391457,1.0800739727382376,0.6303438762821489,0.3582424610557544,0.292701286959657,0.1057198076103421,0.16766513018121862,0.1530787967309116,0.07918692011746467,0.26019220261773374,0.5199409448612228,1.0267297602404104,0.848894239011168,0.5697163188349769,0.4410682319018106,0.8693438569913922,0.8227225088622245,0.8138102396639008,0.7981364206090589,0.9288859500877443,1.2012141291727556,1.4090671215581059,1.799174445629549,1.749694980968066,1.4284922940007883,1.0916709788153207,0.5656265577184659,0.36779756942761765,0.254228731811769,0.19543600210224019,0.11134673363001285,0.17933960285005565,0.1387227996832564,0.19173097330297345,0.6225494520317204,1.028182645137547,0.9275233222876546,0.49561300421051846,0.4763047209025333,0.7928359014337045,0.9255820344934063,0.8175184424172172,0.8057119976677227,0.8131191985207842,1.0936110273274078,1.4334261296404118,1.8062241173266769,1.614607038201201,1.427752252644146,1.1052704090317689,0.574506402590124,0.4324063861638855
MAC000086,0.13957983858834278,0.02626710418849204,0.08062712409761662,0.1598712233770489,0.10228257159332128,0.17814248572682392,0.8203235668739122,1.4052329740124256,0.7807240081576876,0.1834358945586185,0.1368598722076956,0.20627617293134717,0.14533031321787246,0.16397211059997707,0.18874176180685853,0.17748889200855536,0.24716464663569887,0.653592960451223,1.4593948918767854,1.548062315582413,1.1742253834096184,0.6579993064989076,0.051194056748858165,0.01,0.12411240685922315,0.16207788401175197,0.12006522032914757,0.054004617157822205,0.09613587689720678,0.11125923789387537,0.7986600915983522,1.3348356259888854,0.7796872868857965,0.2963853527142415,0.21433025374387973,0.20366210938163168,0.28030655417772576,0.22516756027387833,0.232219902546677,0.17543036661085282,0.13250143108494777,0.7961830004345263,1.5594236215200161,1.6418528477078371,1.2075429743168231,0.6508828191446931,0.01,0.01,0.1283506734121188,0.09391453470438293,0.16756787766486622,0.043005689769193306,0.11102716523269564,0.07913066577491643,0.9305525787955838,1.3975566387264131,0.7415503448918174,0.23848564178853437,0.11463698312813848,0.10645040755946575,0.1515166476374561,0.09663010346196096,0.1901469857338877,0.19173575317418848,0.17549997115555016,0.8100464075884513,1.4321440819865212,1.5013194459185533,1.1347893461692895,0.6241942445824068,0.01,0.029800866522225827,0.029644181913348666,0.10048064281309395,0.16534600497114488,0.17105061696208612,0.08336380936795598,0.2281262878074125,0.8284077698550953,1.3590025827967749,0.7245862376059399,0.2174294502356836,0.3358361919819316,0.2879622072357432,0.23809484410406978,0.1654006339829113,0.18737850679159404,0.25157747503746924,0.23325046918946402,0.7872464923972086,1.4754092883982663,1.6189862868391136,1.2398199479716505,0.6101761509600037,0.011351485989174579,0.028908661465661584,0.09085728230154996,0.1814161297400251,0.10303905663528493,0.18280459755304546,0.09904797589227246,0.1304338269810955,0.8928512899115394,1.4535574251314345,0.8201504745811208,0.17289289068556896,0.18216242506019484,0.18196669372040694,0.1967000267443699,0.1485476012834988,0.19170857727799023,0.26417889249633103,0.2619576589461556,0.7048580910302678,1.3821539064260369,1.536544668027319,1.0856957004598915,0.6220436681121948,0.017560445733357063,0.01,0.03141817338549714,0.17596674183713334,0.09636704398796515,0.09155120341874048,0.16829288424628658,0.13800905749501013,0.8788671631820582,1.3456966907152472,0.8115816621988039,0.1741345289276904,0.1843567687411133,0.13695036944811415,0.2529031724410106,0.27340494312239993,0.20636981679867009,0.17146774030835765,0.24254764290843703,0.8125331692064615,1.4461251898026988,1.623758414422333,1.1534280915642035,0.620906678064975,0.01,0.05421720151641083,0.12260351194386936,0.0588333594898097,0.09730887334019064,0.17728084420166407,0.13115631848153805,0.11652110680377559,0.874467544905492,1.4244199496100423,0.8338340073969362,0.12571623638090715,0.24277156350939627,0.22159629593824362,0.2754244473612134,0.19231858090016493,0.2525367916168885,0.2192218045613131,0.140080273310159,0.834130505941192,1.5087847317425738,1.533704925053958,1.189126529692749,0.7906007495905001,0.01,0.03630842902771468
MAC000087,0.19557416512283218,0.14942094434376768,0.10849127249705331,0.1803162042239972,0.21695448515236015,0.12136267742464307,0.1552465868612341,0.9320725521333818,0.6494105635895664,0.9083729250178725,0.8926246052688888,0.8233508557330396,0.7275288445788197,0.7399065960666259,0.7899110040369121,0.8494749149816027,0.8181781876143457,0.8399708301547308,0.666299223294235,1.0973718142744355,1.1487730067476134,1.2079466805040435,1.1523783788944522,0.27901527099798934,0.16678298077036982,0.06385665935120503,0.17148829253044567,0.12914289283716807,0.18452857865310432,0.0958930264297913,0.17719279184655007,0.9222005548388565,0.7789561525952663,0.7241309820660595,1.0115425564490927,0.8152225598901646,0.8006730917364194,0.8393236351323707,0.9437678144644932,0.8316356967190762,0.989355125744083,0.8912050661320482,0.6919832887283494,1.1561735074593358,0.9697784176524463,1.2000995589677226,1.06778401501283,0.22386706409020082,0.12486232925320706,0.13088071830110326,0.042137485894609056,0.19451906847639522,0.05796904159716054,0.103687292280047,0.12274384684767928,0.8539103636867994,0.7780850195625857,0.8147116278367733,0.9851606068980974,0.8028725540521321,0.8264044526774112,0.7793675364880879,0.8533187931802424,0.877882317749214,0.9107418411621357,1.0580616732504144,0.7849882519542963,1.1256135887747452,1.1068077528367475,1.1895853251863349,1.156024946991987,0.35421269873505207,0.1399729021789689,0.21925264720825094,0.11706857729794964,0.2049925485844985,0.21679232548344657,0.10150748446140699,0.13357878415004507,0.865306711984391,0.8407511173057655,0.8913841683331518,0.868818811930195,0.7662861828174066,0.8248899232621345,0.7295840741571138,0.9017643242401673,0.859154072673712,0.9395714581986443,0.9695952216187018,0.7301140358628374,1.1491684561611204,1.023220378376814,1.1733287071888912,1.1746962860359258,0.3812360841417405,0.10973416779929251,0.12340088355431984,0.0998854349060513,0.13703774877390898,0.17610313345486203,0.10268533332584999,0.16764134409014153,0.8090173768998906,0.8056536203052727,0.7908696082527311,0.8722613094411907,0.8558198511043744,0.7908155403627255,0.8280131260931369,0.8734623290331986,0.9673635935957898,0.9511176009187438,0.8836763819329381,0.6817490910036761,1.1847937281304564,1.0364068500254797,1.2030859284314108,1.1992145581546438,0.1916566674909454,0.08857279529080928,0.15413554663409654,0.13564013294759317,0.19078533519996002,0.1041338925909685,0.18658423013846065,0.18800473794685288,0.8105243113341386,0.7478949400772773,0.8820426119258621,0.9086410606509506,0.7805436415422641,0.8555414678231172,0.7835870275898061,0.8217648668410708,0.910734576956145,1.0057518161242398,0.8534838167327738,0.7313848207271284,1.149071553138711,1.1364896103383526,1.2143589538223074,1.185338033854871,0.2798518079174947,0.12118117274615198,0.11831542999166028,0.27616716742857866,0.1313596876711549,0.1589012284516045,0.13036809620152431,0.08574093396276926,0.8185992535486958,0.7759557376794559,0.7431591504006456,0.8530403819598715,0.818084404749474,0.8239538973161353,0.7875347486101466,0.815991441177507,0.8508202143474294,1.0461660585565031,0.8503841881595232,0.7583785911237639,1.0585392970221372,1.1181231095367226,1.2249372965534446,1.1425488081856,0.21913057205861333
MAC000088,0.9148115358887461,0.8885245663838033,0.7371714991719581,0.5672190137675509,0.2794429896175052,0.10138639339211102,0.06691411280065696,0.19220482856330995,0.11363160273933946,0.11093929664780977,0.15313205439068395,0.11962268642800925,0.09252663430517712,0.181470008155744,0.39193770356679813,0.34552416633662636,0.37913503900229495,0.34372205909238923,0.32920157607792494,0.40970933994211267,0.7153740588730604,1.1251820503523873,1.3841468052934591,1.1102085261676966,0.8469844857078729,0.8100017669857944,0.6287150011681671,0.46543286320358807,0.3197202550410437,0.03987752525893369,0.14405694597863242,0.045744280746691054,0.13514592588198215,0.12024218040443926,0.059022378044573366,0.08058948705978705,0.1144573323230791,0.1322955021428205,0.43839060594151424,0.3809432485366739,0.3679348117856765,0.37138839540263585,0.3574530890611148,0.346812579318271,0.6937675014741809,1.1828465191746314,1.3330163321883557,1.0663748822630168,0.950250935698137,0.8783107722984387,0.7522703279369126,0.595877677176536,0.2618623451492944,0.1576925141114566,0.0847175503494405,0.17564466916331117,0.01,0.11483390984863132,0.14855713377499835,0.11013844007457103,0.11637476246014325,0.13438507509898368,0.41156813169894907,0.40039429123450376,0.4316567277724959,0.3465821233977049,0.4537590038144572,0.31853855369474704,0.7883400876609697,1.1832704812201698,1.48715461949026,1.0726998104561807,0.9863428672367216,0.7635710490857455,0.7831571151514749,0.6487524913460032,0.35415182510912335,0.058131675376313224,0.08083656160394297,0.11484971895551117,0.10221820711622083,0.11941209788034658,0.11404580408517327,0.0809636534057561,0.09382504701127277,0.06843353753167628,0.5080782943874902,0.3872053837391346,0.4580267549397743,0.31820276310885,0.3657968497074168,0.34791349810538263,0.7602355693487449,1.1737537663826623,1.3182589230093311,1.0815618295006622,0.9653703925735262,0.8609444867552332,0.7980555848484114,0.6820493396287469,0.3985891089765744,0.12272358545433777,0.15147330132905745,0.09626002867284666,0.11537737689354795,0.13482723804403596,0.08106430708110664,0.10886344976787077,0.04170512047343934,0.1674746241614641,0.4333694577466618,0.30955023961921463,0.4281055448079229,0.4186192800795029,0.38621543227875405,0.386337513018471,0.7690666415131163,1.0978467281570436,1.4903040274369146,0.9492963736853416,0.8788805044228262,0.8992883681806847,0.7863230320721444,0.7198667521901886,0.32255416094760864,0.0596261242533408,0.10903844546542857,0.1483870619086835,0.07103551771849417,0.052447893806809,0.10736148933704927,0.06966482414104888,0.09707817351945039,0.07489086575787107,0.39934649923998333,0.34772856203211816,0.34432203953156076,0.4054793606254211,0.3147063079252593,0.32492164805759843,0.7573767720971162,1.119797437559673,1.440145967125861,1.0051046919443527,0.9460223712419289,0.8028211125551173,0.8135797869652533,0.581846767868813,0.4132159752327147,0.10993968344219726,0.09654831642659356,0.01,0.18907649016279898,0.13117093559496035,0.044826466252301286,0.07971738801871375,0.023063218744701117,0.06688232990246964,0.3645006541492174,0.4520608941841692,0.49480531630566255,0.3968780284322268,0.29237529713770605,0.4866881027892147,0.6518241192369543,1.2064922216107417,1.3783907894437646,1.1194155590289445
MAC000089,0.8,0.9111598285693039,0.7452555850171954,0.34958531018119354,0.3785625297518945,0.3557071780411419,0.394844710867375,0.5268982768145913,0.6086137734355276,0.4622492942480588,0.4047522181441882,0.41585500691518695,0.5207904527869802,0.3099298613853597,0.32146128991002443,0.5962844082827503,0.441904265740103,0.40251758386843894,0.7689113211414964,0.6154979989104465,0.30580439070543186,0.30425380125991563,0.5477490823737646,0.6443190017115432,0.41128559840351764,0.4457734058596501,0.3829533267725742,0.484020054305677,0.3457054256711915,0.40845672472340344,0.6678804670519434,0.415944606188175,0.30197543449466524,0.49934163698305645,0.38394431961964076,0.4710477682306803,0.48734137205026656,0.5501425510980209,0.6084789628369144,0.587570659963103,0.38792376852300947,0.45720502213583647,0.6133018796700163,0.6840465357705732,0.8628521657959758,1.026838271048644,0.8700375708415704,0.9421729664826346,0.8452176046402495,0.6764773469703729,0.5748927033722652,0.6580471474040883,0.7883740353181603,0.7533486812613845,0.5806058282045448,0.4370325321428817,0.4752182731607212,0.37727360007895494,0.31402131099057684,0.46721158581913824,0.3544429512819107,0.3276177909085164,0.5018435196889403,0.4996442364290397,0.3616236804747971,0.3487593182517222,0.3339232363117438,0.3013739065792211,0.30498085923721874,0.39956996297164526,0.5149607277574839,0.6509079494211856,0.5161562728351335,0.540697195465651,0.6064972896912892,0.5121229524954477,0.351217960104101,0.35995019813634765,0.3458970811277709,0.4400570249234137,0.37202268246955356,0.38226445958557964,0.3353700604797113,0.559211530615317,0.520740717346941,0.8045952732811765,0.8352669811563471,0.714790268586968,0.42912431672670126,0.3163156083699868,0.3013048239551837,0.35553312781239377,0.37923871504728257,0.43643784339646896,0.36362390687821544,0.45654866924289256,0.3426018095479023,0.3196377148443352,0.5761346117827724,0.6107059414329323,0.706273015575785,0.3608606335614497,0.5045594685885308,0.3260111489540603,0.4268730472517629,0.34059959033936515,0.3638702055386038,0.4180318880940879,0.6466109759556324,0.5373747673978293,0.5221010594132183,0.6006451380622517,0.7777913517478405,1.0596016180461783,0.7911673289168681,0.7066352197286201,0.6955561605430911,0.5647453946803438,0.3463984069658258,0.3056361738137264,0.3622422231231372,0.5731916069251501,0.4095308028203666,0.4292965339734961,0.3820000548221812,0.3998341589731636,0.36718851726153906,0.32855191571507886,0.3461870227685366,0.4645054297625422,0.3022302940328182,0.3198627792029892,0.32638063000907075,0.3422840274216661,0.3349095954397803,0.5417863402178371,0.3069334979271061,0.46040412331570435,0.4264051508971793,0.3848752961040211,0.3858422298877215,0.4947185719366644,0.6688571137026251,0.6358020452882267,0.6748587469669111,0.7657162054088611,0.8034076622947626,0.5491265010037818,0.4401759021894639,0.47535925453301786,0.46201818074603107,0.5344724959124748,0.5724131823831895,0.5413555860271149,0.5095438164514098,0.31876757940506734,0.43993105691614476,0.7153304120250157,0.5398731711830247,0.3965310410992555,0.3994655318784221,0.30609709807721897,0.37087865283683774,0.45261006058619074,0.3154366226774458,0.30355533151143804,0.33956498770760024,0.6864729781113141
MAC000090,0.1344996134587537,0.08949390093002621,0.08322269443344932,0.0929895436641003,0.16045244928846636,0.08594759272590143,0.09479479642914422,0.1478466544269714,0.11139238414458472,0.0803138961574523,0.08039136568001233,0.11015394079421142,0.13719877137474715,0.13898610589591848,0.0987699003025593,0.09864862070723285,0.1358512200801658,0.09269360127762655,0.12963045698046835,0.14187131005253364,0.1590607890188171,0.12074045635781731,0.15288387986045532,0.13833470679598522,0.16572709081507125,0.13062795399312976,0.09727546806890328,0.0963893619578209,0.14436216041696573,0.11134821355577916,0.0920132517064573,0.15547892226643506,0.16096504490452293,0.11230968297580711,0.13284075877359713,0.12957644902331075,0.08926905328998114,0.09478680096440037,0.14288429460606933,0.17063830447651945,0.15354269306155613,0.11974943624447505,0.11874343309529123,0.16028585689487165,0.1425193068255726,0.1577808291746442,0.12369670620409595,0.11163418727303544,0.13901488232935522,0.12900672634657992,0.12551979738182734,0.12807560060342155,0.13251570296957174,0.0807046516232632,0.12080506434283754,0.1562303227186207,0.11451208335240588,0.1529518169237416,0.14983063106919708,0.16233572846667507,0.10145513351612086,0.07891654420798276,0.08234008192790203,0.12622808187905063,0.09731085070070912,0.10581470370926854,0.08424139636786869,0.12254127672544615,0.12790311525251805,0.11511013133372809,0.08372398769110405,0.16165406189535844,0.11685976948310607,0.06900141804684218,0.08751949204547962,0.08798548859809004,0.09852045001074118,0.12210822563310161,0.14764457945269915,0.10383124635306994,0.14864460321816608,0.15444263049651363,0.12082034087109622,0.10607593349968081,0.09921573131424109,0.1425717686865208,0.09276274166584704,0.10623668245831885,0.11325734087336321,0.14640493464336962,0.12275327598568644,0.11745848810969052,0.12105454157202054,0.14086007393779432,0.11327482571405519,0.12466198715450287,0.0999981217653,0.14591337347452002,0.09462339729880127,0.10270402838518414,0.09608627213732444,0.15961502786858123,0.12866217205612088,0.1244866434598045,0.1442321696376199,0.1521486516148207,0.11669213810487367,0.11833677187724541,0.1560560524039003,0.10525637568411936,0.11216142199160406,0.13666362972437693,0.1458645332447835,0.07444073816710778,0.09218776232941106,0.13920903007778576,0.08171738853427053,0.1600229640626499,0.09885170711041352,0.09710837334747123,0.11171951095632772,0.09012032132434614,0.08319405497639544,0.09534757767310019,0.12569163795768737,0.1094452579346042,0.11531828236791701,0.07334304085593357,0.11733075548447568,0.12286564438580636,0.07676746570161612,0.08115146546528615,0.11801093393445276,0.11109230108000664,0.10732010029661698,0.11571601604628855,0.14492377169822623,0.1589443650507878,0.13251838069358782,0.08967323179475102,0.14694518765175293,0.14447558344602734,0.12125462649035532,0.14556121690082896,0.11139443671835855,0.0984946693094658,0.1479058133852318,0.12152687698809785,0.1072421959132053,0.10345916547630507,0.15890006857364958,0.16153349994632304,0.0847335824247819,0.11053278438106695,0.09404182906276669,0.12506102421242637,0.1604952246716825,0.08311399042511271,0.11611669150170498,0.14549580526333453,0.14236788211353896,0.11888003580947576,0.14759920313445182,0.15031694972796292,0.12756126322961422,0.0890877238721803,0.1276436036054806,0.13834935054254582
MAC000091,0.4138564607683238,0.5718676235026899,0.45429547239225837,0.6105517173777327,0.2264174620054908,0.48385563168863066,0.6942333384409446,0.40283926164111816,0.6700982170723706,0.5512179434050252,0.444012800727471,0.8666243317140087,0.5017899279812985,0.7503390317286885,0.19099256072890977,1.3892688521046483,0.26508358776303587,0.6423170551427885,0.1483523964650461,0.5621195922349687,0.2181835541325568,0.695122510390097,0.6589822293119617,0.9445998725497463,0.5891166478260724,0.5474144974842564,0.19460055584360283,0.7776365577704808,0.9831561159139526,0.323845287646278,0.3004351613394156,0.9691125409399282,0.28724341499328776,0.8803156945158335,0.5803301709555679,0.6737906853794681,0.4339961994057138,1.4340795399812825,0.9514312711473492,0.18756816764117484,0.6729979085431513,0.24102297163333633,0.2660550736812806,0.2730177441954175,0.635880240172176,1.6223191558354515,0.8629161290441704,0.27263409964709046,1.3651215479885783,0.984549350156449,0.30859758449377106,0.47234159241261053,1.0648830083137844,1.2574122893622592,0.3752871408228392,0.09734389443269294,0.8991561834993956,0.9697944400025481,0.0581742642525845,0.5609539061801807,1.7838343902810383,0.7962821795234993,0.376261494297031,0.5957696851478594,0.4349954229631547,0.08217423617970275,0.2876925514353334,0.6595627646013003,0.31653891790646255,0.17413370156840738,0.6979401518284297,1.6052952465040444,0.3371338809353255,0.4888719087637951,0.23441770716704122,0.48500623017662897,0.30534973527233694,0.5507018500987736,0.34217603374734334,1.4396878354226186,1.4136658737744365,0.33166352415528244,0.5834296839929721,0.2658949857215471,0.9003556039495616,0.8372805917200002,0.38330396646244985,0.5034424989445845,0.4877364226856939,0.2798605830588747,0.28809328843263865,0.749877512316564,0.7666072043757358,1.360435989744934,0.032692313456768415,0.21646922655278233,1.5774703796735905,0.7603404326455914,0.16474366380569425,0.4120009269304122,0.5893852569225444,0.16698085310824265,0.8932604498881496,0.3607039167102963,0.34014953776232015,1.1677512882789025,0.37727143866121765,0.9480997661140882,0.582060215696087,0.9070252678328801,0.45552710841990574,0.5981477161799242,1.2122997266472908,0.6491854647968985,0.2665209414165632,0.37478690349659255,0.8742369662840195,0.37129598988840357,0.1483677502525791,0.5846421304066725,0.2946993292576894,0.5458310418519706,0.363663613656287,0.6672121458027146,1.5757457496609646,1.7895805799211872,0.39617127312993256,0.5472533703983035,0.6155512728216684,0.279865368040535,0.12050911592603575,1.2339934822985632,1.0352736188267198,0.14542604362540817,1.168095891644155,0.580475775832416,0.6093561711820334,1.1669410357840013,0.42300768724537624,0.40351234567791616,1.1845564673230335,0.07385645260536242,0.18817350033260233,1.0037784466370006,1.0960268385669363,0.26009794201750513,0.9961270630449134,0.9712743567662483,0.6346666405732796,0.546054517033886,0.36361019369763903,0.33740485010402915,0.10263330785853682,0.331203617896365,0.6239729768645398,0.13850962192476463,0.8092801546177667,0.4238440028119415,0.5239453522390612,0.8049375831744053,0.350072422547764,0.6192938063478162,0.7133764958697572,0.7396579003014848,0.734120232233067,0.2067829800490501,0.27231401083935153,0.8007098784512133
MAC000092,0.2589832354126632,0.06647224714733886,0.09149292307305795,0.14463344744345843,0.1141704207420878,0.18002722194498594,0.390148777273442,0.9029982259106187,0.6876210646368048,0.4281509143474127,0.4382896957784624,0.46543751936139155,0.3575947180493536,0.38624676834302246,0.39396722240578763,0.4366837311710262,0.5891513447222516,0.9208777731567097,1.4569254676746666,1.3862171801324281,1.1389565838364657,0.8134302723855524,0.4515455308691753,0.2939904195867001,0.23929725179603123,0.17133094809915297,0.01,0.1951800863170745,0.16809684620905702,0.15723963911362132,0.46084575608530115,0.8250085787583998,0.6810704558622079,0.33294674125804424,0.3223675342779627,0.28358390822383084,0.4638150883843079,0.33091276842522677,0.41070776608257703,0.4619883167610599,0.6031374923884757,1.0167771394904401,1.400104206892893,1.3480443705747667,1.1427686768882235,0.8428760540397359,0.47102775680669984,0.32832011168601116,0.0953749140405817,0.15606416794085765,0.11544358955828203,0.053826945994379066,0.11668981117422834,0.29545407654411837,0.4598165018496144,0.8615675143838794,0.6485644383632383,0.2993689931957004,0.41048478631652696,0.32754700538770243,0.3860260003840168,0.30632704599696126,0.4242183479019066,0.447798107716964,0.6163460595701639,1.0848730152159405,1.3711298601852915,1.263561845152682,1.0430668869871587,0.7491535035266926,0.5327308507084675,0.3509010592515509,0.08772290771616642,0.1411943899171307,0.12028114228100807,0.08250142704402724,0.09341903788549726,0.21590996062007023,0.39643112491024296,0.8162156506809122,0.6168482680475358,0.3541588086493833,0.32159705524802784,0.34747964790620967,0.45981999571122345,0.34615331720827375,0.401732797882754,0.28247747163910675,0.6230420848985393,0.9494679355471933,1.4513012194041746,1.3950346577222779,1.1003179244187213,0.9007360466058119,0.4393380082871998,0.3366347195194652,0.21479753479653774,0.13608932523266562,0.11455517155016887,0.13161423533524122,0.14446482774823097,0.22804630047552316,0.5382374944248708,0.9148547893296574,0.7132798726785027,0.4867471025313259,0.28064720701972024,0.4053513591599957,0.4456153918808569,0.35317370661587744,0.462417907467584,0.5121484466958304,0.6497344820730783,1.0187838847976989,1.3128317397598994,1.2421395675357199,1.1840680953006006,0.8009662441729102,0.536841370640511,0.30578459203785335,0.07127099798067849,0.13071755142224398,0.06710702136002317,0.15664396205201225,0.17857445774693134,0.20160867944671546,0.5083067985820022,0.8687152485992926,0.6494598657062727,0.41063413888372874,0.2958313602264221,0.6973822325817589,0.7829876232963461,0.7266993000921017,0.6337594631207705,0.8020847384624512,0.9570142018912485,1.0143569130556742,1.3348885396465318,1.2841350691339235,1.114871545071934,0.8030660307952382,0.4944943901187647,0.27441975090877185,0.20206790638853256,0.13640438423351997,0.03322575781006011,0.0550368092357406,0.10787709971698214,0.2738516957295578,0.3834980598268196,0.8342656825371915,0.6911929437695197,0.3225022682388356,0.3219381677641659,0.7219100600125103,0.7385367434702145,0.7521075290304586,0.7310359439533342,0.7918513558174795,1.018822747170685,1.0540196926836756,1.3952996743080954,1.3079292518184804,1.047208084118564,0.8436223263346307,0.4485200845953744,0.27685872629457403
MAC000093,0.13278172970079613,0.16724760452805845,0.18391366083231178,0.20240173278640294,0.16764716204699356,0.17815886434460057,1.1385102722332427,1.8438635177997602,1.0816118629963292,0.2786255459610986,0.2893756820555188,0.33964261838209436,0.2646298622263416,0.2874849621773438,0.27228985084233587,0.2568542744439997,0.2587987297392372,1.0381469553245979,2.014201796361548,2.143778514217683,1.6084572975966824,0.8555959930373732,0.01,0.01,0.1585115785257548,0.10686570296609874,0.16410052957622628,0.1467557925343295,0.13029011450886357,0.17607104142690413,1.230805191629627,1.8829166844728022,1.1058006430988108,0.2486754593363001,0.2893379117851114,0.26722912028346746,0.21937372608944097,0.2292726946665235,0.32761039746723025,0.3481572647921436,0.3050029944200026,1.04820180559433,2.091438490743162,2.1853499199564963,1.6328241840958557,1.0348065600511853,0.01,0.03864929546999978,0.12087414237901828,0.13127268688176216,0.29170726441644923,0.18672236036448042,0.2540635483476183,0.18878322345478304,1.2321523840317328,1.8540772786069042,1.1262483478924659,0.2706058136459088,0.2733641241589649,0.2562839246442687,0.2643014081537217,0.27058672095779845,0.27548437403751286,0.26680435778140665,0.19149791921957993,1.1044583341901342,2.013901297367872,1.988856553806524,1.5366476120174084,0.9190182687142028,0.06392981466598395,0.030385773152966408,0.12724662480494472,0.1520692072728763,0.21683134403028695,0.1307875492049093,0.1073064121754609,0.20563161336207808,1.2678348250595721,1.8551373408314347,1.1017418749732468,0.26731031380737214,0.23980695500035162,0.32777692230098693,0.23614179237677557,0.3071404688467223,0.27274412305893203,0.2607154777934805,0.24157901331495257,1.0280304715497457,2.0075572033774227,2.1291015661990897,1.6206676749604647,0.8828185700913648,0.01,0.02029814694729603,0.1279404853163703,0.19865330694402988,0.20408244196831785,0.1012467126711048,0.12368390012137623,0.09458276834510226,1.2331853614959023,1.8917760623459385,0.9973048837981808,0.23673804639721127,0.2847564006596177,0.27498790715313404,0.32984799441076057,0.21174433046295038,0.26889547031565225,0.21925230941081203,0.274847984609246,1.0683085410678177,2.033640210848816,2.13426486711925,1.654158241249962,0.9069570761221785,0.01,0.011261249495290263,0.2542976774636394,0.08553811613786384,0.10437656440635967,0.17318186643922778,0.2179654397678745,0.17692590779225556,1.18163155397816,1.9063969358405082,1.1031778358591202,0.2353308261431784,0.3105825860036894,0.26761447154842094,0.18185544545730514,0.26259879953832416,0.24088717084053343,0.33458490263621976,0.20289274511769034,1.053205064490221,2.0329126552883623,2.275674383417369,1.7137880753348316,0.9404292048495517,0.01746463407916972,0.030099242718879905,0.1109824106760488,0.1621113045501207,0.22941506323450395,0.16868485637498978,0.25909442511467595,0.13932225157181471,1.2075987653440279,1.8813470871436262,1.0122940355424077,0.32463887138622516,0.25265295961445566,0.2822461019506467,0.23942149703088633,0.35559847484652085,0.33097310793137535,0.27225785675644054,0.2081306029000002,1.114558830588321,2.074201100297236,2.1083567715652505,1.6088721514622828,0.9465334538746332,0.054348874562976046,0.01
MAC000094,0.22760508347548944,0.1441014309566685,0.03788978698114806,0.11074597220726451,0.2490301993868852,0.10847529707549584,0.13515355478768973,0.6762322041157147,0.9995576272686886,0.7952521765791285,0.687369810397486,0.6936922894088726,0.9863031621332242,1.0683925119394038,0.88398793565055,0.8172861788044691,0.9803135029308906,0.7838707407415264,0.7919435358857696,1.0607454309096458,1.2110039520001306,1.053847705468138,1.0593899995523557,0.2352501120696201,0.19892693790408258,0.27214836189433755,0.15002587443667018,0.15790558848255956,0.11509350381356223,0.2009432345378652,0.16055941900490528,0.6709974538537959,0.9383835011905189,0.9059736932569139,0.6896615442346953,0.6789246546476739,0.9748134360508861,0.9682434717272002,0.9593513350396321,0.859524567311217,1.0053366089819424,0.8237703810013239,0.7034603380307317,0.9132440964290027,1.2955628043248906,1.1808198368791634,1.003208684399784,0.2917335167675664,0.14838154936533765,0.11138444235584036,0.15368601629518353,0.15704390182640876,0.22447152895946487,0.15475172533197673,0.23523191725072787,0.7258361432093459,0.9457265374080606,0.8825240423086602,0.7716734945456583,0.7375734180165584,0.9825542583433017,1.0090633988051279,0.9791790303553192,0.813882410531484,1.1082224777058125,0.8020576348718115,0.7619115242337763,1.0118009003435628,1.0736324135442563,1.0936737432645087,0.9879247478582533,0.22217275942299475,0.09805702746882383,0.2401418859505664,0.09435231625994717,0.14042977999400805,0.12386917974024406,0.09712540892003113,0.18837538058047537,0.7561159972606876,0.9491757388638974,0.7620343503436691,0.7281395909343484,0.7555232098662253,0.958177257490444,1.066638209249841,1.0471415398329218,0.8070424284737151,1.0928409736620976,0.8082915399858005,0.7209923456646852,1.0379351982582585,1.216919995271748,1.089414972786457,0.9062429151815717,0.1701977002460736,0.08580536752179273,0.15052764715555456,0.12408527601016656,0.13112033715841004,0.13519109397915613,0.19887897522790285,0.1886999595348272,0.7130815315341046,0.9588512607911164,0.7648942419495351,0.6851218105212993,0.7986935227390658,1.0113878316626332,1.0139579274193533,0.9149702859075324,0.8298147402951462,0.9691895385946481,0.8143664655119828,0.7736235448702309,1.0561680938388038,1.3218513600128527,1.042892849664362,1.063512931660853,0.2431668892365271,0.11430378397419275,0.2586640786829954,0.23806785799802,0.13594810023699713,0.11387687789507747,0.06201905741234337,0.21272485030388347,0.6315362249385909,0.9667979024688007,0.763378089302561,0.7716296763125727,0.8259642629044105,0.8802408735354003,0.9988782805241615,0.9821059765148991,0.818056312333189,0.9563620667443116,0.9002793643189924,0.7079599530349993,1.1014109763610391,1.166427614630436,1.1263808307645116,1.0437652259096517,0.216854481245554,0.061087381159435045,0.10703801990284592,0.09102959479272273,0.1911968187464274,0.13104082546151288,0.2187013826146759,0.17864122032448781,0.7242509297652983,0.9782629931971486,0.7416961380048107,0.6922206058457453,0.7409027226578978,0.946222423333689,0.966661080698146,1.0188871654236178,0.7852986118807708,1.0176623353167884,0.8770626097573543,0.7588465030841858,0.9420707257749388,1.2052311310078676,1.1324568506221282,0.9875620299864942,0.2073238179734328
MAC000095,1.065106824383524,0.8876491096427865,0.9223970613551573,0.667877405053295,0.38448257830319277,0.21178380763308646,0.13095528526213462,0.10178180988141647,0.11950614718746554,0.07462150259034081,0.016589701840020732,0.14769570637413662,0.016575070554199073,0.049468150885659076,0.4154882087819525,0.3796212904200374,0.4371397128366288,0.4925594293414842,0.3998084385548058,0.38221175807288954,0.9136383024047133,1.33094610152797,1.5787395618070408,1.2211113834802632,1.0486657307972835,0.9243127866464381,0.7776713790590071,0.7436647780013166,0.372935276676831,0.1501860670625062,0.024320781399114144,0.16442756841552017,0.09491348513935226,0.012900882262081276,0.052933074437288785,0.09282917113846127,0.08205142523955006,0.1185255749262513,0.43553551114123623,0.40688521402433353,0.388985478128421,0.4197031217278173,0.42039996788317485,0.4760467643498961,0.7946770199027134,1.2912161481928144,1.6149386124324665,1.1179067410596677,1.0427438792176107,0.8973849076365454,0.762511475047959,0.7185931228449667,0.4201841456750047,0.22277248759803947,0.11578432173630646,0.14312919659367207,0.14496032506915146,0.10758645601309648,0.18191896480955508,0.10966321929846717,0.1721838563138925,0.10006076976763303,0.3549546309395364,0.3580666347192558,0.33168578420726447,0.47578258061483075,0.4764680980536618,0.3768928590281272,0.77183879533984,1.2579514985420306,1.5414475130391587,1.1320880125456014,1.0884874156623556,0.9279002852152549,0.8794048942595394,0.7410521522985614,0.29756163571345345,0.054861112839456605,0.12826850798254863,0.10879307373173726,0.18159012341523323,0.13738157178098703,0.09500054006557976,0.20196219837102047,0.09645173607392414,0.05096004687492041,0.4023196040821284,0.37232228028756587,0.4619742729924017,0.3561438267358066,0.45506154746772887,0.3995838962980113,0.7459771079696085,1.3180874797581783,1.5918720969026232,1.184006441728359,1.0514551824643563,1.0360405424861756,0.8852140377476725,0.7458916065489642,0.2531268682089872,0.08299597218042482,0.10720684862216072,0.14104433360401453,0.16268861718146327,0.06581447388984021,0.14686236029454885,0.059665191912995956,0.15343364118268432,0.06273998922398978,0.47473546445398734,0.42532490297032843,0.3934049144166617,0.42778954496167043,0.37988150621329386,0.41373909052066027,0.7753109418530636,1.3116046665658683,1.5199210014273805,1.1685631613433214,1.058896035590771,0.8986325176848416,0.9291119425630349,0.6971191812073056,0.40860335090569944,0.05966235483012619,0.01,0.13074783881932744,0.17118758560383104,0.1786462157210446,0.16457430261548583,0.10732826893884988,0.14668361877296457,0.08606198817756255,0.3820111591494889,0.42356015924079904,0.42446153360394423,0.38610283590764827,0.4217306465418807,0.4696800932544519,0.7808785496524135,1.3304247935436908,1.4643390153759432,1.0948405233396177,1.0761292836916532,0.9398760898880811,0.8309839060314845,0.7122848025389766,0.40146101823056246,0.14448386897905396,0.1413064089024098,0.1870571590198753,0.16304361788690075,0.12686438010979656,0.1706707249748707,0.10409852796613683,0.10542070474116196,0.1836207805850931,0.40124649328274536,0.43285150635720454,0.43019612018741804,0.4203622232537026,0.5026373904031334,0.4064540774769896,0.9138774652251264,1.2429945589641442,1.5301790688926462,1.166895518623752
MAC000096,0.8,0.8820505583383196,0.5973860638986171,0.5431548015154113,0.46161232926424123,0.7171031622773558,0.793996859029902,0.675321091854037,0.6112576305813662,0.7637798489464812,0.5350968257761987,0.4286370851838712,0.5416255888246011,0.543393869701555,0.3215687491026227,0.4715426636483051,0.4220779511603583,0.4615455065288793,0.31482356680068013,0.6243971628500214,0.7252603974728101,0.6269778819821141,0.5341926132095848,0.5808705374329444,0.5020767196615623,0.42164951486415736,0.4387523757121664,0.5793600967884844,0.5653206925857733,0.4360496825171723,0.4035098332440145,0.6189498359081339,0.7053209013540784,0.33892592783846276,0.34839599431463114,0.5560078854653278,0.6161640713910086,0.8259164419532399,0.8115061339476877,0.708404128744071,0.3660623695675762,0.3682197316385582,0.305842902331319,0.33357114606753807,0.4452583375411112,0.3546042058702754,0.5223845155292697,0.33395202719075257,0.5835621753505639,0.5604491014862572,0.5247236456489175,0.42974292553262294,0.6485121431663101,0.6687267292365264,0.5889054674403813,0.63349926512837,0.4214453078172092,0.48919593093026204,0.36110088898436093,0.479205516576995,0.38082811421653195,0.37890464391522594,0.46601461924749665,0.30921664784190944,0.40315607322751035,0.4442756029623802,0.5797815252873694,0.4147467775551582,0.317336079975589,0.505252081166044,0.5433842256034697,0.5444744696670465,0.5708479217917402,0.46474555817705704,0.4400765239410868,0.544736144130785,0.360519673669115,0.6006419824198963,0.6211790677395876,0.844058732517093,0.5317257518687648,0.30254256637801236,0.3538949074815798,0.35895540159675987,0.32434225148113777,0.5086610738767054,0.4966583856985451,0.41492497327331557,0.5824681130104331,0.5734079527884481,0.4476906714462024,0.30738656010796706,0.3373953572955119,0.4482042530036545,0.39387065967228907,0.4014177826414187,0.5958208700273764,0.5894420781449337,0.6055488118613781,0.5257441645159364,0.5793655969198304,0.5917905616652155,0.5461694527860664,0.3888686945142975,0.35272992236332557,0.6601868811535712,0.3804064721829996,0.49705777520402883,0.4360813962484307,0.40707240556106594,0.43706365325652125,0.6298187346624223,0.5349670347099078,0.5219735606156115,0.5692532168666595,0.660958610000931,0.41821351481071045,0.4126154368069387,0.353036613673745,0.3132473349603082,0.3062749804447665,0.3442758375974702,0.49443511212948055,0.7812745432040997,0.8781408286499623,0.7368225365122837,0.6204932550858588,0.704283570349643,0.4895679798499205,0.6987231716494051,0.7177557593656723,0.5713570810193594,0.5458035097978483,0.5783852478728779,0.44466062479922724,0.5636503563993764,0.6886621359232561,0.5521007512344325,0.4177279612193273,0.3724843273171233,0.41916106024548044,0.6395071633863775,0.6196198986181591,0.6837080383239289,0.3221732908632298,0.3850612598911502,0.3045601203752949,0.3908110946802166,0.49922698803849763,0.4203343893424242,0.3962978454386971,0.3283147286461266,0.36015247777232573,0.5255744701890783,0.44606341831956003,0.4257290762229252,0.431812001743639,0.3264640410173404,0.3292550246827094,0.3033115522159098,0.3319099778703516,0.3662743414588505,0.3776472365369596,0.3806029286304994,0.3510718460738829,0.5024978014674755,0.7393570277079342,0.417908550411964
MAC000097,0.16111309830729886,0.14371162423784303,0.16133368093449582,0.08326656635789398,0.1541488936823481,0.11872323000160212,0.16443075633410853,0.10120625829604467,0.13144164656537252,0.12826274812086821,0.11431477681234566,0.1409956413638317,0.15181128468945412,0.10624681361658506,0.08482490648859435,0.14705303629182542,0.1306547080645334,0.12921748212235262,0.15510913839467755,0.1452233979296893,0.10830482760295043,0.1261819337232911,0.13296407350635686,0.09758634335794988,0.17083555689414134,0.10427609809028969,0.1331792039980004,0.08759717115625497,0.0782753457087028,0.08361446577030794,0.10779454056222398,0.15019834346980346,0.12554826604199343,0.13151638170760424,0.16781408945688117,0.09595319378037305,0.13518325472850296,0.10943574885039019,0.10661033584203292,0.0973903764883574,0.14172571488031382,0.12830023182571665,0.13816716039323537,0.08048591133804632,0.10806467583668498,0.11697235174217892,0.1293281856006476,0.1503783255857923,0.1439983405612447,0.12033868965196551,0.10949771826304547,0.13038070035694002,0.14791751121989463,0.10528790859321115,0.09975979226718369,0.14503825914148205,0.10371388002219892,0.09574937793835803,0.09642809791508111,0.132095159803014,0.10360991136064346,0.13345018584460688,0.11216767430686428,0.12075137268692207,0.11118606538801531,0.09276810520220412,0.13774675590239302,0.10966690504281858,0.12327252978930502,0.15670599053320647,0.1203397022560769,0.10482668325372935,0.11851777450666044,0.13004788245088222,0.15634869262016649,0.07950123100299775,0.12051889507619462,0.09053324161119299,0.14104232351360096,0.14941025885986717,0.11392732008075677,0.1290873499015597,0.12940735360496375,0.0873435900427645,0.13387409635023423,0.1564188777484194,0.13260831492771416,0.07827234166957654,0.10713257571284909,0.11726673043347345,0.0853480473130622,0.12925874317780198,0.12431637435137048,0.14803576046431222,0.13185528317136772,0.1306414443814635,0.09329522279264142,0.07757852075317395,0.0874092294241403,0.09726957943812238,0.10060082829439779,0.11661050533452029,0.12312271214261047,0.09693403057437174,0.09851642134833533,0.1556889509149961,0.13346734947961197,0.08316507118807973,0.15531581623431603,0.13874202358958643,0.08580612029970557,0.10789658556619222,0.12725641900450368,0.1297587918480026,0.14033944249130956,0.10014310224052235,0.11360210358726393,0.09252029238658771,0.11760072816940374,0.11022501766590223,0.12112435664336837,0.11029533744235949,0.16903261420790672,0.11465478035330463,0.11089909678703758,0.11579265262158084,0.14618260066475897,0.12237929412941832,0.11097340044776845,0.15365082493400314,0.16764950497416625,0.11139149592808427,0.09661620827854672,0.15437216056593492,0.11222769392378576,0.08845637700923872,0.09650483870177025,0.11652732187503174,0.13121208193797396,0.08746514949537083,0.08331717550853983,0.0701527094343732,0.09384407040425316,0.10832729022017404,0.15181081017111353,0.07961169652530008,0.1341951648125005,0.10220654938487236,0.1350981770369968,0.12771771675102395,0.09780812402590766,0.14978278514514193,0.08993493337422764,0.13356717869641357,0.13725794537450692,0.1284460576964285,0.1586369806346564,0.07095094256953248,0.15334299718076258,0.10868460883854897,0.09195616067648835,0.08938751789031549,0.1504422098338775,0.08879461732762615,0.11978279768024032,0.0928734028734006,0.15313233749805624,0.1370620931894831
MAC000098,0.3601874419456765,0.8117545563120451,0.5095499427530843,0.5145830257440099,0.23921978620683004,0.9672281889854113,0.7680988399251775,0.24844779391820412,0.5279451881068881,0.8918810611953744,0.30844563038358963,0.5711573322645913,0.0732457564055274,0.8675148692788807,0.29816991752677363,0.5850015450973743,0.9427335013260449,0.6929953392494556,0.2136086170554738,0.3672511071290634,0.7251886575516104,0.05538432418619751,0.6768278202376692,0.22713847017044864,0.7824958992790811,0.6554359054331992,1.0120050826461044,0.9149761795502405,0.9230467372180334,0.5492670406328095,0.5171473942693486,1.0137051743602719,0.5030474213353463,0.3026826723102409,0.45489084098723687,0.5291323310198136,0.2900034899906676,0.438167374857,0.2797330070933639,0.44508995609502466,0.2805803379501308,0.2852526703081586,0.19533260064315347,1.1768182104766987,0.6863695446171157,0.9606533378631645,0.13685721451673288,1.4520892508366576,0.2614630078637186,0.28181945757092297,1.4943576323832224,0.3982822824555106,0.45254688036329493,0.07396320568330887,0.5164325200129264,0.22669906840794254,0.8136640783145095,0.7411553632453928,0.5644477748438255,0.6923703123581887,0.482869108536873,0.4718575530009627,0.2079964865967509,0.87156089380106,1.5701832911285687,0.44248106482833033,0.6035293807658183,0.9728095709052327,1.2812001019922166,1.2410150796073809,0.0916299389346698,0.0911366916029862,1.3126303366899166,0.6937408852110443,1.2418584459892585,0.690630599479131,0.6286462736044328,0.02254601728145008,1.7751908966008145,0.6092670825873253,0.7836229331436971,0.8419822961244429,0.42848892514107134,0.33503011226020885,0.8747983482374763,1.0615983427900073,0.9353980580665869,0.3753616808308305,0.5082067860841779,0.7550040248601445,0.34189995933706113,1.018372040204626,0.8836895248906173,0.5154946716178905,1.3598357239402612,0.4440690417423219,0.6992073364521955,0.6801224854754052,0.749264365296628,0.8876347523676743,0.7199169243263631,1.2518859112557894,1.0054057300648354,0.1753947577336273,1.5121710084017812,0.3796832778677537,0.4474201459634355,1.4260303189435597,0.4325159029403492,0.3247474840588649,0.3302883723932925,0.1668205150067713,1.0851382909607679,0.3886390209663477,0.07270135815402957,0.4037251801463025,1.9965633138137586,0.7418210923695425,1.024414190182881,1.0594050397363342,0.12628641383839884,0.8860226055673092,0.3071999300296574,0.4739831065213381,0.3208444691192679,0.1715032940493666,0.5816807783549003,1.985196012057865,0.9154052207238599,0.7258999315925808,0.12948666426148026,0.14380153607283092,0.31001736036087363,0.38606372971245256,0.39821564900628753,0.36597515856998225,0.10816529431343423,0.599578830759284,1.9941984203096743,0.3106109495461336,0.4370798593146971,1.1004881679431853,1.4605130214512774,0.33126304296261505,0.4724090391373254,0.6329144041755829,0.700141666459509,0.2973314526942737,0.6349026952666061,0.9845455003837773,0.40550753960148644,0.9117913855182647,0.6846383372515271,0.14142816032936661,0.6607245054393288,0.5413315719272171,0.06416565812052902,0.15601473713799777,0.6579135870899525,0.3061218862457947,1.557591895684896,0.43872104551203733,0.5016471074591141,0.48634562218812144,0.8286037639500865,0.5973884653400754,0.10601692743938428,0.09963641873499572
MAC000099,0.19340921765034355,0.14097707363639092,0.09147184711780837,0.1368820362750782,0.20144284077118255,0.2191129340237029,0.3219984461650286,0.610190407939077,0.49284083947840907,0.3749138172122559,0.25213987974924623,0.35580830213546055,0.32529665543045194,0.34257867806482944,0.34165681638040657,0.333753558023375,0.5797654843019835,0.8785354180332101,1.1664515042551729,1.159740922247256,0.9845596177211079,0.7273584573769664,0.35918945367826477,0.22939342867928636,0.18360984074851072,0.23848473384876684,0.18999697803602061,0.07604227469662247,0.0830562805919568,0.2688011480663056,0.4029300870182103,0.6809672948715452,0.5863935730511031,0.26899464237211074,0.3404792286152499,0.38488167305740406,0.4250396534219364,0.37946698880163576,0.2905830470664487,0.41760266349935987,0.6116635554360855,0.9587765915621345,1.2442149225584211,1.1282484375555892,0.9076616669914034,0.7971242293968275,0.4124956043314875,0.3093070743159707,0.2730584630318928,0.16971972669141586,0.15818399584058065,0.05265814500924442,0.07964166246585569,0.24555312140640498,0.3454162483820936,0.6372897579815536,0.49702011310247696,0.3206302826996573,0.2785648583452975,0.364783333154198,0.2985794751758515,0.3920485516763906,0.24597216486167112,0.31359716210664135,0.5455495285841974,0.9141790554726233,1.230535076782227,1.0599034443727593,0.9706082120477135,0.6204501049294484,0.3045692522617269,0.3399979945837588,0.20148586761443968,0.12411187252686384,0.01,0.07653559580656687,0.13844950394731625,0.15929322996808656,0.45095790870262237,0.735819495678129,0.5339015239591471,0.25167124385104844,0.3337615214855706,0.356940884345708,0.3858388987512879,0.4074433749356605,0.329486372852823,0.3775864511900854,0.5768498856965849,0.9732612456747334,1.235923009840124,1.1202581708701214,1.0013687037971597,0.7091657311374219,0.3899320930493,0.2546704203599449,0.13320347191931556,0.12000605884496916,0.057134036986361526,0.149389561807744,0.1267030328041363,0.21783078273814654,0.3970096576627918,0.659250057453337,0.6462184293842996,0.32020341763761273,0.2719730309988466,0.3256136781269634,0.3597370834217123,0.45320969858577786,0.336427399955556,0.34861735811325417,0.6335295489790542,0.8300135173009239,1.177451428823081,1.0909026198753846,0.9527408511445936,0.7216678429905526,0.43611172339164644,0.26945638065787814,0.18065337212722607,0.12128794652912755,0.1639180583662027,0.018841659477773443,0.01,0.2193415425024915,0.35633499401280394,0.7902246066121751,0.6321918984927783,0.36090328126354654,0.26569223840264683,0.698681326350137,0.6782152728588244,0.6761579758324946,0.6402882782372719,0.7358527528173003,0.8760818784509623,0.9615563235066432,1.2241863748971609,1.0932269354571373,0.930584195598949,0.6408566647890704,0.3167141009103621,0.2952359126387987,0.13135035136472348,0.06343140678171394,0.12166069877297321,0.06336586289733463,0.11254679499678796,0.11769407652268876,0.4053494682709338,0.7087607276922105,0.6050462547726119,0.3100788897836501,0.30238609508314984,0.592121047724194,0.8117612936289148,0.6939136721416301,0.741977557485727,0.7095901867395995,0.8361333551783939,0.8869449152859219,1.1993609543107113,1.112857229913485,1.0460330204631063,0.6615715569318156,0.38408961227588084,0.2842471325479794
MAC000100,0.01,0.0951420535128436,0.08457544790522713,0.056805250713484495,0.08721817703058421,0.11715646895165777,0.7990537778530554,1.3174727948441372,0.7254198403314006,0.18279694841088745,0.17250768369405167,0.12043222847638724,0.12242932836757175,0.18815942082594864,0.1442129285185657,0.2120172401442272,0.1653677275969041,0.6898536748916915,1.378879249060439,1.4583577420271092,1.0098895302486115,0.5464265316388957,0.02856284349932873,0.01,0.11686615197832383,0.12089639015096805,0.16944064638884934,0.19175305328413456,0.052073360335347735,0.10181315330432987,0.8133831584242766,1.3508229737896214,0.6565256948441315,0.2539031553411514,0.21025580105460845,0.15465686940051276,0.22573883949403692,0.1633789192183439,0.10132119160243538,0.18817340022254656,0.1689092166588952,0.7042235137563339,1.326400607440899,1.4877674172786706,1.09200210597757,0.6136607847886867,0.01,0.01,0.08014401062222729,0.08894577404766152,0.14560873633440868,0.09070331054501032,0.11694269781311628,0.09003666965916952,0.730856906965802,1.2857949529018937,0.6926861798057949,0.2154798542612969,0.264876564647131,0.1490604289391285,0.227385548237309,0.16152025708965845,0.16674655102182417,0.2010155602048005,0.0837947993892836,0.6422843928201263,1.368804162096651,1.3260671438015623,1.1470102520175076,0.704187954214313,0.017681213237079836,0.01,0.1647232803743595,0.08603264963366788,0.09042489789051195,0.10241104189667395,0.06789868397140492,0.1738527459764888,0.8825897280226784,1.227826074787898,0.6910134589214142,0.16466101862638177,0.2422287380088625,0.16440195698012783,0.18998602004069365,0.12876336151190715,0.25822152641243434,0.1236647043805067,0.16154840670553136,0.643184207547785,1.4276837212816984,1.4554274691966207,1.1816780146846135,0.5883920952818978,0.052465043496464504,0.019673011777571175,0.06960863472069734,0.07631327728607618,0.13666403790164275,0.1073710600747664,0.07505280620762596,0.1966870186214449,0.8217804672505186,1.2561182014328278,0.6744158931089935,0.1561040817013428,0.07497451479741875,0.18222454344601194,0.21878875450818253,0.25388563530782066,0.16124919674726304,0.20609447981586765,0.1648145627083771,0.6389851773311652,1.263782249179074,1.4515361856919944,0.9914362060918572,0.6246688949590578,0.01,0.01,0.01,0.0724129879540728,0.18264490985460013,0.1216845948878936,0.07187880938001952,0.06832509104501097,0.8360797009326635,1.2783258230174366,0.7611099479411109,0.269307761229882,0.23649158466252515,0.23535855212949372,0.17509656837822066,0.0681068874821896,0.07379602078619867,0.20447873716617648,0.1521194994212105,0.8085899334942761,1.4371555960353564,1.461060734767043,1.066507339658525,0.5897196531417924,0.07860591225863564,0.01,0.07212230833709983,0.10278357312243322,0.09546121176597933,0.1974460962256988,0.11787417652367363,0.11009348404943124,0.7511367920394008,1.2980263195467043,0.730651718073956,0.20860961557262944,0.1847728609684675,0.16481834827672068,0.18460592746718746,0.14349092213414255,0.18983663350108265,0.24667908134080907,0.22621736434734596,0.7139144448093061,1.3554941626221368,1.486265413222118,1.1113882815479585,0.6373952376909862,0.01,0.01
MAC000101,0.21037263169394488,0.23067713128383555,0.2031558735910389,0.14665886095962866,0.05350324322746555,0.15423534751136975,0.1705750077402677,0.9073290456212929,0.8426856221126634,0.7823219719583466,0.9318086745962678,0.6292689559509755,1.0277030977241572,0.8450813566705755,0.9249528950144612,0.8239182637795094,0.8480402068808867,0.8713713420905522,0.8433315061881022,0.9572076007566779,1.112966454900011,0.9520442202022902,1.1314698699888468,0.2252986163684327,0.10061189315041877,0.13089032185699953,0.1399584385349622,0.13407653011667406,0.22243327399089252,0.06254720185092746,0.10459888251859065,0.9319794355540773,0.9215830142937448,0.7797262008247574,1.006606167325542,0.6914681218762454,0.9637247444770984,0.8904726974596477,0.9028815318550445,0.790298204277496,0.807889008180387,0.9587118586087879,0.7856366586208434,1.013188527087129,1.0355267560690846,0.8825834830951674,1.1661822427716104,0.2531369947432548,0.27593010281122654,0.13774594404557977,0.14497872776506748,0.2168497291823845,0.16124423525450216,0.14506383842780238,0.14332207021915017,0.9051074614990063,0.8675765404372987,0.8901943045060853,1.007576513301579,0.7723181651423948,0.9937300771139026,0.9918725232269135,0.9136840743630573,0.8461716944081391,0.9347795687822286,0.9772124829084475,0.7924193207036166,1.187137116254379,1.1581509660119167,0.9720211922803239,1.1086344463181523,0.2989885516662515,0.03442843669071832,0.1383894190549909,0.15533343043846062,0.12753977876407857,0.229165141707498,0.1551877621511055,0.10193904108045157,0.933064791918456,0.8387586441098545,0.735266060283742,1.0228974189482913,0.754038617866401,1.0324548184776718,0.9104908872476564,0.9205643146309829,0.832472329435256,0.871031065892547,0.9395368817652571,0.8606019839049474,1.0537265204323456,1.0978794590651173,0.9004179788706843,1.130384258782335,0.28874181510588204,0.22250928496551475,0.12412502262038451,0.165758348679782,0.07954627980260799,0.24023578975825827,0.20730126059799167,0.1208097633639951,0.877763320516678,0.8793009568568465,0.8317231103055922,0.9876392388087148,0.6996639083126276,1.012037627693462,0.882535298422789,0.9523497716512238,0.7913843841610242,0.8655202014091714,0.9301910141522776,0.8012823202348153,1.1597960985188946,1.0218847805677995,0.9440148099642395,1.1740926079879586,0.2880459536659363,0.024972185237873645,0.06565301416482142,0.12257750092145023,0.19601223397802595,0.13679830579001467,0.13475974913463257,0.15078937064799366,0.8533579020627937,0.8423407723657614,0.8325265624590309,0.98111990406152,0.8247831125801299,0.9716831174300756,0.8954733584220635,0.8881353547118818,0.7486262632394708,0.8756981267500974,0.9301431581875239,0.865009049112013,1.0751485184691114,1.087341678682477,1.003265780316489,1.1433518919252201,0.24051815763154658,0.16416245172680566,0.09080478556035068,0.18439741817933256,0.15357225492937518,0.15451110634889975,0.1771399749255244,0.16879535715936533,0.9159602533504446,0.7993537555036693,0.9014006554558258,0.8828919011269479,0.7146951598682363,0.9555669532971275,0.8539307730394694,0.8500773420593035,0.8934627324558242,0.9081940047309622,0.8934297122966592,0.8653977683963044,1.0383546444545495,1.0600740235437913,0.8710178100247524,1.1598179948595373,0.21838465979029353
MAC000102,0.8827648679150247,0.8369300352347234,0.7196428412222566,0.6287467812271377,0.19292712818012386,0.08841007075103315,0.14061457269258737,0.01,0.019476870408187033,0.011651984524196454,0.13288333957843407,0.0538664336932031,0.0402990968837713,0.10309619063127148,0.28918631284391894,0.3737947578005118,0.471911255994165,0.33277997581491686,0.25406356851409007,0.3285701270419115,0.7269279039407233,1.123319335556425,1.346434428196226,0.9737814433719792,0.8891223493396152,0.6801796499015832,0.7331323846854492,0.5365742267330716,0.31104430740053746,0.05678513054394357,0.0960037550306114,0.1482684853066789,0.07848790448384002,0.06336420378044641,0.10047611917090077,0.06822285350220184,0.053256316383808344,0.19367658424368422,0.25847265798074287,0.3839078159960236,0.3444349160176245,0.3099231770274864,0.3685849537670721,0.3529351539134019,0.7684563228967058,1.0470931781188082,1.278705558345253,1.054051290621669,0.8928759618420388,0.8301145898343961,0.7631699661273904,0.6301922900717137,0.27048474806347433,0.08279753807686818,0.1615113433293537,0.10810772105875135,0.09016089827729855,0.11952761593539181,0.03613571322530035,0.08850947491477541,0.09642033214110388,0.09560296798953696,0.3315015334930417,0.3357748935583726,0.3455165138543317,0.4242287970817827,0.241060136137354,0.3861635523391322,0.6980915554772958,1.1007282132510179,1.2842027680292278,1.0285615605984009,0.950634404452404,0.7079670886198177,0.8071267919982397,0.6092887869122351,0.3065256535009709,0.030636321378354703,0.07179696574694709,0.16830046451154618,0.10378094657862083,0.1211350161143176,0.07728753551969166,0.1988854822442484,0.09268406957666743,0.15687266041348402,0.3436513755001862,0.36859172942158347,0.3688248903351296,0.3974432985789842,0.38815346181350996,0.3275114566273307,0.7603817466987864,1.0543113616733455,1.2453352583043225,0.9889002689514623,0.922794113050266,0.7516640243219681,0.6985383202369513,0.5328444790254933,0.287563272697062,0.14893895665339327,0.05816741420171524,0.03926380936859385,0.11927835903041434,0.060967552944027115,0.2214897379863507,0.10994647827143944,0.15157847708518,0.034613385630441265,0.37408334280688815,0.30091018500971844,0.342259499912171,0.3136013726019246,0.4032001637000788,0.36727249014722424,0.7083003307796633,1.1718713804281837,1.3053057919247826,1.0549905102654804,0.9931538668556541,0.8097843748684387,0.7154065620875708,0.6498100324899696,0.3728791352478218,0.10675734322165074,0.06847540597690285,0.14367551338988957,0.12893081488408925,0.1431948266869073,0.1352841923377397,0.11068544197251212,0.11357672576008487,0.13545937037646352,0.27873853985050123,0.41769893171913797,0.37371385192698015,0.30890814028307206,0.36047060837853234,0.4171444140259122,0.7169436590120862,1.0672154632902733,1.2407879019697543,1.126715830020347,0.8161782565745839,0.8196226089123982,0.6731033718117995,0.6542047070380737,0.24022596610251506,0.1807656467351667,0.09409402850033305,0.08933993222510414,0.08468388419935956,0.0707174363737889,0.08191206308949472,0.13626481588120545,0.01426064922499086,0.06289799813988539,0.4259718765081355,0.3466933488265808,0.3225933055843358,0.2874756326677023,0.29270327891198533,0.4003251170279328,0.6612989569771268,1.1440449747380552,1.255486789480863,0.9971838669440406
MAC000103,0.8,0.7352706978590833,0.6712722444773058,0.6904499452075379,0.5381821396294537,0.8821129527963971,0.6387075468129351,0.4545852887111924,0.561432912838578,0.38224788737328214,0.7907202530304476,0.7192936346311458,0.7272841000649373,0.8362666482668246,0.6925951952515469,0.3293669543369648,0.38746874391081654,0.3488373368578628,0.5618935850858656,0.38649363119942504,0.528909004906396,0.3889663484497199,0.4015652183543719,0.5544727682791892,0.4207651641389272,0.3132700001513096,0.4631005916597147,0.35255417632397995,0.37686103378241254,0.5643972304037657,0.5446126980820277,0.49326355065291483,0.5530107239471812,0.45648799822640396,0.4530620950674914,0.3108383583961797,0.40140699816968717,0.5131301427670224,0.4013063620263291,0.4757633207347983,0.314862622709634,0.440980258368762,0.5507809431358004,0.45230397056100996,0.39344565244163243,0.35845770962670476,0.4335087609247815,0.6308991271278866,0.3657547207422036,0.5524592013319892,0.364877927191993,0.7014027439597386,0.5158560681871103,0.463576246626783,0.3619680046914565,0.36863310132985205,0.4935678291497022,0.5149270413439737,0.5864418231322995,0.6832847435197429,0.7786118025907898,0.7367465205574953,0.4854731330204683,0.40141256339483894,0.36117604426385913,0.35608605516364983,0.5140118101037392,0.3217254095414057,0.32874875284212646,0.37875562856054434,0.35341219356404735,0.3050606308524458,0.469239937837813,0.5466751971236724,0.5321090692770877,0.49731719693670895,0.6872565284469101,0.4785511506463122,0.4292320932193011,0.4341699338560312,0.5078447767847918,0.6078773163923517,0.5285305237544417,0.44775666761673205,0.48462054470495997,0.7473814722985599,0.5554017306301342,0.3477435072964541,0.45410554601506326,0.40241375759874176,0.5639769604992788,0.7049074297523281,0.713839860998917,0.701847526167341,0.7124357248474114,0.8519599267903648,0.7276131437686364,0.637052337218879,0.3521312332169595,0.5254119004073465,0.39007692487018336,0.5001750402663782,0.3683530824244784,0.5148356170309965,0.6498134487566056,0.4953099939229577,0.3853495597228959,0.3789679292348777,0.3711073041210307,0.6234641611446958,0.6238232255387732,0.7316560196251067,0.6469924713932398,0.5023801539493307,0.4252630288408831,0.5997790666827623,0.6439992923953264,0.6680199741537989,0.724864469017864,0.6582703077359109,0.9910460674577322,0.784641077492334,0.6798243016298652,0.5175693144510757,0.5380027637938596,0.38531829603090306,0.8078898557422054,0.7779227108893096,0.5708795743713568,0.34917165116505444,0.5259323137525305,0.7193590218576629,0.722899440285635,0.7281919398365533,0.588538297400782,0.4976113942200342,0.37182322988554484,0.30820457162448256,0.5056186543098613,0.408438965641503,0.5261851812019491,0.6121583163713142,0.32063358272870673,0.455059938747321,0.35232200084234355,0.6125642077221252,0.6589070096315804,0.6274194670000638,0.44387486595311304,0.5008676240560285,0.5789229587249878,0.5828876079483989,0.6916825099393125,0.5751976586091609,0.8121456113779957,0.48454400230203065,0.5070075607848681,0.34436968405233975,0.3758279417911681,0.42827287167969186,0.657327408357304,0.6640039228196477,0.5166801703367089,0.44201064142621305,0.3683461029212907,0.410110611345034,0.45244684956079273,0.30694279775179945
MAC000104,0.1383887613685694,0.1400101965093313,0.15529412590094183,0.08325804258176757,0.1340634167615567,0.0906402497521414,0.11324706973954093,0.09391361638910226,0.08037544946380061,0.1354884508652464,0.09911702545569347,0.1601342875665516,0.08864319736900302,0.14310219915147207,0.15064105552946683,0.0791228651381232,0.14932204880865935,0.11138963533295493,0.15191949751275352,0.07559216398428592,0.14472122706516732,0.10255721841207978,0.10201574765319693,0.11909654411040045,0.11596777185373663,0.0959711938583409,0.14461023936858558,0.1507666647285969,0.11249873839082171,0.11566856976087483,0.11662366850279093,0.12918763925669802,0.09270476258854961,0.15313264472945073,0.1339936566702359,0.11855757945942379,0.12884930686302365,0.16877199342063928,0.15343914131956363,0.12249747092736077,0.13336610395340484,0.12019607102272695,0.09533939573847568,0.1117312155912436,0.13928976629618184,0.16284530830089392,0.07661807134911836,0.093921142413755,0.09163787458162237,0.15268778960397072,0.1266633602522724,0.11437772390591772,0.1313184788985487,0.14978490565572206,0.11808892817212413,0.13015073345127645,0.07151448548946981,0.12329290853411518,0.08887365243752561,0.13795464482215133,0.1435822471295295,0.1092501123272545,0.08027437050971178,0.10016702238699883,0.09943726866381913,0.12868050972104658,0.1444770185806964,0.1125814008264862,0.10000834095506339,0.11831283979713679,0.1307855869604858,0.1497431682853922,0.08853590892389845,0.11706997791190815,0.12399550048221264,0.11688729798717014,0.1211228926011661,0.11141644449960454,0.11349315032734346,0.09133350011134457,0.12113884591192708,0.12548593561460275,0.08446667310821918,0.1227872811759085,0.08981116227101738,0.11976239420371931,0.15666125526814098,0.14971371430384903,0.14393163769873954,0.12048687353666823,0.10083473334147652,0.13960629912717523,0.12117355152459998,0.15534127908531226,0.10299478847055472,0.12512166555664986,0.14097298002767958,0.15150143736694693,0.11925434259117815,0.08027134700910415,0.1398776876554758,0.09619572206602867,0.09129050701705656,0.09167875831894393,0.08723538833915769,0.12359923339469102,0.15213950473908744,0.08836715408431309,0.14810877166931333,0.10748891274600865,0.1106446163585137,0.14620452919350627,0.13602423030082558,0.09597074064393879,0.08031337590659587,0.15080415546975118,0.08083848703448634,0.10607149554547111,0.12135069044662336,0.16031074385403032,0.12663883898910613,0.11275708141238942,0.12450788849163946,0.15290162675555166,0.11142913886961857,0.06787684016033513,0.08476165734019868,0.0816781512505425,0.10278452719814271,0.1432691036410492,0.14163263021389225,0.12714604578823752,0.10922144039310971,0.13455990595862935,0.12159411777808947,0.14091581743395817,0.15096177843480588,0.12517623404079778,0.11354517292331248,0.11593239514726053,0.14287761234946952,0.08860951168020172,0.10147008859121188,0.09980262015324552,0.1534282436440811,0.08370480780272567,0.11077239440234292,0.11560292561652404,0.12393739199598319,0.12424846988491849,0.13093677869654088,0.1281788402243754,0.1593046165829732,0.10176297269935138,0.11612284793300756,0.11901255536044404,0.0806508267384277,0.09973108269930012,0.11604184560756826,0.13871427343469744,0.09368494079939182,0.0808035634437954,0.14787942246522184,0.13112918372151144,0.09412058312357205,0.15877782375873392,0.09639913938932042,0.08875556823505978
MAC000105,0.25871442344297435,0.47279331086966814,0.7696335946619743,1.0093073315605006,0.19348625380042545,0.40781205329624914,0.5319162429820519,0.7227149064830045,0.6027352311149085,0.45895246666455924,0.8490079398414815,0.09068217805690598,0.8372428233481014,0.4016090467237933,0.6719591044244299,1.2017454193777424,0.17717132409940262,0.8221539608293748,0.31662111003741206,0.2635045223496539,0.7291513323645443,0.1847837741652035,0.44155549482427936,0.18387208128116492,1.0921279887775228,0.45056190535309776,1.0959572967441606,0.7167800207776277,0.0880377923129041,0.05484211348951424,0.28096126099078406,0.8462365100393531,0.25193024713546375,0.7219594116408777,0.6177649091420464,0.3303564854070132,0.2716520313736628,0.2787077229184708,1.7288045044854912,0.8261641827703995,0.7349843230331196,0.570871588641343,0.2972358874026394,0.16833339543936554,0.6822927513320961,0.5609661419634072,0.14362287898436285,0.3439796365199242,0.159104555179827,0.4780271953706461,0.87130423379219,0.21527581623935751,0.27219740516567564,0.7457289779917589,0.8449289835001541,2.2936646492269515,0.23997653683815529,0.6339101498653978,0.3633012479101636,0.32397871995159805,0.5687527324086827,0.48415691819974194,0.18027935541217424,0.787054198856422,0.3797142703020617,0.38313408421517475,0.6119999466430522,1.8482654403437233,0.5963502217436615,0.3265685799146752,0.3272629005994209,0.22889633838994747,0.9260965487930648,0.425979926913358,0.41760253507816686,0.09710386227306282,0.3768596684609779,0.7066835586390646,0.18792616278387977,0.39502127055093744,0.0921133919181275,0.35073697708435675,0.7957964319621565,0.5326786343422496,0.7593865473133536,0.941158891144257,0.29764795157355733,0.7110899921575082,0.7675113776677657,0.08790547213583495,0.2619200453316171,1.275322366892685,0.16981832719536424,0.5527200895468691,0.4236608854820464,1.0457597927454365,0.5284417646744669,1.0832525965909736,0.46504806073591815,0.8305069052924815,0.9143049188781237,0.18982083361144472,0.6868898796855655,0.15048928565989497,0.7186879757235748,0.7596863415768497,0.9564835796796006,1.3487760804082949,0.22356536245538086,0.4733101998631809,0.13101024959319119,0.9274349162167221,2.0646975187026495,0.3742701779281115,0.20747092357182345,0.41364616258744796,0.7182236851997635,0.46405124159734845,0.30625613438124516,0.24191917662112616,0.1987692278935588,0.4124662860692864,0.17655244268823858,0.1592786475543509,0.15646701305269603,0.279833519150104,0.7485601550418165,0.2584243758493353,0.46613442720821374,0.08441795170309724,1.0684862994904565,0.08316399121964775,0.8848380077311462,0.8089414971341556,0.7566233378614159,2.574731474594539,1.7536662042668192,0.16649033255309134,0.29913628163836725,0.73618282431439,0.4860514980135457,0.7284362461991595,0.9647557906568922,0.684836985169348,0.6128582760267914,1.1282404984377357,0.6549844972903546,0.5280010972447025,0.965823141047995,0.13494404740652727,0.8649285551934128,0.4146398144376809,0.4830911492490034,1.0184185118771918,0.12476114170638877,0.14012186770071347,0.9468479471027647,0.4007558494194255,0.8269460951780876,0.18609885310835989,0.31653188621458017,0.836217236964402,0.29009645050998917,0.8904547779040962,0.5417190855252553,0.12121189363912298,0.1343643055705027,0.7897123018245413
MAC000106,0.26113202934806656,0.22440721021962468,0.10652005684690705,0.18221854093007706,0.08912963552267099,0.23260827380633375,0.5826861964167059,0.981304670286849,0.8024147180558754,0.5363000852088357,0.3101387379455293,0.4338862576334648,0.4860740213970478,0.4145832878371229,0.49982415387114376,0.47882782458089035,0.712490846161457,1.1580859784430744,1.7450490428308503,1.5565274960150202,1.3235794155180192,0.9797424404357772,0.6422531160137434,0.4301972157885384,0.12310950016526845,0.1516310053465441,0.08306344615535974,0.12863846087332803,0.158572308658943,0.17040533563998844,0.542764424635273,0.9679441336445248,0.8546506854203989,0.4675870580368346,0.32200251278544895,0.4735003979155511,0.42237264485620085,0.39284599053726554,0.415277563534277,0.510076161564922,0.6696938006337914,1.2743084838522512,1.6850617679996485,1.5665875990195104,1.255559054986184,0.9975987211699004,0.613566496793057,0.28222432434683403,0.1559547296488929,0.21414410198633038,0.21882046039340244,0.1315031217380095,0.14064660520114242,0.26625076000139275,0.5921482656363664,0.9479016595859464,0.7914249689930676,0.4405584284088979,0.33697803699052203,0.4854079326520176,0.5024326413102167,0.353556604798641,0.4305491948548866,0.607443864046038,0.7711377527796136,1.3618979322413967,1.6615046112073764,1.6213028086559915,1.4057037231649467,0.9867668337922743,0.5620332779884174,0.4045531395136479,0.23673603684741829,0.2224772549972267,0.16047659858454055,0.1358388774329377,0.15868812246876077,0.23860033659144125,0.5443447485966743,0.9815370700124996,0.828294576400241,0.4264371721058079,0.36523128706190366,0.47197600983071913,0.508799441465084,0.4329227071424767,0.4999614404996464,0.48327736663249865,0.7792340510988303,1.3045839657100589,1.692185790123685,1.6363027770117093,1.4213207364209635,0.932863980664955,0.4688353301246879,0.32509490182989603,0.16058570116831472,0.15292211155862,0.23079785756474921,0.27465101070768316,0.11571646902895255,0.2675526603565209,0.5344164668170371,1.007691137740082,0.7471022742993213,0.5278618371842064,0.4529104635864376,0.4187666641421198,0.5509138196320601,0.382325932849831,0.3464533211511652,0.5375734685840565,0.7789295740518907,1.2735073474587784,1.7448791193861606,1.5401190300215613,1.4001765307917873,1.029808135771928,0.6757325214269355,0.26090836279225726,0.18541538940338792,0.12946702921323577,0.1786694081708629,0.21847329568607493,0.14452351138232286,0.28630951693986034,0.5965121263761521,1.0067151033679622,0.8506991505869059,0.3669096150909439,0.4861054319568434,0.7778302302734201,0.9728633586416607,0.7618784638189142,0.8048452698948225,0.9156085919024227,0.9822905782630557,1.3705684946634422,1.7266665512290456,1.4982712502331201,1.358444778404671,1.008601190875487,0.5758721865382026,0.3197514457478028,0.20633138260806536,0.21784363479896987,0.18086556281995703,0.1402460084550439,0.17455782056832797,0.2499877807176285,0.4756823932579322,0.9875390159831233,0.7788972599708955,0.4162954371749992,0.28686108493493445,0.7723267741122839,0.8786493884128209,0.8655762508411617,0.803425730290424,0.8095556370429631,1.0996316003232653,1.223954148834455,1.7849821814801812,1.5536305456538888,1.3152431925500476,1.0365454700227652,0.5806354445303747,0.4031361703367953
MAC000107,0.17324144201940658,0.15036596994876447,0.22652518069474328,0.08032414021230613,0.13197591925319058,0.1580894264852883,0.9999463720205289,1.5272125279664972,0.778248839351017,0.11822058567074134,0.16259717907337234,0.24116266848900647,0.12138023821673054,0.24938271397362288,0.2011945553079667,0.19954312195132146,0.31348094061029436,0.9547652440238351,1.5888746285985174,1.7694698489979983,1.299957004362497,0.7999647982005892,0.01,0.01,0.12771084150216827,0.1703775634336531,0.12288949075074858,0.17106067416579643,0.193484630302197,0.18873931713128483,0.9970375562931961,1.4484368455395533,0.7666653759468585,0.24579437327690887,0.25541784623489405,0.21685229855001578,0.22949554734180488,0.21159548443305912,0.21978718225849012,0.2354087764549516,0.2615475778085331,0.8709682852028912,1.6234620184579478,1.7235214270227122,1.3096233187671347,0.6570674267317255,0.04567305626172111,0.01,0.09063287269741102,0.198659419770508,0.11609157928889385,0.0774655927258068,0.16691251152355172,0.10594230833586275,0.9547604316369172,1.5572468489591444,0.9145964114299935,0.14903877431850665,0.21233045981541313,0.14387653896814162,0.1948265356640381,0.17682043476419523,0.26896796977121523,0.16165566132892464,0.2435726546459349,0.8504826875623253,1.5427234165874752,1.6894899305201148,1.2331279745316763,0.7162445585876885,0.01,0.01,0.17772826877247422,0.0872246113784956,0.07318334194173562,0.09958083178283475,0.11469620611587557,0.0908844820173611,0.9087844816485582,1.5520218551434193,0.8941920952955424,0.21139802491216,0.29176967340927984,0.3400054871881572,0.28271563053030707,0.11117617209155524,0.2319267217065459,0.17715081810360195,0.19844114847046923,0.7852699953345982,1.635686525691638,1.817291395697741,1.2947890420456558,0.8079826264995538,0.017196959977826103,0.03815568951809994,0.01632647097633841,0.1513846766626201,0.1722283316514245,0.21498158017767327,0.05782252820673378,0.21185815525179125,0.9570166826324892,1.523823332028363,0.9125536278508702,0.2625911986742795,0.13019437407555207,0.22214253040546225,0.16337328227758077,0.21904930669299694,0.18593118721719717,0.13332134554255243,0.16568342839187838,0.8934178019270194,1.6399054876350276,1.675697573912971,1.2693236869329727,0.7695761891801141,0.014559013202855879,0.03381952376426676,0.1413660848544515,0.15935735256358946,0.12652302693989076,0.15479133549893306,0.2100435100299592,0.20838892167836542,0.975367722420516,1.4558671549626772,0.9325796449596491,0.09885663451798131,0.24234809088039883,0.24059271221935413,0.2187309448349634,0.2361556192265891,0.15032128497049108,0.16379793333528153,0.15233313358474943,0.8074989148553449,1.5873907287599631,1.7218664768134757,1.3479187336189415,0.8550014933741497,0.01,0.01,0.13473520138183898,0.08533328521226782,0.10667833009765636,0.21442131310416032,0.1896618514084458,0.1958266463658127,1.0011912828430927,1.5567988325410118,0.883536032323629,0.2962600198642915,0.07043574388657545,0.16161290799687644,0.14241874794923806,0.18222212029882018,0.21898210506542667,0.20913478162666782,0.173667812876709,0.8738319109313472,1.6398490310750276,1.7571591981005528,1.3361380392698854,0.7259929363428824,0.05007425228126135,0.01
MAC000108,0.11736003956443694,0.1870973880494206,0.12999723010341652,0.16026539869122242,0.1767838478903478,0.15822014306382032,0.03544360794905797,0.7032031808195395,1.0488019843105794,0.7454607046293736,0.6799717872613382,0.9592543394404488,0.9688018184210143,0.8452757781866649,0.9396280463465589,0.9054361083840263,0.7430999286706023,0.6330588047403558,0.7777735926190662,0.913660018056955,1.1869974623832849,1.0846793497483127,1.1197500237493663,0.18382656966043798,0.1595382648280671,0.09959531823844245,0.10494402064662914,0.17347215978153338,0.15894016267055827,0.16431150196776417,0.0871937463142503,0.7689284182555582,0.9778915328821827,0.6953977088131399,0.8013583458991682,0.8735035745560527,0.770884243222996,0.9320019573973756,0.9476500531160365,0.97890835323463,0.7965557626305448,0.6717143825945646,0.8444041570425609,1.0415313716971903,1.0449221847212835,1.0236774217615374,0.9806627398334903,0.29176104728045693,0.16026877783193447,0.20858445359253142,0.19214118745286457,0.13692913094673834,0.17053900594198082,0.17107346943235346,0.18667282664473248,0.8358696253507133,0.9059822604511478,0.6353417297317425,0.7623938790680761,0.9794073610544144,0.8993579699476406,0.8031453289073394,0.9238196347843095,0.9551393641297982,0.7512893061651443,0.6805335257607185,0.9207368479904259,1.0523607516852536,1.1362148981886502,1.0498399896044233,1.1066608228321417,0.25493693514240445,0.15805880668171052,0.06360104882000217,0.16303385964790343,0.0854412294286314,0.12985853531323185,0.15844827591158245,0.10506537145756764,0.7864845715937202,1.0130927524929505,0.6849671513417427,0.8208247114959853,0.8934451808683707,0.8203238485330004,0.8470877100477354,0.9730800692871534,0.9213924278520524,0.8590769086104085,0.6903760709102852,0.8492665021142961,0.9595129663444967,1.08580573693991,1.1241948367752042,1.1249744504327313,0.16747794621317713,0.12181678282766022,0.2975320318626232,0.12834907039680926,0.17113406437362214,0.20681932635511172,0.19266254826889057,0.01,0.7792470326568036,1.0479716336605163,0.7306275845660124,0.7628960986751588,0.904662595012843,0.8687165891633428,0.8653470183256186,1.0818900593675995,0.9823647817573387,0.7847424145334424,0.6379908091073023,0.7546486614400906,0.9613733297891669,1.1222973649302648,1.0439612165915124,1.0523639005739949,0.23627543584987562,0.1486129316039201,0.13530816122235084,0.0825179166325201,0.0754247492161441,0.21797007167094365,0.10883890186993839,0.13797271832977342,0.8220463182284701,0.9470250910127693,0.7730318786943419,0.7705534631815147,1.0335376242518444,0.8900208768446479,0.8302438025843097,0.9291674828629964,1.0351063534044522,0.7684554992890945,0.5553522368106791,0.8164944942195785,1.0023177548922328,1.0516150966963262,1.0230853083521305,1.0303004352941045,0.3297488397821804,0.179890550231857,0.16645220324844381,0.09171067832608876,0.11576548445593521,0.19251306214985578,0.18300529773820134,0.07897393251594174,0.8325191717208361,0.9174740969833575,0.7470731063113389,0.9516304162875536,0.9348493828813249,0.8870467137079953,0.803646446593162,0.9461709358741082,1.0681105259082913,0.7469168534262982,0.7005045453731847,0.8940739189740929,0.9230572953426848,1.104181362521696,1.0118928105278384,1.0378019755645531,0.20563268344484031
MAC000109,0.8803670015475638,0.8054057998568632,0.705050374134858,0.5614751408953749,0.2566169600937264,0.16744835935291286,0.06537353750224277,0.0139065788761642,0.052227650232778144,0.05289206427479786,0.10085245550020121,0.1223506866780136,0.036690805254863165,0.11938498232684519,0.4352814988800827,0.4160958191858458,0.39425568234586944,0.3856806654316992,0.3494507005572294,0.4362383049162061,0.752051066764023,1.107849623542328,1.3492699575942941,1.0099136920539338,0.93238544586728,0.895732315008118,0.7217749346784739,0.5864894268187849,0.3651436024949104,0.16819627819884858,0.06510211143209449,0.17836700504374342,0.15249512934924786,0.0767741016158302,0.1653145612159197,0.0427750786259047,0.08028447459087311,0.04962271917482963,0.3164628382273244,0.4078490358616707,0.3645622033854714,0.30974071501284417,0.33581431146673024,0.33206269000824484,0.7431316938336752,1.2617244845347038,1.367095209566215,1.0572952878357131,1.0163867286993582,0.8078163198554684,0.7972330408553044,0.6049941169734867,0.2950995007672465,0.08788505473663828,0.0990190940311827,0.09562315977745883,0.12228264761358451,0.08315559801062215,0.1093925978418906,0.023787237669488676,0.14349068760296596,0.16097115889383626,0.37637299860429546,0.40268731019079756,0.3234229316971699,0.44117366869928126,0.3748042810036501,0.28503801407905066,0.7913584911053855,1.1839552545387002,1.4503898943813842,1.1268923179523707,1.0064196122664066,0.8586579409009456,0.7662404698935643,0.572287207475212,0.29925947195190683,0.2535815662742946,0.01798644656919972,0.11988194161489155,0.10239759509218646,0.14703714007804727,0.11430069086868679,0.16509841066731726,0.10512717313514502,0.1430831287241356,0.38357871929844867,0.35071387409349275,0.3435928521339443,0.42918759149325064,0.39654187770126365,0.41510465358735416,0.7933288286367061,1.1221792166995244,1.3432669667719366,1.026658495356596,0.9908852685315629,0.8395026468616252,0.739752102730973,0.57348194087007,0.3543114185177758,0.14722721744282724,0.13242037790535857,0.1125104981295194,0.15653216631105463,0.10191942488932884,0.17534941821481204,0.14011389075521538,0.041258702020070454,0.09769233900153865,0.38154119852838186,0.33046276341085024,0.4192725560776872,0.2664905740273623,0.40548417750291127,0.39981204409323357,0.6312143570032802,1.1532437879513855,1.3350596241209005,1.1145751807481108,0.8974541861345462,0.8749176515300559,0.7805051127818263,0.6065895465123284,0.37799666411535876,0.08359371254722966,0.1709968802522525,0.2345878905020643,0.15088186996226144,0.1349783616400601,0.08071416972946614,0.19722254253625393,0.14878165511808067,0.08134816190238595,0.44025029638186214,0.3707887841515247,0.39913686335295023,0.34477438341556466,0.3183651992417786,0.3209647504382246,0.7115198400150338,1.1737274957767645,1.3419037746819047,1.0041339626759227,0.8917732405692967,0.8982830203270361,0.7244641066328398,0.5283368076571253,0.3127223923791712,0.08360049964183863,0.11459308662110913,0.07600864192081405,0.1687136603552979,0.09670029467538638,0.0938499357836767,0.08856765172043252,0.12805430662377063,0.12411650653899638,0.34575240913165783,0.36648731495951264,0.3526438511322855,0.4077799468943174,0.3008551450228875,0.348264183661852,0.7208116551524758,1.21780267248805,1.4155754962424956,1.0633063844428692
MAC000110,0.8,0.8128959582855202,0.6589298481351022,0.3380940983758442,0.4405211194706868,0.33709484148856006,0.5076778958775217,0.64309228988639,0.6363481669580708,0.6949757304986388,0.6939694557665161,0.892650906907881,0.5303565078618063,0.3280985551975184,0.4359942694107684,0.32719044323170077,0.3499513623726194,0.33310371789697524,0.5045119064711423,0.37442030312180313,0.36551833980557624,0.38255216200214404,0.31730489323995503,0.6119878968029806,0.4046995036763862,0.40887024836374636,0.49838896570712055,0.5417679713901388,0.4396676980260886,0.5879566181639619,0.45220171563431455,0.4521267118726294,0.5210234028262197,0.5849770665127618,0.46122042253559864,0.7928494079994008,0.7659062648457537,0.5526342658675477,0.5053120386778986,0.32788877619933143,0.3413040245316185,0.3681223980270213,0.38716275956018525,0.343695789589185,0.4542643496289645,0.32446701231405434,0.5544261839990728,0.31575750508141637,0.40551638762581066,0.3372844861443102,0.430934016203793,0.4545601629571277,0.5054094120673451,0.35777379264779846,0.33605337558009596,0.35584634438398766,0.311399222641746,0.37079352112258734,0.35002502221092024,0.4877384438921202,0.4554393017985966,0.7334851377600535,0.4880407382558518,0.3839005261571665,0.33422686773178056,0.41109298301271197,0.3324496027219436,0.39889527396808455,0.3733884007128733,0.3928227022480649,0.39792398354241654,0.49026970451137064,0.5203219049837591,0.3216442384463512,0.4746734337987807,0.40636198628616677,0.3837064250670611,0.5135272169958962,0.6492078819659832,0.42731354673512195,0.36983535420766783,0.3815258941978459,0.3720123578761628,0.4155905903410331,0.5791966347080173,0.617440962466036,0.544462760433919,0.3825221638912575,0.6089876763447624,0.39855438789199615,0.564573823731923,0.47671741996343325,0.3380089261940696,0.4272686705397973,0.3178221028234151,0.4129699353965454,0.4735815024151549,0.5974653282334935,0.7282929785533556,0.6970167549377336,0.42825483955252786,0.3240575404044702,0.32254480394284635,0.32578440175914214,0.3440557583304322,0.33802036418675563,0.44877174527921637,0.3319317528048923,0.40910776440391206,0.5420104483873289,0.41674762766967544,0.5912529055517586,0.46012941388429174,0.35917941839308776,0.5374150023397231,0.6608625822662428,0.37490304107937283,0.33711841762286915,0.40071466823898433,0.4079759493374234,0.48812294509381826,0.5482299598284561,0.3654475082850886,0.32057378180602286,0.35032332779696146,0.34826844060134976,0.3615307222767652,0.5359002570527247,0.5187339791114536,0.46956395412044105,0.5495728762346836,0.6110502561585299,0.7166760183569305,0.6432020742054348,0.8656031486905114,0.8629513711814156,1.036565265124625,0.8652651241834108,1.0642439002111805,0.980448743563826,0.656598188362719,0.4246075783180807,0.3489569329889008,0.309572761348623,0.3438570084720023,0.5966617716769856,0.5710577098820198,0.3523047350978129,0.40498706033952775,0.3184175112292868,0.33872946601403836,0.35697328727744065,0.39780918534787013,0.5676624864700026,0.48640585494697464,0.4213203366449989,0.5110817495872244,0.32006572218793605,0.6947221179510177,0.5465280515169333,0.39818690989822,0.3127280125617468,0.3264636584993371,0.43549247091801097,0.4477613425041235,0.3920014107321623,0.308901940655406,0.3674197227617315
MAC000111,0.13557665867260946,0.06581417089093927,0.13517365028710626,0.1621459654240013,0.13558135576256994,0.12186039561303871,0.10652150748045094,0.11647209344203906,0.1094997660738876,0.131643370067011,0.1649615023749655,0.1439740161873844,0.11040086148116135,0.1440865444927237,0.13687969629085445,0.08363762213176891,0.12859973904420813,0.15526390313629534,0.09805994980679432,0.12917504895506945,0.1414487473769093,0.11453458560754705,0.1328330688604458,0.10037754100872992,0.12944641968753562,0.13062066550595433,0.10370615219670698,0.08832092754086196,0.16048474296822837,0.11257215487174163,0.14926912817779922,0.10636188062082882,0.15782453961754847,0.08776233707576672,0.10531408563892222,0.1324485294934837,0.07890833580125392,0.10160385206250568,0.11939509710463658,0.09405978056400402,0.10530259354442253,0.09461543072264611,0.14189704071720846,0.10521468975322928,0.15850093200183932,0.10704067842287157,0.09638561652644649,0.09815502154462068,0.09749404939035632,0.14127027781524323,0.08798211581584398,0.09604415044480662,0.09480028334421196,0.162935944344758,0.14721906122666004,0.11415899398363497,0.11949420685301734,0.11468640834329584,0.08935425059141447,0.12420413382810029,0.1024998103440011,0.10392538491825545,0.09385149264090231,0.12433734077737714,0.07066417940865093,0.1333943455559278,0.13207456156656028,0.13845464495870652,0.10906416408206891,0.07845465931714454,0.0818879871888332,0.08979665579770166,0.1515760742202247,0.14287378646761423,0.09668468501020029,0.13619646178184808,0.13198705029756239,0.09579477815999173,0.14886740326625836,0.16399293049367017,0.09738993912899332,0.12811469733057987,0.10830154613155472,0.07262796739366202,0.14981540479479766,0.1294719808195835,0.11739288476159869,0.135354104001385,0.11233917145584851,0.08344172458850493,0.10043134475706951,0.1321354847250796,0.14021887374768335,0.12732436526705349,0.08937466909295798,0.15642868271130822,0.16037956543980697,0.14033375192143485,0.11414564977226424,0.11220848016515607,0.16405973520516698,0.11158244931105016,0.08279951160680672,0.14143718331630942,0.09259107139778917,0.14211916196682098,0.13773392187368796,0.13147331628214667,0.13847303105181674,0.0851122317538645,0.13186071984259484,0.13648217179244368,0.1194117463053197,0.07673107236606327,0.1328107818641716,0.11198530195343545,0.11670344472330896,0.09562677372762989,0.15559787073036785,0.08053284097738128,0.13267808130097886,0.11111930970013606,0.11011154811693996,0.09934592857224218,0.1589740047308163,0.12933982752036485,0.15113324752144175,0.08316200855975422,0.1623749632613659,0.09398709710374119,0.13344931272233848,0.10708354550353733,0.16065954641436472,0.1523644336767553,0.11340337886115097,0.11650270567738956,0.13827348299716077,0.14626300775126136,0.12968702212089234,0.16652371355758308,0.1290574596762777,0.1470112297590137,0.13290903328264408,0.111082258937642,0.12462171123900352,0.12313162600065561,0.13806247096644855,0.1504619282503693,0.12072086656270274,0.11373248671441155,0.08388040754496505,0.11137940224294787,0.0725806452741406,0.14594826694538865,0.1323625033050322,0.1349905701194495,0.12286072168556546,0.12399576621291122,0.12674737451834991,0.11604384933407677,0.1347531398177125,0.134298368152261,0.1269705564183372,0.09400323709644011,0.09456891665813105,0.11107884058404674,0.13044454060502525,0.10978819801972999
MAC000112,0.3920956317616739,0.34833848722113897,0.8060785323161005,0.5946320962056719,0.17011830470823397,0.014765571752323079,0.730455780429321,1.4306367470112669,1.4224622280778443,1.1072755369709484,0.9353835453024679,1.7719362718262617,0.8442737080348661,0.18238215382879364,0.6356335196529984,0.12268441053244149,0.4816398575639489,0.7790265473067485,0.372118345913486,0.2381546465778251,0.5467461369397887,0.8794528921458592,0.9389332206893966,1.3957681295302857,0.5136800083466713,0.1814826018982351,0.1495805614017553,0.7825559055166961,1.2791970011599372,0.3348443439880087,0.3754450240203989,1.1270915877676246,0.7865049786993471,0.22614478235748664,0.7523748727400096,0.20029029541620935,0.273041264503989,0.06278724059206667,0.26622433584493677,0.8636696167524229,0.6397454384363583,0.4587662396500629,0.1832503301111721,0.6742271004132021,0.1678714121436661,0.2822287927629563,0.3861447587137144,1.6885251171928226,0.47674257121875785,0.9849425655509637,0.5612901622730796,1.2092784036069828,1.108808788573966,0.3238037915262169,0.688624315007197,0.29565651294328826,0.6972193542428352,1.3161989482480656,0.8272776355810371,0.6565546961285755,0.30957976760856004,0.3202869871616348,0.7296130359584073,0.7960860009951859,0.10233436847720417,0.33077341289775414,0.5755198857279695,0.6587623719735068,0.7903126977060824,0.18684885342072152,0.7694927208144104,0.9694379321888633,0.4027878396971093,0.2920078354899437,1.0671208386152877,0.5449259070626213,0.36238612258067665,0.6690290336058586,0.10280690910892269,0.3944518530889349,1.0445837912086997,0.45483855174935856,0.6678842757767622,0.6331695455069664,0.34412514305867625,1.144083565902401,1.4308224225869721,1.0982627667825642,0.7033300996728468,0.4169744337243068,0.07885905785318884,0.5405883333104664,0.21585184939272734,0.2293457541008613,0.3271512407681955,2.395575665562481,0.10680597680346987,0.6865025247291784,0.8327350711007203,0.2496494864766396,0.22223034832777389,0.607272887681275,0.3862884961395174,0.6145776053235027,0.22351330422772017,1.1135489458948276,0.6248975667692449,0.27139104217447646,0.2267422410819157,0.9042245980021115,0.8177663031642163,0.5561371012421957,1.0529780146597576,0.520056691775218,0.2022344169217795,0.8704006965285015,0.4305775725252075,0.18241667906441472,0.2626431507191067,1.0861596704905039,1.0631980214224233,0.5636197706081382,0.6617288833413926,0.3911813068905438,1.0120570643645452,0.5724389617553631,0.6822666923586816,0.7362456790775785,0.30505531733535746,0.2936727506326892,0.3245884888083507,0.23560889311722177,0.38401951489164127,1.485686507631519,0.5524155427033994,0.26649452153916203,0.8521556648616099,0.3935223779390894,0.9107179480008069,1.264219371508276,0.24812871264511,0.183616137346885,0.6369411194065571,0.8216378513405033,0.5732037654822048,0.7010745760333593,0.3351052260429626,1.0229491426770847,0.4671430817529705,0.3017483367578912,0.20605351268958047,0.9199627785852189,0.38535073888568117,0.2013478609188631,0.2937815886049293,0.7071695485515285,0.545145968585046,0.8898675957365315,2.793174804583993,0.29364252418784903,0.7332138473908866,1.1820261001455021,0.5324177370468581,0.5563614484971184,0.19424570849999936,0.7242303303622762,0.9775848977906326,0.21851526249838113
MAC000113,0.18090224451810386,0.2459853931947844,0.09842084113663627,0.21542719774959979,0.18176601671092749,0.2741650470134366,0.5420305774279583,1.0086725508297207,0.8965088865929938,0.4475308189315462,0.4333795715304939,0.5443678703264345,0.5891119054443982,0.48700350901233064,0.5236677299277197,0.5895604003122553,0.9070960210213631,1.349009995776911,1.84993594920682,1.703923197312184,1.492309157688559,1.1052527777809964,0.6394943657194714,0.49590836404384064,0.1724925007361211,0.1486574908851659,0.20190341621474547,0.17249265045118245,0.13618489628530905,0.3467534097242343,0.5781659152163742,1.0910000858512774,0.8662593511674249,0.5341300314097522,0.38883631935075935,0.4465785071265682,0.5814286035719364,0.36807649749233584,0.44369688789667894,0.6043527382440298,0.9043187675957218,1.4159294649149279,1.897190850586247,1.759467006190631,1.437144687750632,1.0684182450706743,0.6449217362296997,0.48319621045921446,0.24962370157193392,0.18541266740042683,0.08671529126014982,0.1335578210646905,0.15997820822866804,0.314534583466257,0.5463921917182222,1.0923654271097718,0.9054362807144131,0.5216843075679388,0.4158131807668306,0.4597875721762682,0.5536732999953107,0.46925260622709764,0.3875361241062994,0.5855074648039877,0.7341861589013121,1.4000805874553615,1.8026270779625522,1.7138177369422667,1.557421539638947,1.1185260321650052,0.6108466418240904,0.31677383148462057,0.13560545721045658,0.12385495630985101,0.1074592392236205,0.09197995478315718,0.19933659468740916,0.2762916887320354,0.654387778991407,1.034011309155195,0.8775139197018861,0.42383756828418756,0.4500488752163814,0.3904443043806631,0.4800867186021641,0.4948295880737774,0.32165199893136026,0.5401941794665149,0.8055759599140939,1.4494674963907856,1.8823194416585856,1.7247393630586532,1.4316908181757384,1.0731105638752951,0.6730586094203047,0.3979258441524106,0.29848597566283086,0.18957456528237335,0.16265322733147083,0.09475173303753259,0.16470952898459984,0.288012331454632,0.5700067648141995,1.1745440510716987,0.8295075777734944,0.49278528666380605,0.5266428191327426,0.5210380347903861,0.546115834347849,0.43478881747845466,0.48221748348225785,0.5641070822391315,0.8859826925733912,1.4128364829456292,1.9342435541893197,1.8268467839155804,1.4876593468992267,1.1079570662541738,0.6327484372339347,0.3038811696983511,0.15213272365834254,0.2379628769835744,0.22356268267081236,0.12595470509686746,0.16426035164999045,0.26747876094984824,0.535846825622283,1.199673836249243,0.8774873869751768,0.5683505965606171,0.3352382349180091,0.8970787784872373,0.9919707439650112,0.8656358706580273,0.8599508290731626,0.9754535095527239,1.210115566665566,1.4000213368277041,1.8164270985255704,1.7664045440711644,1.4117610157152685,1.1222764449609395,0.5892828228424364,0.328425884329132,0.12755817935977867,0.16652798386582213,0.20698553603692194,0.1863463545919492,0.156462205955802,0.2386156217270776,0.6589927156685235,0.9789970321411672,0.8950241516343522,0.4564674281612049,0.45590327482783516,0.843222069398221,0.9364457548191214,0.909767433029367,0.7266182035935457,0.8880973906326154,1.1863028765007295,1.462697176463146,1.8853753708001135,1.6670317411746671,1.4828121701173334,1.1290976925582958,0.5954535537112932,0.3475795049305475
MAC000114,0.11768039596696933,0.18459522519994956,0.050225514749397085,0.20015177267528503,0.13567077929797677,0.13459554145651206,1.1205825879490923,1.7547302158864229,1.0408593471946115,0.2707172501823618,0.25635525513481977,0.31567874144602664,0.26393669362676586,0.29672051638987534,0.1875069913971023,0.23884684846854867,0.3351171593506627,1.0923515118806124,1.9737441995929932,2.0686037357349853,1.5188385684011922,0.8868142650156858,0.03187414738024916,0.01,0.24631675944619275,0.21850664735656283,0.21736067788112695,0.18729480898415232,0.1619629741036238,0.1754545599041198,1.1559348349315368,1.9324802623479576,1.0368417708913822,0.2371585596050264,0.2476679113381494,0.22478046410203187,0.30139360384156544,0.23498911725088062,0.2546492073799483,0.32775878428985833,0.3144826868834648,0.9925753867942645,2.0161002947030493,2.016711389197481,1.4905922070911317,0.8969659028825826,0.014646557058675258,0.01,0.17851077831110918,0.1377322838451308,0.053598832990950265,0.14703302427535342,0.08053533195135355,0.15672225668946124,1.111593406060421,1.8524574730926324,1.1115003461596888,0.17449005633332615,0.15884768722143977,0.24592224632568277,0.3174097009260439,0.2687413570460892,0.23960796425025935,0.20715279808389417,0.29711583290222926,1.120635167135773,1.8635935167450983,2.1022232637376335,1.69289486113949,0.8830144228199385,0.01,0.01,0.13614028306977854,0.211418369545113,0.24664238165720886,0.0713367325305865,0.10984590953831651,0.21887393925014303,1.2042531291949548,1.8484272773233583,1.0785938271631754,0.26574810249683894,0.2850008611385896,0.24466978445850862,0.24954105744339167,0.25617983857538157,0.24057396012390983,0.28438249287827094,0.2758230882499173,0.9504582690471163,1.9468983722212325,2.0885687080976707,1.6421570610504017,0.8989596815868933,0.01,0.01,0.22267393722977052,0.09682312295420964,0.11731825714056363,0.11396991333130647,0.15726557195288343,0.08187427894602121,1.2474951139418469,1.8473675840756716,1.0730362039551444,0.3660567926070736,0.24374123053739433,0.303740584433958,0.2900558217449803,0.33791181579687174,0.2955038068353801,0.23548300475077416,0.2821418261549826,1.0114265395392417,1.933706614829246,2.086852580809366,1.556361113663815,0.868601122327185,0.01,0.014822429131126837,0.17494653436478114,0.1747503915148369,0.2518626861065024,0.0797571863857285,0.23422323990372276,0.2811657496958868,1.2624264376535248,1.809124314890284,1.0664174061407405,0.2223806745225313,0.22714093347841832,0.3471071972437709,0.2958956036314874,0.29893962850144407,0.20479171533235013,0.18727681977159005,0.3136786959774449,1.0648502334130425,1.9421426774362482,2.1743531563587,1.595314768670308,0.8707917223366848,0.01,0.02991208988113411,0.1330949464330373,0.14962382063896318,0.14547902698807294,0.2281079174917497,0.1987048986162227,0.1517520307216473,1.1680781874712363,1.840995524374517,1.1096691973674626,0.2650893831720351,0.23221125448949836,0.20069786454021576,0.2566596695298604,0.20102698648001596,0.27801343609475826,0.28359245266917193,0.3204794697103969,1.033294256585044,2.00867920681804,2.168110867926471,1.5693360243370824,1.0250551605925893,0.07184633263305883,0.01
MAC000115,0.1561639533876112,0.17907192241099826,0.07329784124592258,0.15748844281648,0.10045079151248948,0.13978434347718763,0.20618482724760936,0.7023308893108352,0.8425946418013747,0.719816557592271,0.7836509342095139,1.069481749133481,0.8630274047295017,0.8163532966748239,0.7789925028162267,0.872502465195313,0.9373538103605141,0.7609259744028999,0.910676663554679,0.9416743809278546,1.1773275180701148,1.1018977349471368,1.1011705782785746,0.15028517028447846,0.16026174447656036,0.18507918122940856,0.13348920460729527,0.1337743790823461,0.17805394427511093,0.11812239792237385,0.18430751033962342,0.7085727379810537,0.8620119701264471,0.8074858030154569,0.8550197902183477,1.013280186607951,0.7140240300144088,0.7440975307539252,0.7734406418273418,0.8749589786713494,0.957800823070097,0.7524591832098626,0.9442350445360087,1.0544766586990146,1.1247454562888826,1.16672550836922,1.2513386750449622,0.2078054239191177,0.12336874839489399,0.09595094258137621,0.2204666407189134,0.10724458786679672,0.12498485319188024,0.2697284997274703,0.19763061676759006,0.7091996247760537,0.8490987603685692,0.7021306372005648,0.7736897149022153,1.0110948118277587,0.7056087127646314,0.7819204796562317,0.9027782959119597,0.9226423689744188,1.0396155738978727,0.7382063850534157,0.8653374063076872,1.0398029201313563,1.1122383621030916,1.1160220845703661,1.187169532463378,0.3595836247535167,0.08433840489087158,0.20265991751622248,0.1260240258343888,0.22593583702866893,0.1684258765498076,0.15744133701976512,0.197979914730532,0.7715449530815309,0.8322897927743302,0.7960526161238004,0.7473489843024421,1.0072976199723702,0.8066076415874175,0.8481776637543719,0.7088450088203802,0.9067555315251512,0.9988956501416133,0.6943729261990748,0.8057516784194174,1.011673095785556,1.135521599379427,1.0835904712197093,1.215330798516373,0.1746223770051094,0.09422869360462806,0.08174841145378425,0.20848790227407005,0.18534802459657704,0.15820266368396146,0.12445523506437255,0.13997693032170405,0.7034064883024411,0.88196948759002,0.8865998846689733,0.722200270290233,0.9782325379850787,0.74795021427632,0.642441931880402,0.8440902657287536,0.8532120806966695,0.9805587793185575,0.7234773340043765,0.9047376963897634,1.0034672547846095,1.142648629073157,1.1356326707230209,1.1569183899603988,0.17525577066830855,0.14555734051659827,0.20992925742873345,0.14010934528346952,0.1879261175949475,0.22711304760211662,0.19392849780371696,0.1754787564034804,0.733314233217093,0.8395007960377867,0.7855327445421882,0.8464780734681515,1.033398412546676,0.751759947483669,0.7566957913312926,0.8043941075086833,0.8655287497192057,0.9429818694802056,0.6948776303678292,0.9115061933131066,0.9903293399804449,1.1085565966343467,1.0587360392696499,1.1058044553394073,0.28690338527021486,0.19740333283842013,0.1863467854122538,0.16150740512566875,0.08672204065442969,0.17578362738205658,0.24894249038255423,0.14073527998378377,0.6422790251654538,0.8870526757488859,0.7019619975912664,0.7294073984390197,0.9869376301771938,0.8149082006394018,0.7788080295937482,0.7702898397293864,0.8201578491915702,0.9065102465114642,0.7264815136093544,0.8741362524434976,1.013804128720955,1.170185174291322,1.0901930205314008,1.0791615802268195,0.1488040092194805
MAC000116,0.8246083817461458,0.6433738358428579,0.6230506321809494,0.5168501229318447,0.21068326306783858,0.033013157486255176,0.1274566158081675,0.14679998462745897,0.03422705706872619,0.0918653747277783,0.012588459841954822,0.12833005815835002,0.09027942236049401,0.019894515314583,0.2799302660952969,0.27515896979074705,0.2594628151316043,0.3500029437719992,0.2603039728087213,0.3863495943371763,0.6479030953929041,0.9338859899468881,1.2374790082951566,0.8456529430886486,0.7082432639580324,0.7409172743135616,0.5618095434662258,0.5808328448450295,0.18989317271654577,0.043965283035715716,0.05954485570287256,0.1149544930055034,0.06228436478794225,0.05929105096640161,0.11945745149191864,0.14512218454428005,0.07165429610085122,0.036586302423201815,0.3750380050620165,0.29503761306410803,0.3233064566182447,0.27878725404051824,0.2831516793493905,0.2787750246987111,0.6464670208696691,1.009811363669988,1.097484209165669,0.8443796062365385,0.8390454599305681,0.786109424703332,0.6332824663759351,0.5357697905830223,0.3555502974963334,0.09878807876299608,0.09888480924334983,0.06309477564883434,0.12145879462582755,0.055345275370484545,0.06543863899323421,0.07287837879052682,0.11551492589142852,0.0720128239689247,0.3472209028657828,0.2543341526854387,0.28574013758678507,0.3083583670138419,0.31194218262563783,0.33952200305696945,0.5600354123772786,0.9532248675471018,1.0751986317747246,0.8962081792514127,0.7549441601549614,0.7325125379338088,0.605857472973062,0.5245738529376761,0.3920414177440915,0.1369192158798767,0.12089986564816681,0.0871895044789496,0.069111403347629,0.06297983844146014,0.15618544912721594,0.056741414969352866,0.11525558130183607,0.05892504889986616,0.25994734139274345,0.2830051272085562,0.33895832943147325,0.35653479618133477,0.3148522738886711,0.29733631270323135,0.6344671605462899,0.9432462666385599,1.1057593454603383,0.8208196907178038,0.8336483215822493,0.6664886611287425,0.5585882098630992,0.5093919194530383,0.3049434067252745,0.12438134053234744,0.07876334751854198,0.06571415361539627,0.19895566054155847,0.0500293101648355,0.08895071875189228,0.05584974498709062,0.13166690724607868,0.13287831872415615,0.2527844370257622,0.31503184051412064,0.18699900242476292,0.31040909156629226,0.16657872311203994,0.3208503274503306,0.5914356668428488,0.881753887175641,1.1515138284995108,0.8678035936927444,0.7331734221212709,0.7287856580545417,0.6019913124315498,0.5396991919030337,0.24413279224714546,0.07944973844383177,0.16517061285677526,0.05856721191621643,0.1013702389119508,0.10181831835787664,0.02917928280376872,0.10234464463113549,0.01,0.18846220719205548,0.37361674147920554,0.20457753239678644,0.35895666653554836,0.3070907742510492,0.2288085368928599,0.2130086127787656,0.6028424757959557,1.0333028482034572,1.2414062533555208,0.8784183749914027,0.7275726789321556,0.7834211541340242,0.5583248167534527,0.5015414299103762,0.29329013630854844,0.15241482600973638,0.029381824325370426,0.08538594649817673,0.11905382764158186,0.01,0.01,0.01,0.09959046928967531,0.1162885846507311,0.36272201120979125,0.3188880183443831,0.4205965604274759,0.33403968447809734,0.3694737451518441,0.3501942808326528,0.6184654418042226,1.0308351522689307,1.1566091308900233,0.8346867294693638
MAC000117,0.8,0.8141175646240242,0.3877334317670584,0.49083698724748437,0.3176219918482843,0.36991581122460715,0.39476128647599285,0.5084046574928824,0.4005824523998165,0.4980362637899316,0.49858421283095083,0.5740163557091758,0.6777857821848821,0.6167727008508219,0.6536859244523165,0.4182833062143918,0.5105023170110891,0.5490313546952652,0.7026573452898073,0.6281144039878186,0.592049605958239,0.38053927470658777,0.3603222970316338,0.43694801667852706,0.5086241259516933,0.7134400474842584,0.6793028505224323,0.5705629634048978,0.5864221449509929,0.4312033177520516,0.5971614030185011,0.41884200517946896,0.32835720020416376,0.4400568196105582,0.3926141724488657,0.3273171169242875,0.5684790334415215,0.4927511146118824,0.41090110899907395,0.6171078355391983,0.5043608015164225,0.449130652994579,0.40947825819601896,0.443762251335192,0.48974119232563507,0.37989121614864824,0.3759450061916142,0.5305571354654586,0.5397535166983748,0.423713479917139,0.7092394738643208,0.6271866699837786,0.4251156724082407,0.5491336846994106,0.5135751221099707,0.6089184120847826,0.9379149144692285,0.8984902548528173,0.9083984130802223,0.6400332987637305,0.48294452480902367,0.5934787760806381,0.3262117155090404,0.38912192662104295,0.3283749877140994,0.3707895849906888,0.38871359757043555,0.735828046740835,0.6132396218711162,0.7395456957061861,0.6636844676251669,0.5111120897953401,0.7498824455087878,0.6064139247188904,0.4058435815338266,0.6912267562564944,0.48760440328952953,0.44414383135129876,0.3698463094099306,0.46344752011280343,0.32811629458966307,0.41694764415148367,0.46423149896513694,0.455836703343504,0.44100656414260964,0.4649222322522646,0.4140916701334402,0.3603707675843783,0.36745577101906945,0.3577444780847324,0.5193943173160402,0.4811182460145795,0.44510140608063886,0.48691918165766174,0.3873457801093912,0.32291977750254125,0.3823627616705575,0.3394025546688924,0.40682690835602486,0.37143517858830766,0.6030593336903711,0.6684668839967078,0.49731632274083426,0.5164942212393118,0.6481519163459624,0.37070422836844596,0.5300796871811762,0.4981463474740252,0.3381237132382278,0.3719275203908857,0.4165428907126727,0.31278562074753286,0.3740957151560397,0.3577869080083478,0.40432403618942997,0.58383918937565,0.3338172651966548,0.3831478658933962,0.38368212507521476,0.5044145929096231,0.7200583589330287,0.8771177043589289,0.8580890793656129,0.628763878413169,0.4832272352461544,0.5456288200141929,0.3087612194915157,0.34159475239364395,0.4419253725194693,0.582956108320152,0.4750468288459214,0.3128475273538344,0.38040927945936226,0.378033268380683,0.3056853148805809,0.3744290445458551,0.3748954482783018,0.3205535245747751,0.3964299140398367,0.3106486978000225,0.4551489800525653,0.40358652462891365,0.4570689941596216,0.5185190562077968,0.5013827604373069,0.3378696013626891,0.30188877120786833,0.3425521327858742,0.4457557689029841,0.5028706344479091,0.42536479223633594,0.4775017961353973,0.40786039889509407,0.4466296149816402,0.566214989406538,0.5777569672266003,0.3213564643042317,0.35850021118780473,0.35325980916452077,0.5833173393734167,0.4639502438520664,0.38285947121609915,0.6469575499066443,0.6250600994274806,0.5275213732134277,0.6451920714514761,0.5072341240626238,0.46176591028441816
MAC000118,0.1272619093941486,0.1445519223893546,0.07805362066292856,0.10039425825161696,0.11752412619686514,0.10523901334202401,0.14031653048583864,0.14106031935449748,0.16106183713317382,0.15361611528094585,0.10796211250059441,0.1426629032923748,0.1293309552607383,0.1571112575548845,0.14544389246102105,0.0815749982360296,0.07983352962501702,0.1109112564624073,0.12606364099982173,0.07669028783518865,0.15701948679845665,0.11475641755140041,0.0781191059867124,0.08826768961066038,0.133770621292186,0.12959077575504707,0.10495213244622718,0.08530186252688032,0.0821003625638112,0.14749548025566234,0.1189377256263897,0.15844588399944928,0.1400353475009972,0.12102736978371659,0.13117488400984598,0.11684944760176103,0.16083787568472296,0.14017147847498096,0.12164481706889457,0.14524151659605328,0.0936019650836627,0.09470200847588149,0.1529412477497653,0.08356327926126493,0.11013974469504137,0.13724831163589243,0.18048283903131732,0.15108232745224426,0.1518544677256262,0.11223579910212386,0.13956724913231153,0.11713633151767402,0.125146191661749,0.10707999076862375,0.1597630313993977,0.12009870157901623,0.12751931051937734,0.08426768904793755,0.1180372612435235,0.1413628383710681,0.1366467614744221,0.13723415524070354,0.11673409796157537,0.07540677965156681,0.12769956084709883,0.12053317666952065,0.10319910583539271,0.12627102501707393,0.10005439705770948,0.14541129793930246,0.16498360869317127,0.09997110723134567,0.12443960255047636,0.12550703194680693,0.08877719029412479,0.15832627008430153,0.10191529866801204,0.12346967425723511,0.1163933714702592,0.1531416815414422,0.12640787913070392,0.15199804299371986,0.09449517660498222,0.08580833382530399,0.08314246775806797,0.14643715004698993,0.11224191422078558,0.10895733212563832,0.1315050827333365,0.09403984653306155,0.1486552787040292,0.08441297188342632,0.12319455371678796,0.11305554181258794,0.1186621694807157,0.10098871885721039,0.1292825713338151,0.08782357792619225,0.10432191790831076,0.07478303969618416,0.13328600952908082,0.074238827901562,0.14364245473015413,0.10421793683970414,0.14726899048694195,0.11800528053152881,0.11523312203930229,0.10176173468822455,0.09352532284413621,0.1500870991575839,0.13126837364521754,0.11920437161096108,0.08409884990141134,0.1084999238795915,0.12914577327760318,0.09393431323827364,0.17134694428994063,0.14997201412049754,0.10187341711422622,0.13881458619708922,0.13290986989057577,0.08165395792027964,0.11422377037199888,0.10322557753426323,0.10970649430185006,0.14543099685183744,0.1258645269920952,0.07859592208757782,0.13441778372710853,0.14689454909532423,0.08450662955847818,0.1556199852911392,0.14167832612606326,0.15865951608580894,0.1353435226582502,0.14076015855907376,0.07176742919514756,0.07720386153068458,0.11222053478225463,0.08115394463139097,0.09140648506668604,0.15217391492184218,0.1567625091754917,0.11552859808191786,0.15132056222139886,0.10163693003821996,0.08431287593383767,0.1191855093509573,0.10842351138566879,0.04429331799988238,0.16455445806539407,0.13355281332354874,0.11931187798274827,0.14484572567584028,0.1619595703271733,0.11867807961005089,0.08077240069642629,0.091039297599955,0.10850261461399797,0.14241132943190185,0.15402325869566144,0.06970109691205661,0.135069467616528,0.09243124405164924,0.13187893434413298,0.10739683894410237,0.11437235894891873,0.10927135743772255
MAC000119,0.49938233061736936,0.2357200214652836,0.6684232879386398,0.702805798130816,0.04744965415865728,0.4831390153385933,0.16943801448310478,0.6575426616458648,0.5182352813091836,2.2358498588117435,1.3958120988198368,0.363544918011311,0.18859938298315596,0.4390250549094404,0.10019161856483626,0.3568322788319806,0.7442879878857676,0.15096646070576272,0.5324341913941264,0.13920445560865985,0.7099992249049925,0.09851613809387014,0.44619907708773165,0.13896292706032334,1.055464655803689,1.7291577540690277,0.5170590613331868,1.111458818301167,0.568327372264152,1.0240084422098348,0.744428354528559,0.9252291663703303,0.4598791938861896,0.6137791968102885,0.17436622086153516,0.1995777883044945,0.10311350653907496,0.5133242488258877,0.10228714068563079,0.6357217018266871,0.10540543586586525,0.5068412503807764,0.4749449271782317,1.0513869928885058,0.6238621360955546,0.5747070680177171,0.38012130082907397,0.44309450819251633,0.8722448842796668,0.30147679474865924,0.2352218787784469,0.2665506807115481,0.41686411880924873,1.0954296348176003,0.14524858301308174,0.7791102176475287,0.5358887531329722,0.38151093916364825,0.7053391941146754,0.47427396207471423,0.7371873680774943,0.6988264450362167,0.49857264965743586,0.6926751423827391,1.1203408003780646,0.716557770163089,0.8439215999621161,0.24005209982828474,0.49576541092645665,0.2889386052823149,0.32642936193539,0.20525157891459744,0.02089234493433726,0.2705396588778988,0.55179067957981,0.2216893988396905,0.9422531883606078,0.6247055501938154,0.014758448277831885,0.10967968244648416,0.07747190041850173,0.43647714650843167,0.2939713736899112,0.2234027214353446,0.2384315845414187,0.5137512306612639,0.6778000427958234,0.6684071286853257,0.8946436104251118,0.2672310437041354,0.7757590711602208,0.44382787084886716,0.13900799353122073,1.2860935158900697,0.5281445821623861,0.15906172315816242,0.21050575901218466,0.4660949889275097,1.0592440869399158,1.088434059699079,0.27911671220144507,0.6181049638468927,0.15438499314648071,0.9190632576732763,0.9371054169890998,0.22530338338191772,0.6982391946527631,0.23067555588022035,0.1770596472683487,0.8171537892875064,0.662316354738418,1.2853538576951626,0.40256065971308663,1.9228843913453506,0.6943772518870014,0.443959804723007,0.3879890892962331,0.9794797777174986,0.6913203644165082,0.8837767501598748,1.7700936281984079,0.24428233969170784,0.11022968243794763,0.5625487961144265,0.6212265931771148,0.22910607052342363,0.38791975442935767,0.6078297174831432,0.5822070156285389,1.065032123047768,1.0323425929020988,1.5396167212268286,0.2956722423729307,0.30022949238981333,0.5479034240319702,1.0210563486044604,0.8680520875025936,0.8042373973773985,0.8148549954984321,0.27235607081778745,0.19929988451737,0.18519768802439118,0.7028379115811898,0.1895522400630142,0.5728361362967193,0.3703924052001135,0.2501154007600335,0.30409702685159395,0.4209977443425363,1.1423133467939883,0.26436978565324304,1.0889565509155423,0.4372218009810943,0.7099211277124962,0.4517141920412716,1.4702950131292603,0.6173794782656706,0.2568653081222538,0.8636636884650154,0.1403496891962395,0.7247979816402715,0.2972076131578941,0.26822179221561665,0.47671264529527624,0.5078806924168708,0.17480694537989103,0.39210583240262825,0.8284275805389226
MAC000120,0.07128575699255275,0.11501898870578245,0.10977154807947534,0.0879395269358337,0.02901599476355847,0.1936280831337896,0.49397682385899533,0.8535689649476774,0.6815113325086624,0.43366356027044617,0.3369813222811755,0.3405504114683851,0.37620969210735944,0.3746374717849896,0.43821171578139584,0.3942866621316649,0.5940346447992527,1.1388062952777096,1.4498867295266764,1.4155830762418076,1.2160016961850912,0.8864730197955424,0.5365185288895834,0.3021936156587478,0.08801817667925387,0.10538938983693738,0.08071929211602835,0.17253209844528597,0.22713948844759874,0.2189933980019151,0.45916590146415204,0.8144442341476333,0.6826864884110402,0.3758368605812394,0.4348886098884406,0.45612836003262386,0.3505766514794665,0.39357228018785784,0.3541216288388153,0.2615171708306142,0.7115396668625856,1.216792900124266,1.4907919543413806,1.3229742273712692,1.2070890143563964,0.8683505472625297,0.5962681970584974,0.3157394772039595,0.17886019278739343,0.14658326617264122,0.10524399788675066,0.1470301329545783,0.21400186330790122,0.16431172340118413,0.4891358976577259,0.9975868382163671,0.6464143799258006,0.44413068306433,0.34274657656776786,0.3062349737245383,0.3311741724655382,0.4234049900691599,0.3041560018365693,0.48983149527042086,0.6509411164691989,1.1883496118670611,1.3954166265004515,1.290847039745875,1.201227560143343,0.830499714902029,0.5421990306004059,0.36334163694403443,0.2562077195034526,0.0856482970220844,0.10351055475687633,0.03240518159704933,0.20366294831268725,0.21166432424702278,0.3283136173463547,0.9030937524416576,0.7407078816974598,0.34780214292758777,0.338275758889076,0.4091259941141239,0.47161842166900925,0.3566965638866012,0.4180906555121767,0.4353512335747238,0.666336267839944,1.1088506200875996,1.3499944833618875,1.3059103541417973,1.08199917821625,0.8040940308957853,0.5124874697559276,0.25918947970223744,0.19529680253793774,0.0936668591918152,0.1028279648148149,0.19335543161529017,0.09829446465940578,0.2574026162697226,0.3739162262035979,0.886354136415251,0.6515051737390678,0.361855021364844,0.39989257872709283,0.2579129599092298,0.4081922060863867,0.43453972848000294,0.2761927499604697,0.43933908283868106,0.584629463672376,1.0583926788672482,1.4460225464133418,1.3657973988113121,1.1663960369535724,0.9043910923950111,0.4849176539769171,0.26742956708132876,0.19912142457183066,0.20379390715310353,0.08396329163856056,0.13295490325413195,0.1612948950382656,0.22015583251568427,0.46506068049167404,0.8793643712157614,0.7077720907476912,0.3965624277663087,0.34152982876533505,0.7787972846707917,0.7855145367068019,0.794005917236676,0.7234809422376587,0.8295471451091566,1.0235045073320352,1.0640470961770625,1.3193613817031982,1.2594650248124692,1.1847181679269867,0.8725249343295393,0.49703432017737526,0.3104835355376349,0.14561417749836214,0.11275823119944431,0.10501853397777659,0.159423827910101,0.191104479814877,0.2350011453908976,0.45212550237977867,0.8419909668334503,0.6760064592885418,0.2985860077051025,0.3913666776224531,0.7623403560766738,0.7821128976685273,0.7685978709407024,0.8058147881019551,0.7716121112519372,1.0115131512995474,1.0310640980711274,1.5278919244632778,1.3455003776369425,1.042173464747399,0.8260662563675576,0.5617535094293739,0.33443994915910297
MAC000121,0.1573001861038792,0.10754230132938876,0.16520345312878235,0.07924739077028076,0.1275571071472248,0.08005191143412314,0.8996673724134736,1.3562436117706202,0.9341779438770534,0.21988830078899316,0.18824459172679955,0.26910459159255884,0.20004217215732778,0.22752269410815587,0.28269115023025004,0.2782521799843212,0.14738821988434345,0.8189007158350895,1.5981026156731335,1.5824647730672123,1.214509573161672,0.701269274342915,0.025054723580239125,0.04012607296361581,0.18024311224597367,0.126872595995649,0.07070218076036837,0.10500990862334873,0.0698513500888803,0.08863420970038108,0.9559961986564047,1.3602125149094877,0.7906264073194422,0.2491062036365083,0.2387934517083031,0.16445023169768055,0.15957489063675406,0.2833378684744067,0.22330592786756065,0.16392192920741416,0.2025122869460985,0.872589959251649,1.4895465858024475,1.5907885304201315,1.2384294808935865,0.6483692229302072,0.01,0.01,0.01,0.1268963088863881,0.15336669322584393,0.22025206290979593,0.1525758688486012,0.0714354805732409,0.8979564705280961,1.525024382627615,0.8409599945293564,0.2569730753863165,0.1758976509373748,0.1937598966239081,0.20111750950068033,0.2505838235346759,0.1831429219649862,0.2347018995735313,0.20453205380214648,0.7576094829920377,1.534104587956881,1.691743477783493,1.2277039532431853,0.6995505612653888,0.07118591143698594,0.019494542888031346,0.0536587331706086,0.10829710912196665,0.13613284861698643,0.13450661523943855,0.14828799405476986,0.11467338696373748,0.909955051574864,1.4326693693719936,0.8579900544578856,0.17034615037891243,0.20096344447771367,0.21696354246358393,0.17765948623760142,0.2276862347589016,0.22201206389804962,0.101124111092143,0.20626201999756075,0.8891288206757679,1.6090710033934645,1.6706556407722057,1.290899344752901,0.7083330564031537,0.028476821845212937,0.01,0.15617467111364297,0.2149811568975945,0.17285580771510695,0.10561581534947255,0.20175708725277613,0.13513796851657514,0.9531404469140725,1.4201613819405112,0.8551344874949538,0.22451532899527157,0.2611511348691182,0.17944807923096526,0.2520978288408702,0.08263075288264318,0.17377010393111983,0.13729999108055513,0.2214369855082699,0.8663342510344811,1.5337894208026541,1.7043178068638358,1.1886815185464565,0.6459104775394537,0.03615726024587656,0.05852156552388746,0.1280121667200907,0.21384977386679832,0.14815921816433789,0.14262420382165641,0.10122385737707804,0.057580806432718304,0.9072137176850238,1.5110102242877266,0.827811735602941,0.1850053474872933,0.15931662807453642,0.23150617079077884,0.1483165133447596,0.2224148081479307,0.1815070985135279,0.19153339243832934,0.23667247242253223,0.770769302128037,1.534575370236564,1.5601717753416027,1.2217460132045797,0.7408321968157735,0.03956992198109226,0.05671289814309563,0.15566853166297723,0.10240042374066097,0.03222097009456093,0.17227273070454863,0.09650996039784694,0.05040905623867828,1.014127268439817,1.428937692394226,0.8427145272451517,0.21597226975939207,0.2038457948268169,0.18521548164147933,0.17537701500031033,0.31584095093396947,0.13168671505495355,0.18291436662991403,0.16005268048533539,0.8441562735844176,1.5135496354042397,1.6115832980890916,1.259487482418114,0.8127387567600022,0.01,0.01
MAC000122,0.13650454280400576,0.03698603683963807,0.013344647425761691,0.13945817352033807,0.21478640608177552,0.14930785379563058,0.044203331618221486,0.7684332445770345,0.6331036127659183,0.7005754175461057,0.7078966380429733,0.8945136620297219,0.888402796520379,1.0489508329508106,0.9265720345404664,0.7351716409342541,0.9406222804199535,0.6194734336696548,0.9984347984064854,1.1489164141774468,0.901120570056196,1.019248188723427,1.274945249716329,0.2613769775313555,0.1551255011656211,0.16363172403140358,0.10328504149995837,0.20752039261564656,0.22782634812947633,0.1357593184517315,0.1704027863099768,0.8199715638347129,0.7678664653729981,0.8104181417317098,0.6299582500681155,0.9362321477804972,0.9530757760325446,1.0258036582097891,1.0059981812717202,0.7735554297480766,0.9314596097961264,0.7018904866215899,1.0226653489516975,1.1240587782059237,0.8767078381945067,1.053276424824644,1.183569692162279,0.22280107214399936,0.16601097347721616,0.106122795579498,0.10575909080019635,0.11785973938886805,0.0879351628420515,0.11440064965595365,0.24091395417739045,0.716175709373761,0.6721382047161926,0.7595227981420876,0.6512749802906436,0.857240358242835,0.8158195183950355,0.9971284383664581,0.9171484890069125,0.7962816607473148,0.9226633677171809,0.761641189269189,0.9692163930653817,1.025888853623566,0.893314863639931,1.139898835430906,1.0822829765219817,0.30560241077570316,0.20524636782473188,0.16327736823075623,0.10448045782754461,0.17625078165005445,0.1087510991042866,0.1256188405426725,0.16123714888489657,0.7465563460067587,0.6623636564620838,0.7432911229191974,0.7288142513964059,0.9595759226792597,0.9096882291082493,1.0738240201138993,0.9412875750512327,0.7647198628070153,1.0012953628608328,0.6846986212217401,1.0395905406519854,1.147158712779297,0.81833208970253,1.0518336913492028,1.127264654823772,0.1921213989627302,0.10816491801928968,0.05957452321619709,0.1907744245732143,0.13633309380278275,0.2039730650266198,0.1641806838578591,0.14744121545130373,0.7286520310656026,0.6987494788586599,0.7732966564891106,0.689324111507813,0.8722177606931845,0.8761126505767219,1.0550164377384021,0.9370405332039958,0.8274794905762035,0.803733532414533,0.7096404956799434,0.9895574928890318,1.0381580569781987,0.9446789962114864,1.0901937158501023,1.1866280435143417,0.1878324986949245,0.17314680478841576,0.20794328426315004,0.15766353388349644,0.1470339091927271,0.11610220759225817,0.1690767128721389,0.13180665040639408,0.9575796115777554,0.7738672043373858,0.7659796467713489,0.7276514136509696,0.8954174948145861,0.8998172130447883,1.0261579358028334,0.8893149291985513,0.7614753291545712,0.9284079339459608,0.7244531976485726,0.9829190170337001,1.064130060527666,0.9649897957505822,1.0773003289181444,1.1599884719814295,0.14591826332486646,0.17939859535370736,0.19378245842306396,0.1802816575110194,0.2377138294771462,0.19062607859450628,0.16310837101828388,0.10434855593824599,0.768290163873661,0.7070129766299965,0.7647065386116005,0.6413047117325921,0.9302712645312278,0.8466404870294312,1.012997296213745,0.9044246137376887,0.7673541040096361,0.8669847033040742,0.6612003633177335,1.020743048745314,1.130665563802547,0.9332333302048338,1.1120049083576773,1.2328738575261124,0.26189846677306144
MAC000123,0.8693329657890875,0.7510455324350231,0.717544067982463,0.6336110176677742,0.27473441207575827,0.09680803159950373,0.12994326353572708,0.07759650137396087,0.14205945175521004,0.07429574909633578,0.14657917485672295,0.06266010516758211,0.21392266860720427,0.09404735015423339,0.37089809658471107,0.4034327615020655,0.33501262339601057,0.3560540250679972,0.34504845284408114,0.4465446139974834,0.7630994201824306,1.0313850022806792,1.2080946358448759,0.996549940170658,0.8791468885365186,0.8565066226282869,0.6997883118497046,0.5831368395554393,0.24490963112727993,0.0742815971039522,0.06366348544844881,0.07984379274760044,0.07986367650837106,0.07910569319792805,0.09917790771706486,0.1263835069405279,0.14711428663255954,0.13689183797762133,0.26834480317866716,0.27807286394381847,0.3217281013854867,0.2835636075638081,0.36102075410538653,0.33782558515075206,0.6840041576438849,1.1293440614201373,1.2413032142911646,0.9121590867899079,0.8614495994578975,0.6685327395662346,0.6700428947942917,0.45715997898009075,0.292422545868832,0.1530824985360077,0.12419753984181629,0.11291926650575242,0.1226361369361485,0.060402688981373694,0.01,0.03590779235704524,0.12756280184548976,0.14621146395157159,0.4052867729011741,0.2741965412564581,0.39923736322813036,0.2751130216129552,0.3600496470235944,0.36777412949206945,0.6437626065131079,1.104931622366561,1.148652405619912,0.9180312296113712,0.8319556204750701,0.8071985169149332,0.7088222100833834,0.5916299233221916,0.3007615323469748,0.16066271999627585,0.078441074230023,0.0746012896952511,0.08913604503948319,0.04735756586992512,0.12784417998294473,0.035213328155295494,0.08788111074392127,0.14227102340456943,0.3258638053354976,0.28635716669438455,0.3555161116244505,0.3750150985979649,0.36223811114769094,0.3644443724621307,0.6421733066902348,1.1740304128397574,1.3096141068429334,0.9340210674717636,0.8820728416125201,0.7852074446306785,0.6854635894516924,0.6023563278945943,0.2903080638413069,0.1264817922724646,0.14050552551879356,0.11686576438920068,0.06585932808239336,0.1554429667014168,0.09426758881581504,0.10703793124234164,0.07602114992290442,0.16160268501471536,0.3098102750133597,0.3332708220686804,0.4643965781527218,0.24874099194652755,0.29592529095885534,0.39302834907873063,0.6832532170931465,1.093377175391708,1.1921386902173658,0.9582425985050175,0.8649442040988146,0.7748514232862772,0.6816863973898747,0.4746434535196341,0.2834077952985312,0.17156268339923814,0.08306200130212336,0.05061442777779256,0.06701995890889942,0.15638011680960895,0.01,0.12865951977916357,0.1155535241091331,0.056534327940823415,0.48960641954555195,0.38615437033480615,0.3479451884885637,0.3973061077667482,0.3689881397424908,0.3579507525768613,0.6873587568340035,1.038176767169603,1.3104140949298506,0.9623441266322976,0.9289818103873955,0.8310545487006729,0.7255468209663837,0.5597691923023003,0.24784889339966532,0.09493736136181814,0.09698073869215414,0.07754921958075428,0.14790328000135955,0.14275194153037282,0.13491437611964452,0.1686175618213578,0.10867152005517598,0.043083018019589754,0.40855671150435036,0.36284317254909343,0.39481862658562467,0.36190294574313836,0.3097734626799971,0.27943321830801315,0.7258539091366545,1.0450063817480615,1.3107487932265405,0.8680051817400023
MAC000124,0.8,0.8371377266165976,0.6325257764294789,0.33505366373958156,0.36451927074910173,0.4252516793052895,0.5901097450008302,0.4892173382765982,0.7308207313126889,0.565984284136934,0.5044463428921439,0.5378370918159001,0.6502652470369101,0.7822048851171792,0.5293982970696223,0.5169699462907908,0.7145339796598471,0.6126685491106061,0.5754796946657459,0.30533621869954886,0.3577901826368843,0.40356766389512677,0.3448594354845767,0.44359958977716096,0.3369678185206869,0.45491599370802505,0.5522203776747153,0.5362596090440065,0.6267877003108956,0.5706395594971436,0.5152680806198173,0.35944052268972915,0.3127338644047828,0.5166425327104172,0.38292073486186406,0.5590162675875752,0.543324650261086,0.6858518800839732,0.4867468781776953,0.6991915196635258,0.49730417633112717,0.3026730997924775,0.4005401958005639,0.37847040612044225,0.43899345743176876,0.36905008284415464,0.3128307812254616,0.4023822623729694,0.3568290612655686,0.44915616258270297,0.30969045728798184,0.3454809679253351,0.3930781074277925,0.30130245200094374,0.30239147517886183,0.3785245939823889,0.3096127416401454,0.4400882206240956,0.37088966129643575,0.469341266817627,0.4041194184220974,0.32526308424600153,0.3999441561446194,0.39755314519374507,0.5044432771898033,0.4313995729127117,0.31955687717903425,0.43416302130781737,0.5289366208468309,0.5456923778529227,0.5683846343241707,0.6120014475458189,0.3667320049741929,0.4877406859004124,0.32259271705715636,0.402647113804916,0.5191712823805813,0.4166057526973327,0.43842406861854855,0.5584115334300107,0.35408315060453377,0.4137175353912309,0.3616289346222096,0.4797842348212145,0.3371896523726492,0.3642754911068017,0.7108828116112422,0.5884831786475431,0.4731191119841917,0.4549788125009715,0.7500576238026833,0.8589767080775186,0.652724368510897,0.6102232062219658,0.6711042345326139,0.513980428517526,0.3092536120088013,0.45571206570185685,0.49324821170527494,0.4927658792874934,0.6106043462020699,0.36116064062545616,0.31111375401500607,0.7040634466108285,0.6881950979918641,0.6853483319812985,0.6048876127647185,0.34750340544586245,0.4583268928848062,0.3182729011873904,0.36756933587591656,0.3761667196423508,0.3134158695077764,0.4565959721278559,0.6098137176833349,0.5342460489023977,0.531301941070063,0.4393053463878694,0.6192501430758919,0.6196450335933656,0.43639398624097847,0.6395753762517546,0.5725782404560421,0.6050600326056054,0.6019327918153283,0.570468397498644,0.6051555930400658,0.38503830709166387,0.310203810820438,0.3451373502419145,0.4111028720821025,0.3183279393779459,0.6012118489249871,0.40408241782017934,0.40062331166268966,0.32864913997593914,0.47102372699590966,0.6397238437370467,0.5950955325044208,0.33866461105092943,0.593199247113031,0.7096010374031776,0.4991641990599057,0.6606687088952925,0.6056330632821463,0.5925542697361266,0.4652869129052477,0.3166787748107562,0.3017285457273394,0.42155980535811916,0.3739260477083727,0.3976757591810613,0.39297241048251286,0.48367257093187854,0.3601761093685306,0.5624833654647283,0.3970211325780688,0.39428005978189784,0.4095649877962575,0.4454528467294906,0.8518767055754928,0.9045402692592026,0.7161233679661451,0.3743605392061854,0.3749401796320629,0.49684497949087425,0.5257868271580135,0.4881402015076598
MAC000125,0.11090587680296547,0.14964816875553744,0.08494112166167918,0.15784325474335167,0.15737511031255322,0.10716148372431909,0.08858132970603712,0.09884931963044014,0.1525118263861971,0.11252441027513525,0.08533583652832559,0.1653321161555768,0.11713699785449565,0.13804484353381102,0.14584121268839428,0.10153957350398682,0.14929249326290658,0.11784089500281321,0.13858451698755622,0.10656010826985098,0.1582456768027325,0.15936530090845274,0.09601752043602249,0.10124750267766357,0.15097551906611553,0.09417769965199002,0.09733455794870605,0.1299710620313858,0.10072702275294311,0.1629717369180732,0.13827301424318394,0.1496414605945163,0.0897354557071533,0.1003701051788787,0.12161852519664937,0.14297977306972584,0.09644432167330051,0.10711868280788873,0.12818141032361335,0.1131268169896476,0.10791520460803597,0.12014369831747405,0.14325245157820218,0.12253841628161362,0.12596767586482951,0.1440496965606715,0.11323550538880128,0.15981547874665333,0.10734444038728681,0.09858881501394304,0.1435340444454982,0.0964941273660729,0.0831546296067538,0.07414940155736072,0.11188169193614944,0.1652313231894708,0.15303591075172934,0.1279175700625515,0.12090615001570194,0.16933314157335083,0.11157709364040047,0.12676520521950863,0.1087974567419814,0.06749007936859883,0.11440875105479463,0.07017924097134548,0.1409542339943436,0.1475797562370605,0.1141615008616765,0.09679692013021067,0.11417115551640993,0.14410665772989564,0.15752857414603935,0.0879140254166631,0.16635083492528846,0.14886113354111233,0.0960240211216113,0.13844523530715433,0.09213714545415136,0.08438125075311577,0.12704536528945284,0.13716159681289844,0.11440379916646877,0.16635775231079436,0.11763711190411023,0.13688033066051686,0.11605754513875499,0.14319802633281195,0.10365351016123499,0.07522444751592945,0.16549351180015012,0.11328544323732413,0.14238133819936089,0.1120436829820718,0.13538347321559357,0.1455753011496517,0.15892935890374044,0.08484371895133537,0.0820815865562876,0.12885646430162873,0.09107835013812017,0.13997351091163704,0.16227707915421502,0.16093120227058047,0.11143117217828616,0.12981212929226488,0.13910580192471655,0.10336632501851217,0.11707789536383942,0.16122522998867503,0.133251279181635,0.13755240807364444,0.0809681548499867,0.14572937186699433,0.09778675654609224,0.11291822562351096,0.10570115490758313,0.12655503016879385,0.09981136563084698,0.1313593204485621,0.1253952770559526,0.11486224134555902,0.1401661559561574,0.0725663956128205,0.11184391834455495,0.13210888851907707,0.10785339876781135,0.09871935445778512,0.08405051856126529,0.13630845317272391,0.09453109358884809,0.0921385710274712,0.09458151067602825,0.09410770502658686,0.07853536611107187,0.10717161399978913,0.15331912435847236,0.13554338983067615,0.14334106253003684,0.09563417853973066,0.10517427789495011,0.08824144496057955,0.14746256778800515,0.12086234306237931,0.12037268591874291,0.10183857720306143,0.13850169669446652,0.14268776849909806,0.11895637176356685,0.08654407499105989,0.09261396201628158,0.133452263582357,0.093482148376197,0.1328647377431988,0.10920042752469881,0.1528957991474847,0.11162352906694192,0.12839758987751754,0.08196760599331356,0.15064417213136358,0.10599178625397597,0.11903068061756253,0.06537928641460548,0.1578673904238655,0.16933202565945524,0.09640729884532082,0.12194563892675853,0.13199907988947096
MAC000126,1.062591787284347,0.8754161109391602,0.596051506648383,1.214954537082831,0.6514112124451991,0.14948191968153351,0.43756339519960025,1.4545544782100037,0.49161936797988587,0.45611276234219134,0.7571844266046003,0.46867717465741343,0.24123639826623614,1.071049719697042,0.37436126160446265,0.4412267548089797,0.0673550790917157,0.34141895809222805,0.6778602574789264,0.32152253736568237,0.19939950962472472,0.9098005085886204,0.5693099167864762,0.22434772052362426,0.5588199951006945,0.3023132667863592,0.42456688009792426,0.5168977994187894,0.8414857602485886,0.21348279638637072,0.5535871689578205,0.993274096139505,0.5635738016672035,1.0265106590122692,1.4468500655925787,0.16586311524286065,1.4669256407439308,0.5691743470025542,0.49232757344871136,0.4712866061177992,0.18871635529464578,0.6879502731297754,0.20707207804324926,0.626043715827321,0.5669432956940244,0.7467292361433192,0.6197555677393802,0.43364907880187814,0.20092765976595525,0.9724429512984814,0.15629393839648345,0.2580480158619971,0.36601641278947056,0.2588764297695195,0.21899295101522048,0.7731649416991457,0.22974315815847063,1.018998569719677,0.5157545620478773,0.18820017597000196,2.2256786830427386,0.33371605690634276,0.6705029088888218,0.0901249043707233,0.4719905056853347,0.9286187735050998,0.09209195577927806,1.6629640074318857,0.35811331796280577,0.28802502294490784,0.4066650041467809,0.5025962190471177,0.3696271154468594,1.0509423701649492,0.6404595305012902,0.3431778531662019,0.3114868696488074,0.14156781164789556,0.34467850707344627,0.7336001672623876,0.11704705205470237,0.11424520634902771,1.5216782770989024,0.21458805460298877,0.29168658453340535,0.3675688831655275,0.12612580320600617,0.813893091041088,0.5010401015058191,1.4690661981696733,0.3317534944675778,0.43155719864336145,0.24064350278073043,0.14427708532942077,1.385336925324123,0.6632406206851577,0.22533634271752148,0.0897145009936609,0.5314585673657855,0.17204547855407862,0.3003582539095495,0.48563631224774517,1.1027630335727676,0.5593245971791196,0.4736944131630926,1.0119035069503792,0.4139144879445831,0.048123772767514096,0.4627401672703715,0.7187785624911872,0.33224306300376993,0.30594816348393933,0.41076634337408674,0.33853453938911876,1.3814671697222598,0.3053082492224994,0.6371010790707973,0.6681378656982074,0.3616440969798505,0.5660143438275888,0.14527003671575625,0.8393486490702874,0.1603470045829599,0.3990675907550462,0.5360461792128784,0.22005944903685185,0.8768838808609171,0.3200181156938894,0.4955241291777007,0.5773313677972226,0.5141634695570776,0.7617150543018084,0.44811033061132,0.4448169934578314,0.2651419583522161,0.37366598091898123,2.51610287491333,0.5928260836898999,0.514172595717588,0.10213040571169543,0.1347622179698931,1.129654647079018,0.418174657872252,0.47404968354128235,1.350542493491783,0.8096122769240804,1.1058597138932043,0.7462227785118748,1.1544602752496473,0.08653037699960565,0.30001855769469865,0.4460547768495626,0.18085175022208488,0.050486871631373935,0.1933971766390109,0.5692712210647738,0.52255672437981,1.1727804906821133,0.3504453658791972,0.8103637671558089,1.8840412765458714,0.7463664478593807,0.2754046006953091,1.7259966379409857,1.1822231915772237,1.1074601133351263,0.7817603092077868,0.8459552387529595
MAC000127,0.265353638229111,0.1952678044283663,0.1304833980871763,0.08444382815139688,0.10846195071930799,0.34145154150309664,0.665236255755388,1.0212093435554754,0.9056916543781705,0.4953578390905881,0.3648608810119355,0.5185322892850744,0.5262512452601174,0.39586505701023056,0.4893414581185368,0.6442166669349247,0.7478674290258386,1.3218087158450338,1.8358903023758866,1.7504811579402266,1.4154705200961524,1.086093578044825,0.649941844337755,0.45070001069020404,0.17165282938776635,0.21020342101637035,0.22472957942747143,0.17916065278680643,0.27084171374632915,0.27479173983940686,0.5621959557270352,1.0163964157385723,0.919044741953301,0.5929612737384032,0.32288905754857344,0.41803391425265385,0.5694234526590195,0.5710779645262062,0.5448717004564512,0.5740473883484801,0.8755641567751683,1.3917213148332026,1.7273315326022862,1.7072879334025968,1.4004600159325338,1.070452754684531,0.6703307256400949,0.3400934175033334,0.14543564897431546,0.20267073546017414,0.21836803859072929,0.1007271768404073,0.16172765036472156,0.31766269663044155,0.5262750414844519,1.1181292062680577,0.788792336513213,0.5188939815637651,0.5168302559965775,0.44453672766602187,0.5267527034100917,0.34122566400085397,0.4238752151536892,0.5580690335191844,0.8671170634304094,1.4452896370458204,1.8512290649768617,1.6107166467406695,1.4327269843896926,1.0531249731352565,0.6530305352331394,0.4039566516677797,0.21404465383344654,0.20597847737832328,0.10841422160905402,0.20221666478483705,0.12745792683502885,0.26016725131426455,0.623580483895121,1.0906975376584631,0.8440688711723418,0.5101736401146082,0.44888313003985725,0.5666440219523595,0.5717550947713941,0.5251090071495438,0.42092216034284996,0.5235350589072753,0.7827521045351469,1.4664272538362297,1.7989004582798753,1.6782859114243571,1.3742319641886809,1.0026626161733805,0.631606833229989,0.43232701776680127,0.22251331681342032,0.18954645060598674,0.23488222371656048,0.15144508974111384,0.17450923226546927,0.3276858090579532,0.6078037501927486,1.0390208413871684,0.865697709202998,0.5230313537031133,0.4500345595760775,0.5547646190539869,0.5133969580760059,0.5246420607091763,0.48713549977177373,0.5853398159589741,0.7851930580274531,1.3774074622274501,1.8202717750091593,1.7643502972204816,1.429198785373828,1.0661345173512546,0.6282341353966094,0.469107534112667,0.2637391027130419,0.21837647295944126,0.15656568372450558,0.12887544818152913,0.2293960710706646,0.2574779070675952,0.6593246773462101,1.0765455114443414,0.9121638311845961,0.50345370917264,0.5739426296411372,0.7759616171104119,0.8596289280948365,0.7946123519508678,0.7537121171028854,0.9327965741177631,1.1466780233518032,1.3653803203336696,1.8074318210080773,1.6979567454667759,1.3732921975142407,1.0099668907326718,0.5651141566452067,0.3815908420873472,0.22989372963775517,0.18914599180461264,0.1755295451912482,0.16780484876487683,0.09671023814467,0.2701162272154245,0.5743574655415703,1.01650660022776,0.8080877879701073,0.5389157380187156,0.3956509248398433,0.8702839698616308,0.8797403128077063,0.8251588824777778,0.8463104247840221,0.921949858569544,1.1612752092633079,1.3392749727609514,1.894305258903393,1.6453330511489943,1.4993313918658757,0.994309879675942,0.6501889394952174,0.4158571702679586
MAC000128,0.06177913492520999,0.12760090532772275,0.1109694706454205,0.05077804958973929,0.08699539054758065,0.1275727050543273,0.869084245673937,1.3741009096065926,0.7022365934973063,0.19436367833267162,0.09066733573419922,0.12982604391212504,0.14645787284693706,0.10288874815244056,0.1549453412077923,0.20886859001359068,0.2533317512678968,0.7533215047437001,1.42984389806043,1.5541777126918326,1.1567404362292153,0.6319365130376108,0.027080436675733566,0.01,0.08406333663089607,0.0885746517924972,0.2345788124398343,0.15575192997166418,0.10003952382556171,0.01,0.792404655448258,1.369492033425104,0.765560561164694,0.1374187295296547,0.18842546294976512,0.15778899087509995,0.16296514861909286,0.1863579665663225,0.14421797706724035,0.12574005306210473,0.12730725090155723,0.7598431878817423,1.3835240845239336,1.6697021577412912,1.216817974056194,0.7185736901058717,0.01,0.01,0.04620615729501995,0.2089341350405504,0.18418388111086126,0.1506304165966568,0.11096165934160528,0.09760350227087816,0.9029034105424523,1.445054267370252,0.812237024841798,0.13937892772012256,0.15670533493576197,0.21842284424336367,0.15184024822485223,0.1714766355680942,0.27054656670641675,0.17931747956922392,0.11624372850346529,0.9243831642423039,1.51706283672539,1.5570086789778954,1.1697803602657477,0.5762561262042589,0.01,0.01,0.12190151110707746,0.19839842822022943,0.13902001708987857,0.21852960272327876,0.047205630989351904,0.03990424661596009,0.9397100707332748,1.3703693159559251,0.8034610977947126,0.1936785334842504,0.20478240402483533,0.22941981488768456,0.20766328436172438,0.16645764759698115,0.31153388205155325,0.1997407607087135,0.18505050935355524,0.762821450985513,1.4797236255170125,1.5480629307113865,1.0686868802714695,0.6698767252370751,0.01,0.013374876162611737,0.1155109271498586,0.08382433938786682,0.16406682267987494,0.11348531231790003,0.0981691754370608,0.09890905568704877,0.8583843206172045,1.3905103259080824,0.7411247520426467,0.19853869215300143,0.16982176709054297,0.16287142332534482,0.2186542958687947,0.1482711206121799,0.22106384615338426,0.21050726176840712,0.26139000977019716,0.6921477018044037,1.5136315583029032,1.545065024269759,1.0807610796913059,0.6496329162860525,0.025594906068363954,0.01,0.18440426389131293,0.10009744778027085,0.1153420579941765,0.10776880749754356,0.06593898511490967,0.11557871373791001,0.8666483044909259,1.3695477745600109,0.7830618764104249,0.19510885167838046,0.19984727965024376,0.2500004562403753,0.1461382043823925,0.15883012095300977,0.26586551372187817,0.25855716045041316,0.20797366892370772,0.8813029271526029,1.4871184063002312,1.6538865032870356,1.243130761144909,0.7639606002348637,0.01,0.03341119069385699,0.11285167459616272,0.05010264229131768,0.1838199435605144,0.17673096708390673,0.10975080693253238,0.08612787960908146,0.8805088963618961,1.274442566991649,0.7127353979032445,0.18004700968666773,0.2258023566847964,0.1857554059571363,0.16723300888964027,0.15363151943584216,0.31695136735877855,0.14132871947571274,0.10363027770429149,0.7513115003698362,1.4885721405009664,1.5655993734500757,1.1325957441534265,0.6921994260626129,0.0554515563142431,0.010202908919799893
MAC000129,0.089219196098701,0.1462392992485082,0.14950973297868725,0.10318994846051507,0.2173296679106987,0.23010896493568728,0.14390155947875785,0.9999620595696572,1.0507313770536033,1.0126733852207297,1.0012923993031397,0.996877509465032,0.8372068239971889,0.906015815232768,0.9875199664315291,0.9549299889505471,0.9798994430430317,0.9958152475911987,0.9572527371234092,1.0587552990716922,1.2743818539660978,0.940298343013424,0.840384126769959,0.2024148706710853,0.12834298007674755,0.11154578557149966,0.16949911832986098,0.1520712310180057,0.23957149132131333,0.14736364039025476,0.1686236235881763,1.002443270191218,1.0296669512777543,0.9100947492340139,0.9414105573454119,1.012327757954181,0.9262574832005298,0.9948945474747275,0.8714858996068782,1.0289365221922742,0.9523725696471721,0.8988591511452488,0.986511137874232,1.1052993151354096,1.1466256260778724,0.904185082598502,0.9758826884999878,0.21647726942673587,0.20806684579509163,0.11658854067685609,0.1403875241405635,0.23225010466760623,0.2186139330766544,0.22596464139428615,0.12984031614283867,1.014850947073499,1.0205761940682343,0.9845016478325654,0.964109132185497,1.0242989175405195,0.830027462514723,1.00108769792229,0.9013443596484673,1.1021497522477142,0.9795291683723167,0.869735004161861,0.9821776236772769,0.9849134154938392,1.2435318669042474,0.9518419361311248,0.9044045024523647,0.2513392427843031,0.10900529124974476,0.11542603643465774,0.08189812885377651,0.04795042155899566,0.14380454255549657,0.12463120631489406,0.10079015705720168,1.0221506606097615,1.0387707099187107,0.9676820798292814,0.9674552650566007,1.037628299938333,0.8690900095317396,0.9950078859158477,1.025265747601988,1.0067401299597727,0.9352083399217704,0.8825093348219051,0.9388961652842606,1.0629591324398988,1.1350752467927518,0.9759467748549727,0.8173836230413546,0.3440022400702245,0.1384161420797755,0.18040177945602964,0.12612287637834846,0.10866376479234909,0.21248141594112882,0.15065816027680554,0.09755257407374357,1.0212390946831098,1.0354876933629835,0.9432852496308549,0.8932682475844814,1.0199645437737193,0.9362734554861343,0.903852522994555,0.8709396717204897,0.9530983730542057,1.0461648144848474,0.9492739130754912,1.0522519277627298,1.0182493371773824,1.2323143487325614,1.0200868515198183,0.9391979450355029,0.16764772417994972,0.18367583508703902,0.16108511210654372,0.29434731882853427,0.17944280151169478,0.11533595679321998,0.18745945456496796,0.12374075395005982,0.9979751741583879,0.9194679340870743,0.9887434800190747,0.8920997069479278,0.963394873140656,0.8710902133557401,0.9348234563693945,0.912821577902967,0.8905663291861408,1.0367482228453153,0.9078197031990289,1.0548284950224018,0.9804666522462575,1.1856955877645798,0.964977214458919,0.9688444008098842,0.3197310179711016,0.2078655630047258,0.19329184104070782,0.11686892892872827,0.1530080691291995,0.21358876826112844,0.12299656358610742,0.14492923790946352,0.8777378564710977,0.939757730162313,0.9344562499923564,0.9661794199400651,0.9711871163959949,0.7818487275409057,1.0537826216827526,0.8760620588428296,0.9386153566731023,0.9286326036718361,0.8547666745237021,1.0373821561303183,1.0577749507346108,1.1833563248768755,0.9757223095237356,0.9243969678628965,0.27572648312525105
MAC000130,0.9958340103348174,0.8330443399255373,0.8044019776806094,0.6721320686528958,0.2904017957751499,0.06826175786856696,0.10340823864889602,0.15465854780958083,0.05315496602775188,0.06958715384343273,0.09520556090840009,0.1235475243952493,0.01,0.07161007298401165,0.34600495713444795,0.32786662919740067,0.3907974309030156,0.30547666841542265,0.38249208794514106,0.290636290981253,0.717148406130622,1.1177710770277747,1.3585125080268152,1.0651096162183016,0.9691503900456785,0.8297859510670839,0.7647142785258846,0.6844923536685255,0.24387288942508453,0.10641586328013593,0.04005920856803925,0.11866801799801056,0.01,0.03378099420111466,0.11131690501337335,0.09317044855621284,0.16369692044177792,0.15751875287870165,0.39266489489404743,0.40799828108279124,0.2852525460767563,0.3909881279731505,0.32586758202092364,0.414539687114705,0.7050641817109975,1.207895812455746,1.4176563313293582,1.0679406477589277,0.9024731047737357,0.7929956891688885,0.8036654466689831,0.68268334970646,0.27047978040833265,0.043267423955017786,0.06901686698344592,0.20757929235709832,0.15927333609119193,0.13205157567096623,0.076289698800657,0.17569807404395707,0.11361844228048028,0.018113618519756222,0.26051688634833786,0.4472375646910111,0.324494852643181,0.2860972459832817,0.44499476909329877,0.4486202761103034,0.765221815128238,1.0556566606175615,1.325516690036225,1.0362534935253345,1.03625374125074,0.8763678929525244,0.6969106433400518,0.6830649583200981,0.29929270353807247,0.035227032178222456,0.12910371454319086,0.17671004169609922,0.060968728163520954,0.07122905564179155,0.06453441668280671,0.07843960130512302,0.10243252914098978,0.1037002883967544,0.3741325661868514,0.3275949381016393,0.4181880870691343,0.2559311760127588,0.3203229713992598,0.32992333616013153,0.7019075030667214,1.1646070548044767,1.3966876447952754,1.0353584190736593,0.9212102993876248,0.7968325476284521,0.8003734537906569,0.6227293650672665,0.25896159923288886,0.09401149268549462,0.05963522375805609,0.08938235012959556,0.1549145795448968,0.18024043159714348,0.11001339199813694,0.07496589607042589,0.10751257480697313,0.11977744688655144,0.36273815293676714,0.40342423027502816,0.40836379131865785,0.2692232854681705,0.40579131139922686,0.42537026277556966,0.8078423401218461,1.1733133535382332,1.4951439535332276,1.0423970021135127,0.8770130415517376,0.7761427244720706,0.7480246286458646,0.6735710945209454,0.28669370743501693,0.2077502547059374,0.047130104128093174,0.01,0.2076327373434454,0.04153705066849127,0.05964094489850004,0.13700652001983532,0.09349697370571344,0.09768780428998057,0.35510547505953177,0.32880029584909887,0.41208645602588295,0.3479097128468507,0.4203963945647178,0.37491812943614106,0.6943412141533447,1.1419473123860013,1.3839395946732644,1.0281911318835675,0.9794261846879688,0.8667825697717121,0.6734624454959678,0.6658426451621248,0.3540362923763226,0.08638044903094154,0.05304694003466579,0.12243785202598285,0.07990883486543607,0.01606560805900656,0.09423207336297357,0.13343692119939426,0.0664845616357839,0.029369730939666355,0.35452747813888913,0.3769515592758624,0.4053821994014279,0.43882248784116,0.32803504488592783,0.35863023330596605,0.744720637714004,1.1565117335774886,1.297170336795221,1.0535517098273173
MAC000131,0.8,0.8755288750999768,0.6872267813799782,0.5747678753301322,0.6829798948187116,1.0290274633792955,0.5940533682045532,0.44389921812260136,0.3487956215121182,0.49274127023775127,0.4977114676887683,0.3714291202977677,0.4588637360895679,0.33254730735145976,0.30562737089923553,0.4779043819740638,0.535758233406191,0.5405981331721607,0.5254478651702135,0.6257944306163612,0.699162557908417,0.356057273301009,0.39146868369201226,0.3068863178508906,0.36186049338683945,0.3704788612749749,0.3831392726866384,0.6496706290219725,0.6418850419446858,0.58379202950841,0.5292776365929108,0.7466713772299058,0.3370066297765367,0.6881623978946918,0.6578453606526753,0.5722079580465378,0.4194328281565048,0.47635358413810136,0.4147143774075809,0.5738700504381447,0.6425171387190198,0.4293017606588104,0.3061823023641769,0.4408131722802588,0.5098055255275178,0.3096296886703418,0.37578741991130704,0.3799345366299821,0.3654639420199026,0.35988057590978884,0.389975469645383,0.38934771948662994,0.3791234891805143,0.35417246783777523,0.31549601885580636,0.31593017399692613,0.3839263921735851,0.5355448462074854,0.31488352668612085,0.5781210247449078,0.5452660918390164,0.6991396107512375,0.6337849099216044,0.3423095314451903,0.3767762569900306,0.3066564705631256,0.3763694212822457,0.5928957228234126,0.4436665200138291,0.46587575859750907,0.553575389445184,0.6933094411752365,0.7428476769120416,0.46489500713172033,0.3437447653546616,0.38193047426391125,0.30375465473321994,0.4447625509190273,0.36967948122246164,0.3031911323699581,0.5421621459021775,0.41555025798997514,0.3253592420310404,0.32867245174747944,0.3922360260020372,0.41311661744109485,0.6685892749349416,0.6021675968722464,0.5001467714453005,0.6764833289374379,0.6716418748715789,0.5166944194709535,0.4983121674789511,0.48145889999974,0.40527934180850644,0.4063219114138018,0.4134004314703059,0.4384524137577322,0.3391507404350307,0.4086001919816362,0.5151812142865977,0.46748244024175273,0.496519719727447,0.6457031742891826,0.7538461285300115,0.5791726084233588,0.4957944125624044,0.3997411685613028,0.41960282494823875,0.6167133298830867,0.668654708742942,0.6247818078416452,0.4781728532389131,0.6959222322743912,0.9436226598222732,0.5653794080510166,0.4093525065751564,0.5134266638751236,0.49527111118409095,0.5096374775429064,0.41377863007039317,0.46144561862873645,0.5933742619315681,0.4466338122597582,0.46218408135425965,0.5011062714991407,0.46209084120759336,0.3894290714988368,0.35123990212831796,0.3995643781711722,0.31582209394385385,0.4662182689143618,0.6094477374173358,0.5576415084365316,0.5212506274000499,0.47377045739981105,0.5159795324084433,0.4691986251622922,0.43656926809310526,0.32660724674129615,0.4525585367836781,0.5180904692874697,0.4275794302839889,0.4416445808069832,0.5811232905294801,0.569031963764749,0.737395112298888,0.8507581845374972,0.7767691128119159,0.6514510245280494,0.42873942009512594,0.30627491035013976,0.43076148881115617,0.43851841645471734,0.30752132691922845,0.3254721309037303,0.3303134965714654,0.326456361894394,0.3158831509705725,0.32013123560314594,0.6774275736658704,0.580339596907169,0.6689972816124268,0.5222266093346948,0.4465756916042152,0.3023291786837122,0.4154747933912478,0.6445530522294654
MAC000132,0.10298485040577209,0.15082636924099493,0.08531188779146319,0.090812586397847,0.07565631355741818,0.11852506436981448,0.13571230711155885,0.10506132321319385,0.07564595204084673,0.16832956833335577,0.14302329774820713,0.12255148975009733,0.15374712006574665,0.12697792915002787,0.12827850193705725,0.1346815026661589,0.13194048735571492,0.14676026898234495,0.13888389609339852,0.1365015708829445,0.12832970731119062,0.0946315400095593,0.15203889258699757,0.0964472334422694,0.11967967835273763,0.1348599392623427,0.1514089295868009,0.12553987871894182,0.08837902551735605,0.10825385266702156,0.11835391500564936,0.12946045548908477,0.09788888326752532,0.08348292148667327,0.09268545087713898,0.09404016747596222,0.15874300853636758,0.08490037548575405,0.10829436742354888,0.11550360903337725,0.10405907224554771,0.0930937220385466,0.16408934709767398,0.12567006829749483,0.16901005278263376,0.09679638147218692,0.11603229841467902,0.11987655811963194,0.11305540645055696,0.13603404019452503,0.1119843426504702,0.07493590891149751,0.08040124225526064,0.0955315741653712,0.10135109727706718,0.16071640963590264,0.12079150865313393,0.15302412616692163,0.09816870609463865,0.13103869388021464,0.10165500971851146,0.0842299973021577,0.15598104288825232,0.13256691392452208,0.09286668222694831,0.17409911820627905,0.08822948002736476,0.1284350543388966,0.1304569761165396,0.15053536588531613,0.09471404703713115,0.09433462789749328,0.13225150281168255,0.15457684627663903,0.13159034521100474,0.14973051715136043,0.10649917610525446,0.12085000388232842,0.07556507123639208,0.09754944646370879,0.12821223072018675,0.1395869830281247,0.11794241103859503,0.13680665139522832,0.14308086752551866,0.07686205223595931,0.14814285409802955,0.1349904438639945,0.14267824042476174,0.11882686534259962,0.08019092393972235,0.15236662591575117,0.12110177212747121,0.07518581558397307,0.14499860923403157,0.16300161833219096,0.10756211986221483,0.11089557733089897,0.12522136263981126,0.13607588929099645,0.12184765992035594,0.12798194056894913,0.11813765526792966,0.080545656052068,0.15658793003380284,0.16785208015236935,0.16533662616607658,0.11981480299252184,0.11027504220758058,0.14380181404084663,0.1784842207961735,0.13962594066591283,0.12539933209733117,0.12343273846890658,0.07833955727764066,0.1424752215964616,0.08838308539239392,0.0803704934655067,0.12909093622446727,0.15195236655427263,0.13700875313818708,0.10621091679532381,0.12199832569950006,0.11337034961713852,0.13804404076677024,0.13449937921716731,0.07673076362057772,0.09940149558594587,0.1280430790427342,0.09204516594056276,0.12487898506868901,0.11733330836562907,0.1254231959443693,0.14474489197468574,0.10804510062961231,0.12431302580094225,0.11071149533722145,0.11355816157785437,0.117578206208773,0.13847955340189994,0.11598062745565141,0.09844438386687332,0.08953253921119782,0.12058754327314751,0.1117785667524223,0.08594739608687628,0.14260073951712127,0.0990771837780416,0.08029052969031503,0.09917341976356696,0.10031624991150567,0.10332001829043577,0.12215590231710272,0.13736332615049476,0.12879087585059917,0.13754784061278685,0.13530232638101897,0.16250971741552384,0.13685682994207277,0.08731848310616763,0.09998650207865974,0.1155102553515461,0.11117157782213893,0.08827254936907959,0.11825329814667285,0.12560074386816472,0.11499715706760165,0.14760914342441808
MAC000133,1.6657135097870608,0.16139470816385523,1.4459426808171805,0.6898546490861596,1.4223908866394241,0.19141344513012398,0.36206947953556146,0.3642993438007393,0.14055497460019337,0.4182102457925532,0.2299498687250237,1.0682344275790967,0.9110688738886914,1.3777574563090407,0.35347409492756515,0.13769225070177743,0.22013670469214972,0.3797722439521871,1.020321705456,1.0210824338709146,1.2191579497138363,0.46237541154372513,0.07384241478841543,0.33926073973597076,0.6621112348300638,1.044207618327191,0.39828046766562203,0.2802454229574324,0.3639066333983503,0.6216009306049798,0.990625068913672,0.4783297828632814,0.7349765525042525,0.3956287073890696,0.10765806538147936,0.8616352381444897,2.2008451027391827,0.8136677194198595,0.7478366640485233,1.0960151706707284,1.0165894017416295,0.627687919569246,0.21846669615941808,0.49137765603654454,0.1855662967435392,0.29466515035022867,1.0216478242037732,0.4279748842629029,0.5520427090098644,0.6292137725209612,0.5265932583986265,0.44828577482517235,1.2334298909876438,0.30990684445007854,2.089420684092712,0.06252956127655575,0.34416654047560574,0.6524083078004743,0.6847517815510241,0.20233103652032836,0.34416153647473363,1.0431180530364277,0.7091755803784036,0.6067442712561041,0.19782920340277435,0.33412792700307087,0.5010702830189385,0.6952907708256978,0.34477018299740364,0.3073405398667948,0.5566888493904342,0.6792812088936229,0.23339992595971473,0.18718196325063144,0.3300233208454046,0.900839151224488,0.2968644582755529,0.3388524194516305,0.17118473773298223,0.3240620788188278,0.2709220541313065,1.9181607656509634,0.6061553537568772,0.6428470374315216,1.1269317983650413,0.3003895563939631,0.050528640689007996,0.9123126838707221,0.24960577337064965,0.7738495268937559,0.528997910468681,1.1854011306699672,1.349265232268276,0.4900903011808251,0.10760193486987514,0.3241162442261331,1.0700688353271295,0.3048934454193864,0.24962625451150808,0.9833677399137534,0.3464181769687344,1.2895144349877588,0.027042133653014493,0.5469576841902304,1.1947756075221423,1.250251510792002,0.11030558416757032,0.34432886498169424,0.7517161063133422,0.22653041336361152,0.6077165395213141,0.8175626010722634,1.101020218076859,0.9063220103158621,0.9323533717274217,0.4383897555845719,0.8303519849482839,0.6127870019411611,0.24871806922106635,0.6052732204039831,0.34461025471507106,0.31114611742525194,0.3430365736653875,0.015567880858814363,1.370279223008896,0.3313720826000604,0.10999514733057257,0.3905847618098126,0.7719704644888791,0.6106559368574422,0.39706929357910303,0.8649704094595184,0.7649333076437943,0.12145276870357431,1.2557560313597425,0.3206769928421607,0.23501080326304752,0.928076025934907,0.394689891424461,0.1614285122991765,0.2736889016550374,1.0096374861101745,0.2803151173438088,0.6780040729974178,0.06646649282034672,1.1044653095762882,1.3254228710421299,0.516677865482505,0.3228745091239801,0.8496166827756273,0.4478340366555108,0.40860375525845233,0.042075602486807216,0.34524330599413905,0.3541085453127087,0.5014242471455493,1.6826714242720684,0.4260910254801209,1.21587835819435,0.31623989518762663,0.1901366995983477,0.4304102038460173,1.3156639120937854,1.2395513186951232,0.3794110666618084,1.0018256661485931,0.282891860542571,1.1788884847801653
MAC000134,0.028881113917766627,0.22611207639256617,0.20250699202175287,0.053923777212095896,0.18500929445597575,0.24131566717451852,0.42006109529825136,0.7580486040828418,0.56632375753442,0.3513546558947252,0.31917610860828394,0.33113123703143527,0.3593967233381326,0.40128616515589155,0.3698064471192879,0.43171207614872975,0.6070636210528868,0.9599105245352715,1.30852185577253,1.104093931236515,0.9950332233390679,0.7682912046159902,0.4582833724698334,0.2773842550550168,0.2015543462093624,0.2013854065270289,0.050289571888344514,0.11848460319742876,0.08459452579635332,0.24319080711563912,0.42419929363422854,0.6843720336218996,0.6032215328281635,0.26983204848640063,0.34927071326908643,0.3008530442107067,0.3056227724018542,0.3189859285520787,0.3482148956070139,0.4023449131390425,0.535988982158636,0.9431970232661173,1.235633608752195,1.1172957394974117,0.8982721184328257,0.7325666990636351,0.46036135713936227,0.2578695148941621,0.2576873079041726,0.09954407086583407,0.10137237885455397,0.12777150247192565,0.14274614175001582,0.17689417627772197,0.3852890838439772,0.7287224438338684,0.6377186265484,0.3101437441018031,0.18009060467701687,0.3104886915878786,0.44652562222463976,0.37633065394021553,0.24059061814696814,0.42175488381424014,0.5708659323709178,0.9296975611267355,1.1963159357719035,1.1233202264281201,0.963558588448316,0.8246512889708806,0.46311627244537745,0.22318729484010386,0.1280998738038454,0.12746087912708595,0.08180780972984189,0.10425061319675948,0.11342443879784167,0.19455240602066282,0.2880840928695373,0.7729032530108036,0.5755488450690245,0.39023126826835325,0.4115813690349087,0.2550109134331036,0.3670547728577836,0.31526272112134995,0.33876279285000604,0.2826325664132602,0.5425323734829735,0.9075131276123202,1.3315733891807675,1.2569648732476588,0.9772492887949323,0.6755259214129786,0.38918132405045536,0.26061930005831696,0.08513322547222457,0.15528623430010755,0.09365318287906202,0.12128294714157029,0.14043083808537593,0.25865965801780494,0.4197510734812769,0.7475366607824496,0.6160176865188135,0.2459754608692965,0.31076073659560516,0.35825145335952135,0.3560722038034364,0.41950777595257294,0.24475226728244004,0.351006913186384,0.5286829829743602,0.9489075381799761,1.21789780379024,1.1019723005165805,0.9737661612808679,0.7836283854682933,0.4688203299919863,0.22392080885890972,0.13653260956206714,0.09045147370612239,0.04039362031279123,0.12481549190836433,0.05665531527104718,0.22283166089225293,0.47893204801461153,0.7516727854191665,0.6346935583427599,0.37460285553413086,0.27734428575887216,0.6961433584203365,0.7277515604482246,0.6549720561216852,0.5432063950886796,0.6856040155993238,0.8633401286447615,0.9734943695637537,1.1762766034194188,1.2575454493133464,1.0730169693470601,0.7854977229199714,0.4056072114649163,0.1547386445669821,0.19680915327456486,0.09193911291110002,0.14284382766135167,0.13352808957779666,0.09870863345677784,0.12868090769394924,0.3973592841975015,0.6544038427225043,0.6176118337905007,0.3683968381881551,0.2688017412939722,0.6024876082711591,0.793546650120042,0.6595262856860143,0.6586580896631231,0.7925712759274759,0.8820289943738621,0.9103691594717361,1.350728366823158,1.1273665391299668,1.0523959857884764,0.7405392337624719,0.437705974804676,0.23334010617684475
MAC000135,0.15602109393859875,0.11799172593842326,0.1254839353303458,0.16249965966983396,0.08543724654681543,0.13912544569645804,0.8622115546264906,1.3668255950818933,0.8493655702863797,0.2514161552563105,0.1714328481878747,0.20283433924251532,0.2651407850373573,0.16073059996964129,0.17528117503830573,0.2611097628670457,0.19419689857893024,0.7146186548250355,1.4889391621461543,1.5657232981935338,1.2136040721486319,0.7069171632071463,0.03685801454425471,0.01,0.1641555243766939,0.22531991780171323,0.07480383152605358,0.0836876471864621,0.16511574477563107,0.12202009505287001,0.8352630449956987,1.3133617980614631,0.924798989507374,0.11933224718673582,0.14310700268622817,0.22369594076282534,0.14705708461770162,0.20293804601275747,0.1300760844952517,0.1850896871287163,0.18055649432637408,0.7416028185732423,1.468837189194985,1.5247278124989792,1.1979672299985513,0.6342816392869391,0.024696730961917504,0.0347840810962876,0.15092119013430838,0.17936743046875883,0.04153716505009457,0.05528946332612063,0.03885946702730765,0.13784636215989216,0.8261506044416713,1.338373935521574,0.813141872631215,0.23703419195166087,0.07842675801275974,0.19719210602139006,0.1680445626163912,0.20673219582293237,0.19858503902116742,0.1845970904149318,0.27840864655642406,0.795250978600689,1.4287981911222853,1.5383868505715348,1.074461194298968,0.5927865815878983,0.01,0.016720444955180488,0.1732584011719937,0.06435152712817743,0.14272342276323338,0.20136255769687725,0.18167563103700018,0.15046467590277163,0.8048888422696822,1.3293029067376327,0.8191906094157019,0.22359245734805203,0.22411235520078576,0.2372007488851366,0.17573154618352008,0.17020274227740992,0.39931648376708406,0.20651466696679455,0.25960230655257976,0.7749014078483291,1.471136366012386,1.5365896287102072,1.1719517043208663,0.6099337063557854,0.04579025739898425,0.16718714612753327,0.12608412550417933,0.024516988606574003,0.0763360503493131,0.194536506104605,0.05082718321241761,0.1372321813142532,0.9342214551160739,1.3853286440168384,0.6862709244077465,0.16768280529526863,0.2443477040512405,0.14668993510408498,0.214651416703645,0.14683933723036433,0.22951758021175506,0.2013341178927534,0.21239254821769923,0.7420748117458812,1.410184998927278,1.4397631281956937,1.1308150138986888,0.6585923566612442,0.023719657585631722,0.01,0.19882140848662003,0.08028953928875057,0.0945665448973768,0.14237804513799507,0.09941772611158387,0.14453829690969325,0.8376738446564266,1.324813307979762,0.76074979089545,0.16404359256723453,0.20637211378304832,0.2532562798059279,0.07680989225063943,0.25000964290043776,0.2095994540261792,0.26636272506820596,0.2099147882128622,0.8077388174572967,1.3967085848319158,1.61716279610844,1.1085885894161178,0.6706150833140524,0.09708092750715291,0.03249053637056173,0.08677922645126256,0.10778248569615231,0.1455120185982221,0.17265137412202286,0.06147129982723683,0.15647359606410707,0.867361894561975,1.3062649083225768,0.8153765480238575,0.1591455571922234,0.13947203877804448,0.19906149253447109,0.2043833138389187,0.1863817913341163,0.13081877183649887,0.2783184086970708,0.2369867696772256,0.8077096014770409,1.4100232741684526,1.5293771043997155,1.0938618764018102,0.6620444720261794,0.01,0.01
MAC000136,0.10111872699095836,0.1429397139495288,0.1563783968923488,0.1382916128173485,0.1288407005084779,0.16345708690220556,0.12983899011210467,0.7699834073609578,0.8914116170014715,0.9931878970703468,0.984545154309636,0.8675833862680039,0.7525179097670894,0.9330949603062326,0.7188601134129573,0.8347225424084392,0.9136048145240444,0.7715057813885732,0.8542506795345569,1.0136666902314029,1.1281247990038585,1.0978030007912922,1.0601145448532547,0.21748293094179738,0.1851864139787905,0.13762947009213852,0.24133314992044308,0.2175737424972004,0.16471948342271142,0.13816331022026151,0.11825029520942001,0.8347928959318354,1.0166490664720609,0.9533112913683586,1.0091197244171894,0.9168363865628488,0.8489543336056053,0.7773249348117333,0.89188686510138,0.9848331915778331,0.9425182436202775,0.7481604983960018,0.8889178080436023,1.0322450906822913,1.092312107698765,1.1080032951994465,1.045346061834443,0.2772312974465818,0.15440432181199942,0.19716725816800676,0.12490770172846227,0.08464156912757632,0.14412490835747221,0.1739651107752183,0.1326690042691406,0.7571179511175821,0.961477779040362,0.9215187793918869,1.0356273674076362,0.8759488313391568,0.8293239705300013,0.758194088853699,0.9373602632362003,0.8960815755656657,0.9684039318039244,0.660947061768807,0.8324986204314889,1.0145231267184067,1.096047231743515,0.9742723790672835,1.078098379046831,0.21970701651559127,0.1686894468217425,0.10864709739694876,0.18004232387122462,0.09395593220350758,0.17969434446593244,0.2581744099927991,0.12325095201964668,0.7576243186878009,1.0010179084309252,0.9711365752155494,0.9281765171309814,0.9085301137732701,0.8152801468718563,0.7846206628135274,0.8361313398045864,0.9160702528939317,0.888316904642441,0.6569449753390226,0.8312276589746215,1.0478455746304896,1.1371105203645864,0.9774042661447748,1.0369232642013997,0.27437408042282385,0.22673585960587367,0.1675465336841472,0.24800094064598868,0.18656939772215422,0.13511921216981235,0.19455261524341064,0.18184853886575336,0.8487945539087274,0.9809027702057708,0.9735936082341171,0.9626130334589054,0.8983075668434993,0.7303520954434292,0.8081040770877815,0.8107070801328256,0.8955468763884155,0.9794316397232283,0.7412545594648953,0.8618482685743025,0.9903064845999648,1.2102346722950517,1.054946575802731,0.9872816406646753,0.26276208883298796,0.16626008082499485,0.13972680169357965,0.08171448533392832,0.047271295590070345,0.1586123314427393,0.06534268915899123,0.12382296475960859,0.8249091163533511,0.9648508729019668,0.9380677996623817,1.031433258380084,0.9178663197776591,0.78005028474394,0.8923090691542712,0.8940578086372071,0.8336514983428082,0.8350731610901925,0.7366735246057006,0.8447330794560092,1.0056173376555662,1.1383492202270786,0.8957128453076395,1.0257396881385625,0.19487313819182436,0.12459197921673026,0.12105044922068309,0.15319471601653772,0.16498872345620516,0.1730677470262041,0.03010640236976124,0.22106191414423454,0.7090919510773319,0.943382719701458,0.926468571615678,1.0014358439771756,0.8000901190515279,0.8819145046461266,0.7982859257927467,0.894715962363338,0.8326077550407314,1.0207663525363444,0.6568744422468702,0.7384288368667054,1.0727145524613468,1.0913753163894637,1.0021252889869818,1.1182662968001704,0.2297355166414712
MAC000137,0.9738703456548825,0.8491312030501224,0.682542975763775,0.7519900444127867,0.3307846731516493,0.04105635803881147,0.06415071104381555,0.0833002598082383,0.08252638981870174,0.1523711949499947,0.09887789251224484,0.11727150062059315,0.09910414025892408,0.17048533632765242,0.4620760603061638,0.3865039361420076,0.34588248575972463,0.38771727911712595,0.237693797278683,0.40887261112385576,0.718440187956444,1.2247015505965921,1.484015253327359,1.094896456049681,0.989147772888159,0.9116281623350081,0.7584818215698967,0.7202654582718011,0.3756688527824386,0.1407091580157026,0.08082608049501755,0.14101465349485118,0.07519363842158747,0.10797796076774079,0.01,0.17020081575866897,0.19868437210424983,0.12358134572591781,0.3141132759215901,0.38231016256437117,0.39674708461234787,0.393995147255226,0.5202440856855662,0.3809663047882108,0.7575205049621372,1.2439012431369136,1.453296566130637,1.0859384208089216,0.9229825257409785,0.9353468757535292,0.7431771864654626,0.6237242391707619,0.2964707272610639,0.03924540674143945,0.14514258199765223,0.13846422309823103,0.12183912297713724,0.14782959885572644,0.1339230164243436,0.14173036598550146,0.20356351451538185,0.16142950614180165,0.4019801993084536,0.34650874380481167,0.31339772902470764,0.30522147068014804,0.440510778619208,0.36529842720644956,0.7903508221401918,1.1881005830794256,1.5707099047222735,1.033617463906753,1.0180020718422524,0.8807987647524005,0.7873048516441504,0.658015873316822,0.2924528936304478,0.05643654412097549,0.2147631031955431,0.09744739765867702,0.12945218677166984,0.032642463631729346,0.01,0.07850888104874468,0.15599483928285654,0.11375702372874384,0.36619752434197106,0.41468457737403325,0.36567720606262727,0.4620247604586567,0.46407166669647776,0.3643310133980227,0.7475522227918924,1.2320896715138243,1.4817681110510752,1.109721124227958,1.0633692185488934,0.9120051827407891,0.8408016510965817,0.6179354064220898,0.3073921749572175,0.13899921917603514,0.11498693950514242,0.10295848100451739,0.08638514301918429,0.11667785136635526,0.18375341968428377,0.011885341518484457,0.10474247350817589,0.10691844471859262,0.3388219219600778,0.385394238633982,0.3112223840090009,0.36398490545638784,0.37976976894272635,0.39293417718372237,0.8801460908499925,1.1949439146976026,1.3942063076809483,1.173017209553315,0.7879215491340663,0.8677763484559369,0.7701042196738399,0.6269864367521383,0.3322787891363731,0.07991533283154217,0.02526837740170676,0.1432460317396258,0.14518228753182835,0.0629688603575228,0.08528117444160936,0.2051437127251769,0.13476422104819527,0.11235110986050519,0.4740666503316991,0.31211129697184853,0.29154842876229037,0.40153920481998906,0.4351989053424081,0.30765893041747494,0.7214077490427455,1.2754054544973792,1.402820408842979,1.110601953223362,1.0215645196907044,0.9464718317980053,0.7710659177766923,0.6986665719231804,0.2750468939116189,0.1417847068143955,0.06690318006802137,0.043308534728976444,0.21560081912175527,0.2038408098163041,0.1197475425047852,0.18969727668149788,0.09605344808926664,0.10554013897112854,0.384367086171509,0.3475243993746644,0.2759878763633395,0.3777290910978214,0.4583142541949456,0.406984884798143,0.8271142685419657,1.2554071133434181,1.4181063776206868,1.1358223768286375
MAC000138,0.8,0.5830632571044921,0.5623245975560847,0.6197020201094436,0.6413721509782251,0.3140313540974005,0.4437653863371526,0.5118099261074256,0.37006626245757857,0.4583827449189859,0.5739532069537034,0.45930463788750003,0.31642837695860987,0.5537634865894883,0.7638230994844084,0.7737051635978014,0.8415852717713219,0.7292690258618383,0.7824551445637471,0.33797979618908636,0.4351152897213323,0.5046859404375095,0.5570814384497105,0.5611618292928291,0.5655232364091876,0.41943358783844703,0.6946097299365226,0.8431264754917758,1.0635207255147596,0.7896241350944139,0.7822229269582828,0.7891701463567191,0.3617177424069712,0.34514395165999007,0.38608422738007464,0.420273044310946,0.3293471080704983,0.4371282274313298,0.45625766574088805,0.3512126357458875,0.43561689839673157,0.3361517449869768,0.3314629447989835,0.3113521327360813,0.31463613321260836,0.3877147913998322,0.5270628071405705,0.6416543718854342,0.7408677658707219,0.6139395297468283,0.4714399132734506,0.37150345741292723,0.457157289132497,0.5972990723815339,0.45578882650078967,0.355567507468252,0.4238755806990714,0.38226733629428616,0.38565805057470115,0.3035277481627674,0.5215232829346393,0.48977197400533956,0.6979891703048074,0.6771867822267474,0.3749097586947532,0.5486344877193543,0.5081887403538474,0.5099668868423562,0.4643173035341803,0.5622436049035773,0.6250451797908996,0.31877850237304894,0.39967215200647244,0.40631799160495413,0.39583398583352003,0.542111698755982,0.3557378358330676,0.4097492996361584,0.38204843420007223,0.38691001099964684,0.5536185137160567,0.41437248943959193,0.450075383875353,0.38444628703092465,0.31721208175394217,0.31825232132236037,0.5049869370700221,0.6043849827799979,0.7366665940938433,0.622731894272077,0.38149399946509494,0.6296802845607894,0.5759610248250511,0.7181786171182506,0.5068387244466989,0.4894056563441969,0.7153566759009191,0.5603570584300603,0.6071222860008885,0.5610932853047921,0.3396675045382336,0.4604608789304568,0.6140016006579612,0.6400151183767528,0.8232579096217629,0.6468658874415738,0.5336655377037051,0.3738806294578999,0.3664225311855236,0.34990923359436293,0.36365791631573724,0.3434713267543549,0.473214772177858,0.44071400716090425,0.39398768097376835,0.430923450410513,0.3894900161617191,0.5468069631502479,0.5198023702044832,0.3721686629242782,0.3473775437993408,0.3790834870191898,0.3364018050077505,0.44787387988035354,0.3531810871295315,0.3216731949673149,0.48582002657485324,0.5687777499166098,0.48708182132197964,0.31426242120776465,0.3227403455702569,0.4157183741802016,0.42281690406270966,0.6027840510360334,0.6220892481973321,0.5279783119736453,0.6165358298221644,0.5467818130580149,0.575738639782799,0.650605490947622,0.7984887657493076,0.940777138496335,1.0722941694694037,1.0319419427598309,0.8382466070834382,0.7585027945539454,0.5475981216229782,0.4209459027483726,0.4174556076228072,0.4871242937011215,0.3429508730070569,0.39676618079979814,0.4485025562436707,0.45466276728928434,0.3064232571918806,0.3099124767967834,0.5018224873617457,0.5549265887121111,0.3853186408576106,0.3134981339053431,0.3065850427560045,0.48679667132842047,0.3539742633271821,0.40704949542835256,0.601626764866295,0.7510778481176317,0.6218344565585889,0.6796539331594493
MAC000139,0.1531233388275995,0.11765918088978479,0.10487281694132365,0.12210998039934028,0.1311349125428646,0.15892347674751103,0.11444695292799853,0.09785765635726126,0.0986900381465499,0.18245489350513483,0.11205195675066301,0.06796089809980821,0.11754553237941955,0.11639771540486726,0.09990293364348238,0.09088738823423761,0.07691873676621322,0.11235169888324192,0.1334981453089767,0.11308090852348116,0.10744102260871598,0.11709436437218695,0.13403894460229843,0.14952321110954955,0.1224041220523657,0.09694810538164743,0.15591107287834868,0.09383981015827322,0.09387113083364675,0.15820308565029978,0.13866223203932398,0.14107181866363724,0.07898631598576183,0.12349408538450059,0.1591272531828426,0.16628527121743156,0.1525170765850407,0.11769892120055739,0.15270908485880272,0.12232446440456216,0.1621017954994825,0.13332019582583937,0.10721641811031804,0.13254606202019753,0.10141747005143716,0.10787484631216436,0.1436289735866279,0.13897629131646244,0.11945542571887498,0.10743380722730218,0.09410565012956025,0.0941832904272717,0.12623598858264123,0.108244641722614,0.15874458992253757,0.12110914565625056,0.09982444113015615,0.14193871303119104,0.09033734122223946,0.14730436643359848,0.15352433305074314,0.1457255172088321,0.08752662413894896,0.07659237307118973,0.08864025341644388,0.10200626415737783,0.13210477261181078,0.10033893689248526,0.09769536961954617,0.09762386394474891,0.11671997060786371,0.11611008900021157,0.10079136215152694,0.06494383662951825,0.0663247195302285,0.1198480937626769,0.137715491906872,0.12676450389765065,0.11941821513176505,0.08553986510414284,0.09718021493943088,0.1234937155237526,0.10597749563696332,0.10049473268318926,0.07776811049833175,0.10699711749257168,0.14376709989197511,0.1373844886800435,0.08414968805038517,0.11885016835694434,0.09108527522116495,0.11438493383651754,0.11443775663467953,0.1324583959175336,0.13351490549866862,0.09894970112547323,0.17594241706063798,0.1179627861651787,0.11100592106511448,0.09134050054349878,0.14286824683627605,0.10393688777748498,0.10192704072381054,0.11591752650753075,0.10250257635154066,0.1147323018939792,0.1269538292200752,0.15039939365381974,0.14504108571363084,0.14433179023514922,0.12118457490788165,0.0773149915615854,0.11836402752961574,0.14250334660255293,0.15311524061598375,0.09220668710596157,0.1637013794660606,0.10173697408081435,0.10648936670810741,0.11525594761468491,0.08777759945100337,0.0974096542069226,0.1010220257772793,0.12611873318215697,0.13364950085977595,0.1295118357461978,0.11740277195686763,0.16990986758851845,0.10344034915141759,0.10513126533161081,0.11634575769083148,0.07679729271235598,0.12182889381093755,0.119694969898775,0.09175152753591695,0.14704584525894698,0.1427739649259298,0.10071853218078723,0.09327723966128199,0.15656730489429319,0.10845666118039249,0.14521645055465257,0.0829400012194939,0.15581797806171632,0.12266549879220474,0.14151884920033025,0.0808588348972782,0.11879755495207833,0.11480848624902704,0.10698742114299713,0.13605281005547218,0.11866604364511839,0.11341701582480308,0.11888384703822766,0.1237520918230395,0.14383522465469203,0.08478202010455475,0.10368080572104157,0.10124210550562789,0.15025907506696143,0.13420731074608402,0.08621445936303329,0.08772768186936608,0.10469981291837638,0.14610942059193338,0.08989768999612248,0.11419539413012285,0.12956254826108043
MAC000140,0.20991930703033906,0.1425740007039845,0.13341840850667833,0.8731018109710311,0.6461417138425604,0.5625852211751323,1.239587921160275,1.0401067890527278,0.1170031437377104,0.6103926950949292,0.20356932797799432,0.5409175370211992,0.1873323804126039,0.361235025845373,0.5014289017998698,0.40922629296150576,0.9037969921429561,0.5707271056262841,0.24245861807408453,0.7655608419355933,0.4151260842346701,1.1465301738479499,0.24650159167068666,0.3054778394104966,0.7758114661787995,0.804113447196451,0.26304904216353164,0.9254935130337115,0.5413561552222511,0.8752250168600361,0.2987787623187126,0.1526109158387642,0.7348264398472973,0.20876566219536227,0.33940014206119656,0.9897776568102402,1.1005746467892152,0.33814905609408996,0.529320671648554,0.5261137609634352,0.35139858364915383,0.4102034700084842,0.5863983829639776,0.32943337796292993,0.2659529628212484,0.10585126329861468,0.5175235428720596,0.8039715476258361,0.058634677565885834,0.6309587581995214,0.593709173033313,0.3589630755567584,0.5172971668702535,0.40092263562702085,0.22327169788769594,0.5211789741767431,0.04446752863648208,0.3773120666013052,1.799254866837552,0.66479715120168,0.7454905249156375,0.05974849942615857,0.4122457030823334,0.15280729212348818,1.0639589079648615,0.5150082291932906,1.04794029770688,0.4221739128243392,1.4423310004385763,0.664544253736502,0.539806823517149,0.5487962630774434,0.8356689971317811,0.19935905457939299,0.3419470868212088,0.3228523764110641,0.2689821786549233,1.5986179099910074,1.199955102797283,0.8429298530180213,0.4857197822841148,0.9897783510348142,0.6647432865790558,1.2911477865606846,0.7879178578339313,0.7942683050034551,0.7705395489278899,0.2970441243547012,0.6020267093596665,0.12498440429048133,0.5175436024418316,0.3253421148495983,0.6613237684029156,0.3258097091231887,0.19022545296233515,0.3955776611038102,0.5492463969161892,0.5286782243692476,0.7001356701402183,0.6103334775011401,0.8872597224508803,0.36596723326851316,0.2589229220444913,0.619667711309034,1.1209599931749088,0.34335422620384165,0.13585826292655048,0.8495811312965201,1.0480678506396057,0.6052184586037844,0.21060261532845195,0.08354795229714147,0.47306794278451975,0.5254960603846889,0.18597075651758868,0.50164407711754,1.2055583179876248,0.33267553018571044,0.6803142993369585,0.8317555953111061,0.35246309017252037,0.8011840918577567,0.5684536102047196,0.4879500025625279,0.5747080637366321,1.5270568519933565,0.9013006461822106,0.530185442728232,0.8403796354909965,1.02734916461771,0.1462214600006652,0.1458527078303103,0.39950843288351495,1.1848375273937377,0.31375101358479696,1.4452406183122755,1.446914895657572,2.218096259582037,1.5097258670022862,0.7808808585137595,0.30455950026154194,0.1015992914276246,0.16809400368131835,0.28816029760307504,0.03520197443422514,1.4030646092222416,1.3458808717023583,0.8736019249382857,0.4545304996921167,0.6221632045016033,0.8072246014035059,0.8760621941539386,0.34687209324718066,0.6878742206224276,0.4168174225911855,0.40002231037600955,0.47988966714079595,0.09587554851264926,0.6607649368586702,0.874982357278555,0.13152978481033545,0.15120401751593446,0.67116641716548,0.26277105895037356,0.3794161918524465,0.31243641099956515,0.6798317346074237,0.500672789177593
MAC000141,0.21174946097974384,0.19295600959403797,0.0789855619245804,0.015782323283341254,0.1517917315091506,0.31987371880006116,0.5607453338455552,1.0046372166688606,0.9038129858481613,0.5800633200016996,0.3546447903057839,0.4632466226735184,0.48827523714736243,0.4803529331540267,0.4308086155058514,0.6912856130195489,0.7909204047895947,1.363596089992437,1.7860640381564397,1.5924255907236544,1.420060881568925,0.968487614919138,0.7031543667943825,0.4129590917953706,0.1918375676959501,0.17555264414597901,0.1984293999839672,0.1607587477077745,0.0890608131316663,0.2781308159514142,0.6059656354770268,0.9253999017846752,0.8650894924134782,0.44861459134696463,0.4924689887568289,0.44322826372507845,0.4871315418128605,0.5195206470313307,0.4087388277682182,0.5558868730453127,0.8109475645467927,1.3388863425727282,1.7124900587644263,1.6115012380851557,1.4033528195726221,0.9473839868449431,0.6172668144891577,0.3546317565940914,0.24929044087977617,0.2163754124247889,0.09099438954625116,0.12114952775450832,0.12524833506268473,0.24339648587560805,0.5390958271905162,1.0980742845438745,0.8283938697854278,0.5347248814284381,0.44210887511153374,0.5351696516862164,0.49724481756634004,0.437462202149174,0.46081595662279085,0.4713359923215753,0.8047736538818994,1.3768730191822922,1.832603196068414,1.6753863748781028,1.4027404484024935,1.1391417877027568,0.6125262218328821,0.31486642668143794,0.21895595508433954,0.1166850949535409,0.085427229958502,0.15920078478714775,0.10534437945188181,0.2388852222175499,0.4932645102192281,1.049103241358828,0.8225991409779353,0.51700031347636,0.4516622367385166,0.4006572018200326,0.5609572586448295,0.46955660798423643,0.392390220530743,0.5703397604793234,0.8849257910416989,1.3387644651197343,1.6952729431528395,1.7012234951403964,1.4886556916480864,0.9880771664084752,0.5732078609047995,0.3695689436229416,0.12397816976097746,0.28798221677064756,0.14457859922604652,0.14918170258050759,0.18950739655762908,0.256802204804251,0.5259258889675441,0.9950164333102377,0.799279620930409,0.5107194203322993,0.4967264404970868,0.5133727392061623,0.5004587297540024,0.4685057325382177,0.5345293286555836,0.5117587138137795,0.7134664477016456,1.3611594613452473,1.8203062531127427,1.5306811350056153,1.4297983491272852,0.9856717838748907,0.5420666187867031,0.3533372082109108,0.16293612838383065,0.09539759239609814,0.15253088290924663,0.14490255065241187,0.08573911539643503,0.19936879582733766,0.5749434589766893,1.0685136465858063,0.725883630373587,0.4272176523400114,0.424963601299162,0.83703187201446,0.8854550249053886,0.8582832328932186,0.7675957082550218,0.9105884134178981,1.1271983524611746,1.3205618305607163,1.7021031751823892,1.6699496188045835,1.3274235763017157,0.9835631987812992,0.6473176448467778,0.35949969702988377,0.273253768082097,0.16707371969616525,0.11934363541742438,0.2044674923962407,0.15162707473792186,0.28377955372604136,0.5435772423869194,1.0480991754093245,0.8471204988310121,0.5342917117405184,0.43250011152659074,0.7992652408740782,0.8776164426109472,0.7507364028006442,0.8542486899313111,0.8263682443385432,1.113704107086196,1.325959170573747,1.7901461675006012,1.7360948651304808,1.4614475967713716,0.9684756469185889,0.5687006502167045,0.2978211393789451
MAC000142,0.0701693633713465,0.16803332089033038,0.21054430783851547,0.12870511851902822,0.22067943943713386,0.14953928822290308,1.2606769979160874,1.9448485561775286,1.091967743492071,0.37568582958864477,0.3404699257750952,0.18122011648220573,0.16551602651422267,0.2925478114789851,0.15881558474922097,0.2673246166432179,0.3226215023781113,1.115649689899127,2.016545963929768,2.241319291701124,1.623827719755722,0.9560375244001716,0.01,0.026925083486982367,0.10553066545192401,0.1539571794411358,0.18850269557368463,0.2608012068415037,0.19228690483172456,0.05456904446893285,1.253488502818706,1.8818772092680969,1.1278794521842512,0.20066509046019929,0.2234923960528969,0.25779950985304784,0.2606829469326332,0.30926023375959305,0.30604827795916156,0.2195103008519315,0.3392970495459364,1.1013179923333845,1.9943811523379373,2.071041059870179,1.7015420806170614,0.9259186897478701,0.01,0.034818594779272447,0.09975788256376986,0.1379687032738206,0.1294846793203095,0.15778943408914456,0.18747681822182968,0.2025569530971195,1.2555535130884699,1.976034767118817,1.053819843275277,0.2893821180915803,0.24768377811183534,0.265884608517918,0.2650135427051198,0.20112794749475993,0.2824540928679767,0.2764455361480417,0.27264373439701245,1.0754866370704708,1.9390117070569879,2.1902279381506102,1.6662086406966243,1.0399850429021777,0.01824941177983953,0.13340019651362037,0.1647409887518773,0.17514794205331735,0.15321800276335595,0.1382876729368978,0.19274515086375074,0.22699372367664084,1.2552389315707881,1.923029564367907,1.0742424687485053,0.27096117827780164,0.27191531613223946,0.28556657165049637,0.2785656932771573,0.22758285995785546,0.34435286827019607,0.37301584713658575,0.2712124277323432,1.097089349448696,2.0782423283535483,2.1472134553396987,1.664414887000939,0.9323851563079598,0.01,0.01,0.14301684237006093,0.17505783259014168,0.25074704341290405,0.15138457457368912,0.1381513442531245,0.18612548617391383,1.2875015825811915,1.9806446877796273,1.0207513015437835,0.2779644416468268,0.36437522502256287,0.21079476766472036,0.2841034615423242,0.28720932333613663,0.20486602808310572,0.3000378368731918,0.30346789919233064,1.0648599883263656,1.9883826637797122,2.2537031328378503,1.5828419473232072,1.0286749498406862,0.018900637607106252,0.01,0.2328661192474793,0.15083770886802975,0.16319291773576405,0.19965700559935293,0.13066112083994175,0.17612340529348763,1.1705982419441263,1.9426971197917673,1.057659346058423,0.28787663922953644,0.445948519963119,0.23365801804290573,0.3544256717975684,0.26785073313274593,0.31401530406243167,0.3235660608896175,0.3113305809890706,1.1047457249825292,1.9549709077811679,2.2310018904397837,1.6412759737787277,0.9208425060854921,0.01,0.01,0.1710694144533615,0.1407609209031316,0.14716000477665783,0.20073934217329364,0.14912688438511176,0.17585071869019403,1.2091600752110465,1.9219565469019046,1.0540092395167708,0.20695584082353213,0.25516672659201967,0.2535940947117176,0.24411177925015443,0.2873253565133231,0.3383580480243428,0.20043374774470074,0.30706337723220345,1.1712265176863519,2.0846937975390056,2.195003586265771,1.6556033401377301,0.9914197143586276,0.01,0.01
MAC000143,0.19584011949296398,0.07452596952767554,0.13128920833962382,0.10136068678349583,0.12222950702374799,0.12162018689500567,0.08686121414760571,0.7899708862304327,0.980427568106147,0.8472119815962879,0.8107249831889666,0.97182274336079,0.9906288789439025,0.9021370742043499,0.7561351185698215,0.939208427383768,0.8881631196362075,0.8168550171059685,0.8247897219562234,0.9934155906235026,1.124971356232619,0.912312661886527,1.0032799784456894,0.1709997228030931,0.1894829659389546,0.08936710675177667,0.08240845906233639,0.12336511587747603,0.11574685746285919,0.15909111029344472,0.16336033145002277,0.7458475634867324,0.8937319749016381,0.938005390662891,0.9297129800594139,1.0436078825358377,0.8783820980296548,0.8610461837415663,0.7556808291240836,0.9282469855239135,1.0027133786201574,0.7300097474894742,0.8273218843269152,0.9345500447871059,1.0792561574285675,0.9768440904545492,1.0648914044834776,0.35555642883573346,0.16503004818692113,0.07778086760257073,0.1396319494992366,0.1445388270940045,0.20481252929658048,0.148777000396773,0.046213844721053846,0.773856139563016,0.9464763912297555,0.9227554462328741,0.9389049958316363,1.0315270939380405,0.9937966560876997,0.8484704465272194,0.738255971795265,0.9080009395023892,0.9041479517396456,0.8129160935314605,0.7252897959017237,1.034450224280737,1.1852451072528252,0.9701469102859545,0.9741582163474753,0.28016182794945105,0.03774100974067912,0.14462262390244293,0.1103565656104471,0.1320030154506906,0.2005336426519187,0.07001781135474278,0.1869860611042918,0.7653982608330413,1.0069057102765677,0.773877042608739,0.9559593450093684,1.0097146347879298,0.9904016105082919,0.9064948255988191,0.6789287733931566,0.8965483104541855,0.9645249358039042,0.7071486998182164,0.8141327433576792,0.9807616418780568,1.066334048252794,0.9853342642489157,0.9293302185335999,0.3289234014984784,0.17870373265767353,0.16498823129401174,0.2006358594439781,0.19471568880559534,0.05204606554520745,0.06475189861519998,0.14282867849425568,0.6886186124574287,1.0258648500415364,0.8280215761126957,0.931087517279172,1.0262323847622163,1.1152697862785501,0.8917562100430252,0.7512719779659337,0.9165276410978372,0.9483203861678203,0.8195172076838395,0.7353836300318224,1.0660817169393528,1.111621217090605,0.9645009632984828,0.9298095325542672,0.26953785539121133,0.1402042202366769,0.08487444286591188,0.02625792252377522,0.1942821362327138,0.12203327783335192,0.15695748903404746,0.24000987705803956,0.7735209372241326,0.7979778074133839,0.8163244822787569,0.8344220386254817,0.9553951238205058,0.9795131224981652,0.9620332161904713,0.8346561405291861,0.9081120974330645,0.9355960596315586,0.8121737553200142,0.6967931979937475,0.894022680796038,1.1955936276322532,0.9307380334930936,0.9890330323305512,0.3302645267242682,0.1153993041740129,0.1315209334221784,0.16233941963918572,0.06489469512176627,0.0763470867224492,0.21815415257947524,0.13529048714944328,0.7178176395375391,0.9549449955518801,0.7940874176124962,0.9111452414125927,0.9683493856319942,1.0114297369119147,0.7287670209729434,0.7442722878348651,0.8672640406464778,0.8891622947092033,0.840998176430713,0.7450487429997421,1.1182747856963275,1.2101749050999566,0.9061634687643533,1.0041462777246548,0.28632769966642463
MAC000144,1.0284248171413346,1.0530565137099894,0.8044583718651632,0.6722565768318726,0.3779035969731592,0.11246871945870682,0.07145817797957423,0.10503192950855461,0.11452997189590983,0.13905021454651884,0.13318767079923285,0.06676147653601686,0.14797026024634596,0.162141153512784,0.35758057442010915,0.37253833252819274,0.402596478035797,0.4223512566460462,0.4242536761630497,0.40923749438242085,0.7511719297164885,1.3434915512049985,1.4783766505163793,1.2428819447287671,1.1161932974351376,0.8846064208776746,0.8403707651452899,0.7732649641093454,0.38204823781632913,0.03264930940182997,0.11566169275387267,0.15922347614833396,0.20158294183866596,0.1107566131677937,0.03422286435176371,0.2269419245683357,0.11141245548597278,0.18975996674939133,0.3984680849310451,0.43886269835891595,0.3770994649609223,0.3780698452592159,0.5018542564797079,0.4583595935925454,0.8213504988787318,1.3396143192296777,1.4940649009977018,1.1754308397112998,1.0629296337060594,0.9023600674717677,0.7782750103730806,0.6107830935508811,0.3042287839457357,0.20892997994413515,0.02868459696049258,0.11580510697904096,0.1251655661921007,0.10504697267285926,0.1612533572990167,0.10378273026423604,0.16520945687748367,0.14499142206462418,0.34370949890487973,0.46945110487502867,0.3956846064743066,0.321817676295735,0.43493834906343226,0.3970212318456827,0.9041808603291077,1.347668453462283,1.482845527031003,1.22280233005374,1.0230162215335723,0.8574290208981685,0.7920181147360603,0.6387563319828639,0.3519233121335295,0.2140622422124509,0.12147068239714795,0.14060567295794923,0.06737762906678885,0.09051804865812314,0.14479823536613884,0.11410621650227816,0.08149823934449349,0.16767540759463734,0.4183974658519641,0.5141265868441796,0.44433894706673316,0.3546410964039259,0.41715631794642277,0.35117555363135466,0.9229959548838893,1.2434439734311613,1.5836667472082118,1.2230672562658031,1.0236919743130757,0.9567026776300733,0.8355382207101655,0.7468480706706562,0.3614549323604816,0.08413124783304499,0.14557403576240202,0.14574431013272532,0.07098013894687033,0.01,0.14711293408800144,0.1362024188122818,0.13912539817556324,0.1834859888456206,0.4551783720829661,0.47604184951566086,0.45052573210526103,0.4185710896612872,0.34989403542854103,0.4884332044254509,0.8122684562832719,1.2625939789073755,1.55981191841948,1.0835702977799508,1.0208669116000546,0.9088203876147358,0.7898571375222452,0.8019723247621982,0.348489398807867,0.08559102998257634,0.11511923245747141,0.1602205149669566,0.02222355536852133,0.12325621152997304,0.09488768596116323,0.13101328670987822,0.060243055650268856,0.1085453038459555,0.4045434571345943,0.3478451447535585,0.5045902183353397,0.43211844756119533,0.4574370060595264,0.393673708614352,0.833483429531779,1.232798210214382,1.495952828809759,1.1304099851328389,1.072643659774186,1.0256307680680998,0.8679197942177178,0.7957990096750275,0.39229520269807494,0.1385461296858054,0.07141312164068478,0.13370103511748962,0.09382765143137284,0.1591381208377626,0.04957651205087717,0.11212941003657295,0.11840774085216162,0.206861812976033,0.36021719024197263,0.46978130244440897,0.45254414042562907,0.39858429448136534,0.4318567662065697,0.3988838053229216,0.8234772331989143,1.330538491017422,1.6551905969463077,1.2235614017290202
MAC000145,0.8,0.8340459563388136,0.683541076189454,0.6203722992902778,0.465749634158787,0.36912293906702465,0.3712384518318555,0.38959719183806574,0.44912769571756717,0.339908610685852,0.43409641586462694,0.5804151536591584,0.4905783895118996,0.3569144144581151,0.381471913023811,0.5601169053836972,0.6888824926220329,0.5989678166898602,0.3796456377156835,0.37891693942949245,0.37365458588337713,0.35257910736850645,0.5098297596975792,0.35683196963466923,0.33864808501440885,0.32238985537048825,0.31354021938304444,0.5052879861070126,0.5585044273884021,0.5011071204369925,0.6438702130682071,0.6957087289199542,0.37200457969999584,0.3185321669067007,0.3207753487257001,0.4231007433169741,0.4836769598692281,0.46143251380860206,0.3111949174445823,0.44016534891826276,0.35208097252575,0.4878452986489299,0.5136491175448841,0.33834791244984,0.5168992459823347,0.4017886526997412,0.41096813597609594,0.44631562831294175,0.39715736312669503,0.3078504270845685,0.47803390362334475,0.32940267979986554,0.39687401816538037,0.41922853642880953,0.4508251403422823,0.39765296819724727,0.4508054705449893,0.697097440750797,0.6236636070518249,0.5179430738426859,0.42957636297763024,0.4295469637374204,0.38176393409497056,0.608339534175153,0.3573223363507395,0.5490508319700592,0.42203050296073064,0.3807433271690035,0.45356054153329417,0.33508804499273764,0.36583509606875814,0.47882288440406023,0.5429950045312693,0.45605945596916586,0.48371576506547753,0.5255589941594278,0.5917160138823256,0.35159720541621,0.42370483123964453,0.32850794142275014,0.5666740312928469,0.5109011127173664,0.3127866912338361,0.3200347789074261,0.3455239990933604,0.3791273303361191,0.33204494947902585,0.47295995977929134,0.3349000517533838,0.5062662083115128,0.4522286549211697,0.3867465435466151,0.32504745319419304,0.5302357921501301,0.46967139819197945,0.5733654522823071,0.7653640961012862,0.9472716172704203,0.6624974553378055,0.7380513965471251,0.5515608118011337,0.41928484507130814,0.4080267133702597,0.44990163763044355,0.5079641103984746,0.30889036392494296,0.34434472548676,0.4837573514827245,0.47266957281281324,0.5288245597184869,0.5968309537354994,0.4022894146837114,0.4862718630606229,0.4986840544582817,0.554323160995469,0.514256268563601,0.38965781440363423,0.4058999592018976,0.38813138978522893,0.3561656687300506,0.3343345610560185,0.39487775582113155,0.6597453675962204,0.4114836869911794,0.32986400009933464,0.3743779404306704,0.5329607166311116,0.4969977389415965,0.5984334356476406,0.5184153889083922,0.4014523035947408,0.4148485988880377,0.3911108400363644,0.4054272500173437,0.5525976570393079,0.763183861165958,0.6353170632880467,0.5755779797174939,0.5299711198756877,0.4145899512687061,0.4217653875276005,0.43748011568196804,0.5762983153357595,0.6565814947207511,0.41190034775257467,0.34242657267364524,0.6066389274764061,0.6802014146158756,0.5752466730142878,0.6340463499384172,0.4661158082711639,0.36087922703881503,0.3359232423005948,0.3381304631484235,0.3193371545508666,0.573989009559035,0.37058103157315225,0.6744160691368195,0.8414887746093074,0.8327753786838894,0.40867394903414384,0.35459143790009195,0.43894597505342586,0.5415365549331151,0.4200356459850233,0.4187429466068914,0.5735640297816835,0.6945692950338063
MAC000146,0.139801916167747,0.09356790858459782,0.08877376779309022,0.1606409161261441,0.13910811810673548,0.13128454030190811,0.12912196249327146,0.07669429716609337,0.14117016056324622,0.1325007479317514,0.0808062691212783,0.11663743029859863,0.10124050875092848,0.1335939010789108,0.1373485384452406,0.10331445345679137,0.09052465563078946,0.14153898493296696,0.13105612931036928,0.13719115087897893,0.12428257304764326,0.14640987814396414,0.10266972238484016,0.1274455771005209,0.1008301424250959,0.09316617397688247,0.11549909180324702,0.07326229535452776,0.08654154584574138,0.11531354314370584,0.10935394306909231,0.07931217570225742,0.13070446149663006,0.08704474201509643,0.0922951946323391,0.09029923969055671,0.1403429628200674,0.092175889233698,0.12758371846653535,0.0807992203479846,0.13961028974627973,0.10757997556404009,0.1211126180040521,0.13412130447700124,0.14585303810326256,0.11313811704015286,0.13289304545978955,0.07569729847283968,0.14625708942138393,0.12987149290257577,0.16106827751761205,0.13499127812238038,0.11238938551121778,0.12370630457523016,0.07639866403146409,0.14825267893061395,0.13419751412538877,0.13472713548646217,0.10430994812706437,0.1621633904244526,0.13741113517396414,0.0943538844021761,0.07986838137316173,0.12796217702290702,0.11099480347157786,0.08415271674531886,0.16597470420488866,0.11846096515829038,0.08991003637511193,0.12129478817242144,0.15421796071089777,0.08545300659460542,0.11864501146454728,0.12963868306945606,0.0821374070067982,0.09331230758425017,0.09773725152011317,0.16709553810303346,0.1290498431556269,0.11761925387934401,0.08780611513183635,0.12102184816229175,0.13622996112826422,0.14776987965906235,0.0930109577358099,0.09673566641236828,0.14439471245840468,0.10307844983062273,0.1555862223065028,0.0903392686235154,0.1410812266155885,0.11172359410082681,0.1378035417612835,0.10595324238135338,0.09070448080711051,0.13255906700550585,0.14396133535670863,0.08777156153315815,0.15119781762699222,0.10720852637421602,0.07583789348053446,0.11685915813664308,0.11925140565941413,0.1420906964219654,0.07663409563504807,0.12320247006438939,0.1289504128288488,0.16038898950887615,0.094940881836719,0.09183462191284353,0.11768298977352425,0.11853592457353263,0.12063617144069319,0.13664147768041346,0.08464295604703555,0.08006487815890419,0.12464050853246234,0.1282282299658976,0.1564132476896917,0.13709665481650532,0.10828942229014768,0.12777260804561216,0.0954515888147162,0.12875930167542599,0.12557558183992673,0.11625632528816418,0.13193083806778552,0.11562049444185059,0.14073273925598484,0.13021657179004692,0.10500619631183782,0.16501161707704798,0.10201564925237203,0.14221290390007474,0.08203878238396248,0.09110414016331579,0.13121175161060059,0.11759310894748978,0.11195725940867807,0.16258043832431726,0.07185062714443916,0.1217089885737793,0.1175177693053693,0.1270758186744441,0.159149485916757,0.14685127536929457,0.09244475050973602,0.13927356853446926,0.1342614453324865,0.12337650463113278,0.12114497932711774,0.12409882512564534,0.1293633773724049,0.11964084711857124,0.14859454041768044,0.15636134714447567,0.10368859909206235,0.1313237179661524,0.15932931197512984,0.0764317562371794,0.14714051463016425,0.10801080386347191,0.11736501617035265,0.10920983817230208,0.09815524724359513,0.1296205190306114,0.13333494297763984,0.12811536030155454
MAC000147,0.06666389095189616,0.4433113446509529,1.1308535671642233,0.9519843709293138,0.6059525630016801,0.22359019177542416,0.515627809039854,0.6235039098604894,0.36173127624418894,1.6294768675442826,0.8873492607147444,0.3667172035236522,1.3454237420264905,1.0710359417532909,0.6255063743566475,0.8607580360634863,0.26873301517431647,0.24702575524653084,1.222546695330286,0.17398980358267285,1.588601660113487,0.9357028658061616,0.38059420418864215,0.14191030317371284,0.1710111460409213,0.9711096727166895,0.4582366189091477,0.37403928700118755,1.4808644320434536,0.5367838152675568,0.42332243577643636,0.706731531418051,0.7158082557069391,1.0764535243339075,0.12302564232482514,1.1023610029187538,0.15960136874191047,1.3758626123732942,0.7967304779047041,0.6512097767517936,0.1364809136599052,0.5622765028114967,0.4802045832015652,1.9380336499684536,0.1089926340622793,0.7967823150143293,0.1846548535540997,0.20161675246011157,0.3467095065045074,0.2889967480909894,0.9438410095657777,0.8888178655036618,0.27750040559326233,0.08118670758529781,1.8917940482324123,0.19154696824580225,0.4594774504205602,0.5785603056384966,0.7592332276986787,0.2804512260640363,0.32103259682768537,1.3499168327376283,0.4099390067686092,0.13696158221429683,1.2536299173624532,0.6088628951860848,0.640202224214368,0.13722413258733238,0.4013698379349235,0.11377358303074259,0.3678863569309583,0.2830921818884491,0.24650053790797755,0.31108753341235884,0.7654279911643672,0.09580792481323891,0.15087813539507358,0.42007189503349823,0.25230490026611907,0.9107327753040407,0.1928443937686389,0.7794933071979308,0.15817342647158236,0.3234728667751274,0.5542062984902971,0.8155083925280745,0.5460917094260128,0.0649183359589585,1.0101192941302664,0.8019151106917642,0.41873679477546877,1.3712179230147588,0.6132689799038142,0.4861849338800167,0.34104079251588926,0.20969474887337292,0.7481605638833793,1.5581956927097176,0.32211032540598256,0.2404948587676239,0.30429595023183736,0.306934147337688,0.6606980528377367,0.14392092463725845,0.6925386463828275,0.17819888331882214,1.0026179262903177,0.9024223106976337,0.0173246014410628,0.31832570241090213,1.380741855133176,0.8273109165738751,0.35152017879261493,0.33649630953374093,0.07018359279282631,0.2197658479270538,0.5492963738297278,0.28896479663478164,0.2951462432121327,0.399549270040354,0.8861258870470891,1.093860035279253,0.6543517433158318,0.6292529444226352,0.1642600450240654,0.5285860524259786,2.028845499798677,0.7322829343866671,0.5132230872061312,0.3455830245261053,0.7730168423015195,0.34890913207443686,0.3067214377511643,1.3174947287883128,0.24689593705308094,1.208011658003411,0.2060562051897958,0.2273570096766495,0.6046500432331309,0.5344026575492196,1.051595661676433,0.42546656271301525,0.47100846414469344,1.1694420017707452,0.44426037185599604,0.2972561360008036,0.16978970248557226,0.38635947389824193,0.39233244347671936,1.4148582526917866,0.3172778267253058,0.6096190327674571,0.37509884828071643,0.06292352302760137,0.2697904725552516,0.8700239292084062,0.44237790086417,0.29480067490265943,0.4567934988868254,0.30771534813056434,0.7809482146547826,0.3108694913999934,1.0545885033207119,0.32614663659369436,0.7234831469214708,0.3954515879393061,0.8064776038267685,0.5578684023328699
MAC000148,0.16999295272117365,0.15442801686558194,0.03933408193074131,0.11569759450664731,0.11815368979371836,0.24062176504318328,0.4451400269508565,0.7470592091514959,0.6268044653398679,0.3366302657668756,0.21911800580682644,0.343317140866013,0.2660791743095199,0.3054695696622073,0.3467263102129146,0.41171108044664784,0.6289130455107048,0.9866143742921865,1.3638967535627204,1.2415512177454255,1.0507977279685419,0.6891756527441766,0.5350033798744057,0.21003128611720906,0.1758229519500138,0.23397525966624,0.01,0.08600610239861692,0.01,0.2343954136665511,0.40056584439360726,0.7371755348940784,0.5885224850791446,0.3423744846886417,0.3444367143350375,0.30058673648852824,0.36633225888512844,0.35785560351814294,0.31465733820638947,0.41490434319297675,0.5279717060588257,0.9473036584047567,1.298540402684127,1.1384989966625048,1.013941833322433,0.7441360236100643,0.48279475161325125,0.3234683881468573,0.21941102692465422,0.14737604672348154,0.04047868259920881,0.05109208928252395,0.1451643519714368,0.23380553865814407,0.34300340148628616,0.8359892643564755,0.6895622232441916,0.4339436195309564,0.32629925760919426,0.28352143642736094,0.40870825596599614,0.34583420584451224,0.3325354754308712,0.4709031661894686,0.5577012771914652,1.0060070654654554,1.286358699762396,1.1869946088412229,1.0027998146101436,0.7264925608044231,0.39354860563054356,0.3711101596736976,0.16273971009272895,0.15689774175949647,0.07697266572963583,0.05960215483331332,0.08922341964831856,0.1592043118224796,0.4121360907534535,0.7570180465994749,0.7191148324726766,0.3202324838694147,0.3398870053388207,0.23781050465151193,0.3545594929309684,0.4795042431229509,0.26990917500963874,0.44495162459916887,0.6054069909424569,0.9704613787321058,1.2318606604900177,1.1995996540613836,0.9976665873437958,0.7151548986068,0.34714908305591824,0.26316651882550207,0.1268916533290553,0.08085375709124513,0.03780476135638855,0.07028520103229063,0.15738051511537013,0.21069698780846574,0.41300927822107286,0.7272204289749045,0.7145111472502923,0.3296420720573421,0.33228098341305407,0.39299239201688174,0.366589259182709,0.24907752739876116,0.3558785567868695,0.41679665594562876,0.5082876188521538,1.0067004840966647,1.3004680823830317,1.2338546297398367,0.966150347794979,0.8043826853492916,0.4214860095662475,0.21899600813656614,0.20050387372832476,0.1780878898187793,0.11491327456365386,0.1398851271612896,0.09813384457751798,0.1729625030063266,0.46831598257237184,0.646003044732468,0.524877002373776,0.3445436155949463,0.2861451285998991,0.7503361696551756,0.7058953050264754,0.7123732317918963,0.725960240989641,0.8017254948840359,0.8788852796866099,1.0094809583442805,1.218414217011651,1.2598356434645002,1.0166632663176611,0.7928129485130104,0.43339099602738174,0.25259896248768754,0.1797716862944885,0.14902654161587373,0.07614405050216647,0.03813338417877389,0.09977969277203982,0.20960358674419424,0.46715769553235775,0.7506226342005131,0.585172676357227,0.29605581376334283,0.32198015234327676,0.6730090764517338,0.6967214124508879,0.7758468794906096,0.7000114191887277,0.7753768069292373,0.9065633025474641,0.9849828533387143,1.3098278695504937,1.1862549106449787,1.0727091735685064,0.7335404470236391,0.502166305228232,0.303278352941359
MAC000149,0.08489377863116024,0.09360102977879432,0.07188779770740827,0.1292011922396347,0.1605556241756601,0.15751826238676825,0.9505864286652861,1.4123823068361223,0.8177173057878534,0.1879534488906228,0.18460784213763165,0.15222616379050957,0.23557915861557666,0.11107998931648377,0.13555976872822678,0.2942757152078251,0.19513194692721975,0.8106833965326572,1.4462939367138352,1.6316364013769762,1.2742423288072318,0.7757541072427265,0.01,0.05842630483571451,0.1210653364291571,0.01,0.04355583642285796,0.026513071888595016,0.15064532350885998,0.11121374081614686,0.8715890420914222,1.4017005846564485,0.8914998029307483,0.18619189781712397,0.2173558183042621,0.23243931204006135,0.14021494288828906,0.22915224191889288,0.2469073201296752,0.25092296397117364,0.19361506247958757,0.8505193492570273,1.531451583999714,1.6107560460103485,1.2513095524232474,0.7904351510399417,0.04616663495418731,0.01,0.09614231168964314,0.14691245569933228,0.12826631687750883,0.17668242252065983,0.07302487288429405,0.17240401583312012,0.8343579887021715,1.3976859105733759,0.8328440094805949,0.19530276187918452,0.2228623622754513,0.2702034906662821,0.1725612657657144,0.1307237279027711,0.14417269660021406,0.19648282563864553,0.26321456202230886,0.7879896775224715,1.6146985134828764,1.543796750374619,1.1180874630478974,0.7149379598751676,0.01,0.01,0.12161657424634188,0.05894102181664748,0.14782489419005737,0.13032744247773384,0.10265241782309012,0.13109890764701096,0.9997554731596255,1.3941438804427673,0.7791452235546972,0.23450686155954512,0.16775188550059755,0.22498652226289625,0.24198974841054066,0.2708985667009245,0.18487824547793283,0.13491975077911494,0.18806543283900734,0.8125158627915926,1.4760252229304283,1.6139636024456125,1.2926645094909706,0.6746800119188016,0.01,0.04692195285530179,0.05860097904199751,0.12119735715705052,0.09436481664086163,0.0378848802427659,0.11341212674352057,0.08916754697899923,0.9294730300309971,1.4164357978125297,0.8124509839326438,0.1534946936023947,0.1726415973450678,0.21348435006418862,0.15646949032256827,0.1990030344411941,0.21841336142895043,0.2383661460193639,0.17390011192774224,0.7840820080262916,1.5167139962065208,1.5707302760219959,1.1363666475881662,0.7208946455216658,0.01,0.026793360790309046,0.09193744817692572,0.12491884905734842,0.030349137523106723,0.15094059023235082,0.09371418479141364,0.1135909726508687,0.8965101515953567,1.389061105528314,0.806906830456629,0.2015940995266717,0.21188196079047156,0.1380085077751873,0.2394965292068552,0.19471705641498094,0.2179446661899079,0.19446714549063088,0.14764493469616824,0.9302484481957317,1.5132006230459272,1.52847359586803,1.2009202892911854,0.6836054528758452,0.01,0.01,0.12205000636776575,0.07692040578614141,0.1943370817032266,0.11520942291047587,0.15649752662903352,0.16475808840158593,0.9264623488725855,1.414560281629319,0.8585710857289817,0.1698363754279985,0.23833801823907397,0.1801395665919375,0.20547713752274407,0.14041948454890896,0.13572607327319125,0.19713567743949004,0.2545085068047262,0.793545200869026,1.5913933365946669,1.6272352475437633,1.1971077432187835,0.7772950586507237,0.06544855387977838,0.01
MAC000150,0.14951824332504074,0.14842281841467672,0.12540580608244617,0.12783486243891207,0.1314507923386117,0.08232929841395863,0.09575672749256867,0.8932255550576548,0.7801302935767691,0.7199107537072907,0.9575961266058026,0.9554218844323796,0.8716969178253332,0.9817701089969806,0.7051745737131196,0.7754293408780003,0.980534041110262,0.7002514689975998,0.8223719224038675,0.971378975973385,0.9422598674357474,1.1153703056258661,0.8772487179322066,0.25364573007581115,0.12650075831348923,0.14364952609940804,0.1551848123414541,0.0977898619642045,0.18276867257164459,0.19114700496135786,0.13619760926524715,0.9506559189232155,1.0244081485845018,0.7954303853316461,0.9761050018405056,0.8976943725745805,0.9604209344866741,0.9749473816450331,0.76108466646406,0.7564725937252842,0.9079374214544748,0.6958486137130264,0.9328246280698651,1.132766549986071,0.9916505403244208,0.9402812198298367,0.9545895255825325,0.2624247446948379,0.1788536392182343,0.20028727737803284,0.17256313530141493,0.11164936702181302,0.16787559541053532,0.09146873648392045,0.07567349399719452,0.9819750350338292,0.9882511812146293,0.6696259184796756,1.016477031607463,0.9884458284662726,0.9711616981583668,0.9070779199439799,0.6883318963969461,0.7098037025126362,0.960033376878668,0.7139244587250746,0.7667092481077799,0.9533266006731992,1.0115803103020509,0.9831775389429827,0.9414818793856067,0.3640683097285226,0.14420550829327577,0.06980572644508595,0.18224341009830322,0.1942599490177575,0.1843390044292465,0.11310974946471589,0.20594548087279174,0.9498243189476607,0.9757846298631441,0.7977194780711204,1.005361525813924,0.9860521968794037,0.9378142908803108,0.9718800050408413,0.6988352192474394,0.8290413572626696,0.9443018030072636,0.6936427353393655,0.8580101988617999,0.995935616890975,0.9633511177561417,0.9759686448264943,0.9455099572166931,0.2535828422329568,0.08851484971194357,0.1699536318494044,0.11791056178073027,0.15471447605137184,0.20280096816910312,0.15922243538446879,0.17803450810413596,0.8659519236020828,0.8594557944119511,0.8194091071078813,1.0327170686055953,1.0494252276843885,0.867382368494741,0.9608542912880982,0.6184827129084691,0.7020968673799491,0.9637342754098568,0.7286848386196118,0.8789603792947001,1.028153238342756,1.081935894426064,1.014594959036581,0.9908034737070059,0.25143966873021717,0.20309631872053915,0.2131483066815613,0.16252107684893957,0.16957752332325365,0.16995629902539633,0.13633249938427897,0.21144490617103104,0.8386101741685957,0.9476753918150471,0.8032080052214889,0.9547223680988588,0.9566536505980721,0.9752528162079521,0.9243864103737723,0.7555318141727541,0.7259602743287421,0.9029977064170873,0.7197649312567819,0.8134668284722155,0.9267930928012624,1.0253324238794568,1.0691114907072854,1.0047489954993905,0.2663999961617055,0.18018632161569498,0.1826113863976627,0.0934219931383132,0.2390052571005729,0.11998398609361938,0.07414716131885818,0.06421223410198541,0.8105631852264861,0.8918140711396405,0.7571786686732369,0.9318984600844871,0.9614957665520808,0.8738946896429328,1.010872160382608,0.7519260805927539,0.7668212843282145,0.8581176916166023,0.7208924893466879,0.8601175112129736,0.9528841641584526,1.1006508048423451,1.0433470142084953,0.8788558742472817,0.3092065961517988
MAC000151,0.9931644024294148,0.7421637345024781,0.7267949312977853,0.6772274844520872,0.27899000614543995,0.16007104259893218,0.16788746236352703,0.03224516071447739,0.101135423867001,0.03125125037092556,0.01,0.12314368417159859,0.03653833020990595,0.01,0.3616053961607067,0.3320824541892388,0.3360278087138993,0.3718636454821531,0.4150663816075013,0.3518378031299098,0.7353308790236757,1.1055858762287987,1.2912073595979745,1.0385101881801322,0.8634520786707482,0.794763880883572,0.614551478706209,0.5187928070204013,0.31691644806995584,0.15275700330298633,0.0927512149055553,0.10735635216607495,0.1677489898650717,0.11647246322344186,0.13403830241268938,0.08749639780922437,0.08982860984309343,0.01,0.44992763933052976,0.3910734324059389,0.270437543877775,0.35148396966468404,0.43863646920858324,0.33432956284576265,0.7765195637855934,1.2674860690469696,1.3100759439027987,0.9583834908222902,0.8388528638183541,0.8601639321404952,0.709151370982253,0.5582510979049203,0.30946770429594583,0.10727759517258845,0.18860768506863473,0.18214812752402088,0.058497771335541376,0.12461482339277972,0.07360949503539842,0.05830162232375369,0.13050858750198008,0.08268923635685135,0.3745434087593225,0.2998750491982224,0.4262313339725174,0.344103963484748,0.2715744402566075,0.3939455344352137,0.782260278173736,1.115773805708572,1.343547618263644,0.9812213411345865,0.8212073008657833,0.8308459605550849,0.7084223790650143,0.6455994364506765,0.2672399664353462,0.0853851462646015,0.096612616146718,0.12079370688156671,0.04660884212445909,0.1284394744949407,0.07999574278305698,0.03782020270162724,0.07040185991460053,0.07356218084824093,0.37630409620215244,0.3574162405145368,0.4215125506386725,0.3223778821941696,0.3745559309934032,0.32371243360669627,0.6785201330779069,1.0917259481031132,1.2826523702876942,1.035364210190812,0.9434112924183585,0.7592383181595064,0.6363506824620822,0.6448102777740203,0.3310092402013257,0.17993490425159508,0.07618641605266668,0.10877584577714092,0.10216590177870123,0.15599813397161436,0.14505694331280006,0.09404852105473793,0.10783808882298934,0.09370798682775824,0.23889608900555115,0.3338658331035055,0.3036663896647949,0.29851744017351134,0.394940715709583,0.297522605046908,0.7047293216237888,1.0972930782631445,1.2714995363596955,1.0209841888584,0.9977022602834928,0.7444906818449034,0.7925688361968866,0.5825492802351111,0.4330105458164025,0.08512666078366209,0.09764307216266517,0.01,0.1722448563861287,0.0798802354416992,0.06662301385116783,0.14981974598595466,0.21793521099509996,0.1470372905723173,0.28720166194131774,0.32992375796617174,0.2554780650890517,0.391769409941407,0.34277783011701335,0.34454450997903796,0.7392400197216722,1.153326314117173,1.2698611547472225,1.000642063257761,0.8108335538758634,0.8236106299267038,0.7089447646453749,0.53912593659376,0.21578134788326697,0.11107736734751548,0.0746085119395156,0.12339439905233823,0.04040341734901877,0.13658017351955826,0.10520680106879683,0.07038157173819017,0.10062348358589095,0.07333517720768605,0.29737617495914176,0.2924797622129777,0.45705568583439343,0.45416782436326725,0.31885297916756616,0.3445949667450929,0.797379766990724,1.1178019958769103,1.385532710186947,1.1202987781319258
MAC000152,0.8,0.6699932093721948,0.7540578551651663,0.6376970556536693,0.530759544445066,0.30448293025402073,0.32811873746673,0.3308721135459524,0.6917800636568606,0.5169107083905932,0.32532820116848576,0.6109431749517367,0.3937226458570994,0.3540217021733453,0.40857778385965604,0.37315281013298035,0.3574364867793228,0.5634575794182233,0.48676219302599255,0.3444519727318833,0.3340732392333902,0.31629208379509205,0.3701005446573322,0.46568464188825764,0.4735314937765256,0.35543991749349985,0.32728625392108157,0.37364127008517956,0.4631826598959884,0.5843850750603722,0.5262710221685377,0.5503887676805221,0.5317643338873455,0.623453043766754,0.40829913802151474,0.4399144303180854,0.5138903180649932,0.713857602515759,0.35806082684196494,0.5767083897423531,0.46448480274986037,0.3240755248860164,0.376197927935916,0.305733134323792,0.37864965041143095,0.4850809907787432,0.5293577011868413,0.42505062877681143,0.3337489307424684,0.6326809955615236,0.7135649292034163,0.505475609770891,0.503615357700283,0.5119224573656078,0.4561876442719676,0.6805882356992936,0.5699389987210548,0.4900906027178472,0.5659578658873354,0.35773932045277246,0.3357915301507588,0.4935857084436749,0.4407760912217882,0.31507246610621004,0.31492618453255616,0.3326699536662769,0.5249906596994176,0.6319095267134969,0.5796407320929797,0.7584061892375572,0.8352033654101891,0.7550321088358767,0.5142984691296869,0.7293764898973989,0.8122701970060475,0.5025164062771335,0.3626807421398012,0.45303472172301396,0.5758218580253709,0.31656757961506543,0.3010815659633025,0.39888162461175836,0.33921724973023826,0.45552403585834134,0.6170551342632102,0.629281678422025,0.6430231443752127,0.4338115797680958,0.41501229299019404,0.38158820442739144,0.590880594183391,0.46447992490784756,0.6795820052006187,0.47656664958345185,0.4902946038173269,0.4980180960205392,0.5236985677395205,0.5592393255825217,0.5287290482147062,0.3324399397062425,0.4869688978876886,0.4385506986154466,0.5127849288444205,0.3588541479285692,0.34172425709301474,0.4575235916899291,0.7458229078620005,0.8671527392870111,0.7043064096252436,0.6621470396527818,0.5404082057390449,0.6441719081658261,0.5402242520112304,0.7355121788656273,0.33706300016235213,0.4197953199204809,0.5020232315681167,0.5262625235918953,0.7148970243693786,0.4139902742717655,0.3076186421992755,0.41308269856523294,0.6366182192099954,0.5005123527354993,0.7010302585853785,1.0396193223732093,1.0445437857974624,0.9233927294290376,0.7591978152290906,0.6759027240255473,0.6082096837362861,0.5352756185553511,0.31115872724730537,0.3723326771077226,0.38913196805427624,0.5717125933937346,0.5894017421589124,0.4073474755759984,0.3839337717347201,0.36379422386001486,0.47809065791862854,0.41182579231576855,0.48536795663463833,0.3526317141066062,0.4273294724326796,0.5444004474711353,0.45860675554502695,0.4486985973620987,0.5491751131722895,0.5417720061505514,0.5875821891244597,0.41357233383423,0.5138476803185228,0.37264404729062145,0.6673852520184433,0.6047715556178016,0.6942753601045957,0.5294178000954799,0.4399026612285057,0.3653925825563593,0.5149913284475768,0.8567261450054784,0.7607759231992768,0.9288379498492843,0.7287160493820439,0.6453960737068272,0.9818151138143512,0.8912189574226499
MAC000153,0.1446891406939132,0.11830619568588398,0.1674214588263837,0.15242465090821158,0.10495330317658975,0.11311142791109019,0.11477627452829396,0.08378551979613012,0.11100511776843,0.0705876974876684,0.14470962313752975,0.10822679747609093,0.11994991859896553,0.08850411075750518,0.08105413668451276,0.09621023828714528,0.1100721472266655,0.131984321078006,0.0962605071783877,0.11114022744076686,0.12421578671972222,0.057783013869848854,0.1397944612364315,0.10957477817115736,0.13444175306581466,0.10821881937282155,0.08193563204380415,0.14816288738703584,0.1655208189863996,0.12664671081664128,0.07493333829834027,0.10249036992263535,0.10048226052587733,0.08757838986302134,0.10836966292743241,0.15928273680015642,0.10666903304360695,0.09057544661960011,0.12438258364481167,0.12922933893723917,0.1100451640135112,0.07998802677510625,0.09532662107885825,0.13252131372189785,0.13196833135348343,0.13173150847963086,0.14688739507173493,0.08282860036617054,0.1273133280994746,0.11568423088877433,0.1518051022157188,0.10542010593358174,0.10950957266446984,0.10766748962438209,0.13193979766605587,0.13298875465129253,0.1278886260462924,0.10021511031912016,0.11183084025331942,0.06988149723466065,0.13175207609775896,0.12280030846729457,0.1300925704014872,0.09809018870634749,0.12432621079334238,0.10021267973699931,0.1236176744791147,0.10647112718749213,0.07937511782179843,0.08027598843577378,0.08479863945599707,0.15204383417287148,0.11387290430112434,0.12477756475603576,0.09573728566747863,0.1270496725527011,0.1581615087486514,0.13254458635619365,0.12968159252113032,0.13116866438629604,0.13014614552755527,0.09117102949286113,0.15522437800065875,0.12065035473423633,0.10865162433362704,0.11721511092332756,0.1537739286864127,0.1347800659087645,0.07816063706271491,0.1351954734252578,0.12077798887835424,0.12949695184150392,0.1479498438985765,0.09854146535279606,0.11081150171356245,0.12235706567704709,0.14938459668461646,0.12610653805693134,0.08260691562702226,0.1609286497725466,0.08720430138878138,0.14470536358939776,0.1645001705917054,0.1075520964756421,0.1608009009169035,0.10911831949679582,0.1152292252481876,0.07588237903022566,0.10559054340599233,0.13844834055863894,0.11867491022544262,0.08825106789073468,0.1267363828384681,0.15321632421433456,0.12149282660807804,0.10639175762750452,0.11975484818571448,0.12284189759220103,0.10912378710575366,0.13746787325406554,0.12992546421895426,0.11084937723304587,0.09989396248476841,0.12062537762592418,0.09151162228787328,0.15493123935885397,0.12427918209540523,0.14972715390860558,0.1627374940873773,0.11079779645628084,0.13533167546183597,0.14150232030252866,0.1550327422103808,0.11230162121466335,0.15319458066940714,0.12645358347110253,0.1073234744280256,0.1151290756398876,0.08937745250840803,0.12942276572616188,0.08469159676468908,0.14823388733808548,0.07381099162548621,0.1445244533496307,0.15650363115616614,0.08548987592363727,0.08346389717941666,0.16480661719792236,0.15327099085703788,0.13162648587811693,0.09190426425960771,0.11334282553846116,0.16206753905204885,0.10085396620502085,0.12315705275854834,0.15431446251626701,0.12274123479427868,0.09996522292351633,0.15917460774488956,0.14688948142906313,0.15041965330766496,0.1377845513207806,0.07566848012977134,0.15801578735907024,0.14545933238783554,0.12455291716976155,0.10505490765461684,0.15914177292246512
MAC000154,0.7061872814220794,0.6694382009898662,0.6022884916000059,0.4303609428801561,0.5693297122273033,1.1157239633200828,0.8561158423202226,0.3578431201253885,0.23842836276702897,0.4928622380768811,0.2263408241598875,1.9316485265372358,0.7286053518142809,0.9643574381331914,0.09557361741954293,0.6295300916083019,0.6078182740053355,0.4581341349025366,0.2462768357319702,1.3507847149372976,0.29699591303696954,0.9187723729390732,0.4687637603517486,1.1882334171652533,0.5635298163392544,2.3263846495391984,1.2485676023961314,0.36353603557858283,0.2751293524216842,1.2036562923571328,0.8103330206211429,0.05310767718946259,0.5962207251437853,0.5195872774319102,0.6858925046668185,0.26215534273089613,0.24558050710138346,0.31581516879106314,0.49025897837344923,0.20874673400576374,0.7315632616896363,0.6765449466748281,1.7236315267775533,0.6423605781331841,0.165760064821235,0.19970249531796075,0.2738251797521615,1.8798188778689275,0.14933561524038078,0.32439295499307624,1.2925150669643826,1.5089952234424804,0.7775915029094886,0.5221031602297106,0.5767098841377687,0.36112543745477194,0.140244513505349,1.3065167795793986,0.3921287843432209,0.3005438406455951,1.0013918867509466,0.69543762086689,1.0164176605261757,0.4885813415706116,1.913548620030744,0.6233074203990318,0.37554057174691136,0.5124122637025783,0.5335072175520448,0.2603210113835197,0.4271904489316361,0.75484649417773,0.612309197998896,0.7734327836476126,0.4473295554384627,0.2481064394674245,0.19500996595915515,0.9894406486342856,1.1771199894447533,0.3625688043031419,0.3160438568835421,0.2690903619945849,0.4480361819823208,0.05234463008370339,0.7503156432791384,0.4048673210571256,0.930026282967542,0.5153076213596124,0.36383722026612525,0.5726379209525478,1.2019709888400218,0.5978151587877387,1.0634593486762756,0.5308475717520907,0.28981494297114235,0.17394973741225342,0.8853751799841706,0.5356920385933014,0.3310659326660616,0.3272739481802118,0.123694569698542,0.6134411740731129,0.74602610119646,0.7968849030639428,0.5072325139142305,0.6671623401169443,0.786490027830543,0.5444532979176075,1.147170334842201,0.24167502499369717,0.31478701912424784,0.8081892763968963,0.08617926867651775,0.4428594864302305,0.9629811288285217,0.16777416967701714,0.46653609377464617,0.39662299403697676,0.6109967841922587,0.39287232353375184,0.43354541046692746,0.5704308480333448,0.16604134955975358,0.38981067422646276,0.2501113795677368,0.8821758523865683,0.2722815502942977,0.2539664967673133,0.7147321877985231,0.35849528027765404,0.38942523839212934,0.1886821242178334,0.43578482510042915,0.41785667179446717,0.39099960373019094,0.6291975063125642,0.2255647655619482,1.0086916920712365,1.0798143981221076,1.164850569421842,0.10861645832416696,0.5394526641516114,0.4210125855903618,0.7600593402055721,0.886689012141225,0.7492134936828039,0.12097206961888823,0.6314085219141642,0.5487300727864809,0.8591024018765658,0.6357740011788341,1.0972410655698677,0.7393908396597634,0.7349433857094992,0.08117632767723508,0.21551805434392876,0.43786525103124496,0.3945719141015089,0.2083014344184203,1.007543402110451,0.6961821056489274,0.22354536819044177,0.1394874269574126,0.5194387936960985,0.7422885611346818,0.7935434555006393,0.6776748277187178,1.0718590368532164
MAC000155,0.19013819847089752,0.21170639318693185,0.01,0.12800701525938404,0.145990640383392,0.24623498228276455,0.459253924715853,0.7829986257033743,0.6461383384944386,0.3961530298536509,0.2768280522718533,0.3466212870822813,0.39185182524709,0.3376170334373802,0.2852923616805232,0.4302607006613293,0.6393372219130441,1.0732676962988819,1.3757761602137684,1.257586353409675,1.087585531017922,0.755142884049125,0.502800493286386,0.16373517771819263,0.14315603903719384,0.15586992793622406,0.07742969792861802,0.10092837041327853,0.12779952591227098,0.1672752720945504,0.37901119288633567,0.8257825088869118,0.6924492207932474,0.3549531460027733,0.29042358444028754,0.3560130248967967,0.33450407958094003,0.31047225620094526,0.3085772959817395,0.48667472746133905,0.5745142055771452,1.0598779165499315,1.2966967991880387,1.248207245668705,1.1136737527887477,0.8042746605243885,0.4448029208690701,0.27156358406290243,0.259421193693558,0.21908364952814025,0.08964788175303146,0.09739356272031088,0.15525364592473223,0.2599517655504996,0.5282489456548354,0.7150342404875366,0.6608380966796774,0.33171687052782795,0.36938894742435147,0.3611352689198214,0.42836505722952456,0.40356344033893216,0.38873873300327005,0.4237912605581296,0.6347182917579557,0.9645480193386544,1.2915699603620832,1.312389805706623,1.0755269221586983,0.7892112264970762,0.44545396248183583,0.2636800405868792,0.1634504627127342,0.09393334123358996,0.13182257211891343,0.10634417631081881,0.14249795232743792,0.22731340118946958,0.3257895596993089,0.8472190013252893,0.6091405296195974,0.32260294839214926,0.45690939768825367,0.37806922546997257,0.4281126282541352,0.33855195974044766,0.3212047364012013,0.3830108116676751,0.616857857566421,0.9268369829631791,1.347635646863905,1.2812080224001012,1.1329836311311214,0.7273539999617549,0.5255099549012704,0.2910249131611889,0.0946801895754241,0.14712240989555708,0.1426502618278096,0.15968542851897527,0.12566294033967873,0.2460832372231032,0.39031832543482375,0.8228376929228745,0.6629111266808029,0.3405012714647219,0.30951861458879637,0.4402479805522356,0.36754090616844937,0.3973007293500608,0.3539485885379203,0.4374588560214936,0.6752186775160551,1.0840071514727385,1.338328862480289,1.319730922001276,1.076939141821405,0.8764506477487621,0.5074119466558125,0.3056265932250751,0.24411554360216803,0.2597071503274879,0.15107288523596596,0.10592722905533045,0.10909388326313847,0.26788841661684176,0.36253721117126764,0.7553821849266587,0.7019949628715664,0.3160734442519192,0.27386092102092086,0.7297470632909528,0.7727050975420461,0.7153413546315189,0.6603207409754509,0.8034123826055634,0.9662969580795844,1.0184415357707204,1.3196955800714787,1.2884110074648796,1.0722516815847374,0.8239767605510755,0.5275461836534737,0.35047043669413896,0.22782963410675117,0.11747222341817992,0.060140604282993455,0.09835383173469786,0.13576880408406022,0.26917219155244065,0.42018035053948594,0.8521955373573052,0.6633315538824422,0.3881563558340534,0.41062833384460967,0.7817750657418091,0.6843327047205383,0.7265540722551856,0.6969748485240629,0.700717662300819,0.9913962424579961,1.0307238862537598,1.4096062706019512,1.2193328310031655,1.1108060483492932,0.7282197147233994,0.4826757357619586,0.25024677181288996
MAC000156,0.21159389894182282,0.09148316991369822,0.13639851226878566,0.11960327060375012,0.09507414530750735,0.228069273786604,0.89484730607848,1.4202821941218267,0.9032254907595134,0.15190458947406635,0.2443237494575279,0.16496178829684557,0.1907745824467443,0.22214453978195953,0.2596470223064199,0.15119531811718712,0.21512327535797202,0.7721634340208451,1.549701030696462,1.6670888462214732,1.2473520571281027,0.6678924274997111,0.01,0.01,0.06002523043455941,0.14710046051007775,0.1920564430855301,0.08203344788774819,0.14755064003280202,0.0817717414286391,0.973283309352427,1.466872620438263,0.8053068070990554,0.24058269994456682,0.24418949082884628,0.14271522334741576,0.22707368639303818,0.17121800197559622,0.208529996093852,0.18511681094048327,0.20376865114845216,0.8553249657547761,1.4602717679240143,1.5311562340016387,1.1915768487904173,0.7634141815832332,0.01,0.01,0.17974677189834484,0.1906249154092748,0.15602499915998277,0.1417990121176313,0.1714489893088361,0.1006294546293163,0.9450988425822054,1.3764133182850682,0.8902231723212488,0.25448357256582166,0.23525123228393668,0.18522324756057226,0.23700058698437879,0.20140087029921291,0.1745177119280907,0.23157524936542861,0.10721001913481189,0.8536452809110218,1.4659432021083476,1.6552537874611788,1.1394486361219676,0.6874604880074057,0.022697257652445048,0.04353465870785564,0.0868478941141268,0.07513723385165397,0.17249258949757765,0.21645870031190959,0.07590132488623544,0.01,0.9865056012226616,1.4089206591363443,0.7640338903757479,0.2052356011751999,0.29956167397481426,0.23520488542781057,0.24135587403183556,0.21041571360842246,0.22617550265744696,0.2871933612017536,0.15719780629405827,0.8473100838064388,1.5157142823275642,1.6154605670142832,1.1567384612239946,0.7291835066210663,0.0291106992664429,0.01,0.1937550857752728,0.1255623905560131,0.015228265224905613,0.14888585591890457,0.06326149284707029,0.1928177830369205,1.0042726219612719,1.4666425608919411,0.8092775910111075,0.23237394108589665,0.1649387222569981,0.23295988764789224,0.1625798896657839,0.29630571412003204,0.15303564319348623,0.12040961398519051,0.1940920719747048,0.8389207726100845,1.6333243110739653,1.5824320737140765,1.217087545970363,0.7080994688614743,0.01,0.01,0.027101128539836747,0.19776821626435886,0.08167553934675917,0.017109462837193806,0.10206155054411738,0.18232476394282357,0.9362437713358028,1.4418280043459115,0.8902447041958984,0.2544253485465684,0.071480629637552,0.1784592062222976,0.22405333082086223,0.21179060883830408,0.23011506804356838,0.3364976448682663,0.15383984757668745,0.6968236494671716,1.3957839261719516,1.6646851905843907,1.2059504234973324,0.6336949087092878,0.01,0.01,0.10371892604475604,0.025734594302943017,0.1510370806627697,0.15728280084117272,0.12784292993167093,0.1175824289310776,0.919414927570525,1.418744225704449,0.7205251105986797,0.16043019494617095,0.21302419353139185,0.16556243852973204,0.2465079336124389,0.1347459859432933,0.3197536081991891,0.30601722527331576,0.18815985948811806,0.7344508686146932,1.490639163833122,1.6792962200979684,1.1970041441688963,0.7278447612514191,0.01,0.02860529438620046
MAC000157,0.10533626709001602,0.16625312171634424,0.1627059930206965,0.13347506772210238,0.16743744352705273,0.16350422824725702,0.12216190009858345,1.0221802049019213,0.7613783849314211,0.9669453599658167,0.7936316595898149,0.8130514145927525,0.7935380730613563,0.7789332126278621,0.7626800935853416,0.8363209964233671,0.7533985650689071,0.6615007227349146,0.9915630495390566,0.921986401623172,1.0610071698356387,1.075418218460434,0.9026340461034301,0.2728125039495345,0.08741013898839971,0.09351996305659754,0.13887508283150082,0.08272400720474882,0.12549761453813513,0.11917278267721601,0.18824033166194665,0.9692231811679438,0.9025501329502784,0.9413093540746064,0.8367845806934022,0.7643457762740324,0.8897087013475087,0.7377877146167915,0.6708838486226978,0.7770224164996291,0.8229162091456091,0.7486518163146911,0.9628912696326896,0.8554393732168529,0.8985591507418952,1.139578988252035,0.8667261615029893,0.2760529230363556,0.200067305056763,0.14539951621933286,0.0952157008340817,0.1624289091991813,0.2129196660048414,0.16154278288301527,0.14649526160773904,0.9152510179812381,0.8932100987662476,0.9314643892997189,0.7648942887955746,0.7537698219497138,0.814261620911673,0.7230028034211449,0.6810619958388312,0.7601212681115568,0.7799061661262022,0.663034483304338,0.9888033602540649,0.9355575334633002,0.9893015213768389,1.0324078433088448,0.9257943273499524,0.3749012416008391,0.08743181659275338,0.19802947208438393,0.04602661454257603,0.20488972769400815,0.04299625477790839,0.1567575701239944,0.15208744806647825,1.008427586696191,0.8894404105106603,0.9040264443887925,0.7433589086462886,0.7504563544011191,0.7949731039090607,0.8139290918914017,0.7965939103139897,0.7683404509409548,0.76691824496292,0.7370951337775926,1.1139670285952685,0.9870462416858059,1.031553615351884,1.1385524524645754,0.8115962503337735,0.16541092775592478,0.18722335435486584,0.1509275103474167,0.1002494897361767,0.14159162583736631,0.12283343073990444,0.14332938976498413,0.10152190139297958,0.9941069783731293,0.8196238100374245,0.9653186820510339,0.762007460609017,0.7831241738636927,0.8027341490391341,0.7727133961965671,0.6847886177620905,0.85720377238403,0.778729943543566,0.6666300339618709,1.0316124063792598,0.8141526944554975,1.0121003704714078,1.1498818579686994,0.957287287541936,0.2795579114210892,0.08957591846031154,0.1801620468439199,0.18753079021911395,0.19409716320189457,0.1286077792705815,0.26273523937619053,0.1469264494734855,0.9708732475196168,0.7927733003591819,1.0286773687769566,0.7126841783490185,0.7437701206643292,0.8856349134948255,0.7775526178960969,0.7708535190993894,0.7783285979817925,0.7851409931363231,0.7294000840019209,1.0247366126428832,1.0076570581480355,1.0397751715936847,1.1731706953380197,0.9257808657199391,0.2977998763215419,0.09755348917662077,0.15354091810511528,0.21902581768006468,0.01,0.15259072984220973,0.17607211355689867,0.1271562155480362,0.9067287463700339,0.8360930086779498,0.9890895809080612,0.7560654904759228,0.7354103628558974,0.8223239553645747,0.6850384945761675,0.7493933277929763,0.7532065143263627,0.795354794111923,0.7257374297054745,1.0176399728844405,0.898846001050246,1.012450003316081,1.197782516606493,0.9404482082900154,0.20347273278640118
MAC000158,0.7702315682704736,0.6620141736510553,0.667683989546961,0.48703657753202534,0.23563034944876338,0.05950069274059913,0.12588417100334098,0.01,0.06577065560480039,0.07899488174723056,0.014551188761431452,0.05827033214147237,0.050294695498024365,0.08368156075342034,0.2679592654714103,0.20951662679980115,0.3410028873861354,0.3038123269276869,0.3051469986154099,0.370994018191079,0.569881139250326,1.0058941677025692,1.1149581956715493,0.8026684000921194,0.766024911784923,0.7308976082294975,0.5224888359804815,0.5200598204989898,0.316759747241668,0.14658932626212245,0.05135056663438421,0.04324869525894343,0.034903038117694414,0.10347516770000874,0.05223420290078321,0.12834543175032276,0.013781580756973943,0.09693090138263916,0.2990622746293682,0.29171629598974613,0.32706801487354303,0.27854822444173544,0.3631746435699344,0.24950893459403772,0.6457438253709681,0.8749777178155026,1.105061483200182,0.8019098044340123,0.7245501272456661,0.6586567003909015,0.582617849575127,0.5817199702912899,0.259225782640959,0.12734120042913016,0.02932460644807778,0.0982029103857935,0.12843151676774994,0.055549168549509066,0.1002532290729205,0.07187307503005058,0.08120251025343866,0.05948010484683087,0.255942020734139,0.374457208380873,0.2849838968283738,0.4304744108693007,0.3094016121618883,0.30811207276269625,0.6245572159464051,0.9202388117846985,1.1764970671456163,0.8584918090046777,0.7925562931188161,0.6757641409538916,0.6052624419585437,0.458708543068015,0.36468196710932715,0.09055723532414431,0.0661030295854089,0.05736370166163493,0.08996127753709446,0.0517913649702341,0.038793951102836136,0.11269265496248074,0.02959849966286736,0.01,0.324855560650489,0.3226624524730296,0.2949971676092242,0.29499990700599793,0.2941595105045719,0.31904550725200903,0.5986204201567471,0.9760278152320202,1.136969408175332,0.8359531265207811,0.7768654377515232,0.6999419996239312,0.5056295272740708,0.5043649991638945,0.224123131238042,0.11549888172231464,0.0276215026831571,0.09204562348893706,0.07580543007616236,0.01,0.13940394633745506,0.10574469036359246,0.04235706372761828,0.09746475876763894,0.31034982834605396,0.242582698784085,0.25980829912134185,0.24407915097921143,0.20276922769393294,0.3626099802981466,0.7069771815645614,0.9117836871242357,1.0690752829552574,0.8117873288762777,0.8022870803264507,0.7353697958774348,0.6368786018203336,0.552930388211749,0.299276949207556,0.05967134875035077,0.01,0.11810492736127481,0.08300751529452868,0.10833204462901505,0.07629401938360007,0.10243273379710824,0.10944981237471016,0.08313972600450266,0.3975278570114415,0.29663332881534343,0.24658503772752535,0.2979833444916007,0.27638296804422474,0.23548930610291455,0.6818031431060626,0.9571484203828533,1.0723565283993919,0.8737890572944254,0.8182123141279048,0.5971315064591779,0.6856058484823525,0.4511941446036667,0.3118572418490422,0.01,0.12834545127314828,0.052902634553419606,0.1995198020105972,0.04749339336342733,0.040608929440525056,0.04665490869787774,0.11183752876378199,0.13630937805966975,0.25060695101341834,0.3260771782383745,0.29201272320345195,0.253503404799622,0.30562856810611505,0.41756414514580686,0.6097180742099912,0.882537567849989,1.1462357737719169,0.8879620759467808
MAC000159,0.8,0.7011651541300097,0.6418586954987205,0.677735789812189,0.6103822030053005,0.3817440928435243,0.36577602541815557,0.39062444148912895,0.4181778165299036,0.3289422608617333,0.34704511407648125,0.36113473529823614,0.3471028796592714,0.4918115767434344,0.5030703688065212,0.35700325443727804,0.3257253412555777,0.44144824918799735,0.4751353264970382,0.4003360846326683,0.453578693423259,0.4660530142996775,0.3872115165381099,0.5094901830214905,0.5036149703539055,0.5566868257274911,0.35946353681090354,0.44214008923509945,0.5379190205104772,0.5047606636617779,0.41954393259018585,0.31758967337948973,0.4205105888463758,0.5790257780341381,0.4027067810650931,0.5241763036758993,0.3813728943343537,0.4133927593723256,0.36902734912684854,0.5824729102896493,0.7061550153013239,0.471905729499724,0.49919517606903474,0.3676815438490561,0.41083322724308147,0.5441653380194009,0.476514008402967,0.3911050087265785,0.3187314059654625,0.3252743026205213,0.37443016411719265,0.3257418843905709,0.4376001418628813,0.3672726024160301,0.3927954185471378,0.3385633658600636,0.42522526531914717,0.3447736087864358,0.45646969101860346,0.35398059629059475,0.6173891800941884,0.40584624619454257,0.39932248326543157,0.41247814248528725,0.5345583633796217,0.5471449306394451,0.44004705147985623,0.767539596266931,0.5458453492859187,0.5874448488948342,0.3069002426308577,0.3630910512253187,0.48147996888341293,0.40099713090122524,0.412537631393612,0.5920445957522733,0.391210105361955,0.4347235065531204,0.4814354933757953,0.6404455977738595,0.4592064100429609,0.30785573522505844,0.47248839185884345,0.39560590458148104,0.36312343275520487,0.42165915836198736,0.5990883993150573,0.5284988879953274,0.9035291021884748,0.7127685454339068,0.8408529331643786,0.5153414725367531,0.5673621284774826,0.6247317508174957,0.537237063482404,0.41891825607023203,0.38388172534172643,0.6060854690152557,0.5119335722504128,0.47078454310223766,0.4456448357461631,0.3223960835621305,0.4328131853572174,0.5695103180864131,0.4099118468590927,0.6747932420702238,0.5386350225762968,0.6608069765058009,0.36024537172703425,0.5634418586536545,0.7126298138579732,0.3399962599000754,0.5193926228135741,0.34350843754462396,0.4528063503062292,0.5535653470699825,0.43613819514416347,0.3594516175966818,0.4044230841769152,0.47903824208722723,0.3163682558518436,0.5712774474473024,0.49699711267242974,0.5849662364184154,0.4829714345699988,0.46851444231472716,0.44449948547150964,0.4350456153057549,0.403797740586954,0.3130261407069558,0.34774030601816325,0.6217877334643125,0.5131134531679075,0.39009920448015223,0.3751702637763366,0.5385627378643527,0.31777665688952184,0.30831241579713664,0.32584539140283075,0.34276969255167655,0.5518819687433061,0.4043536117050653,0.5477108370012556,0.38226578256067517,0.5268710084442353,0.39111050847314865,0.343906830476943,0.34273627034423715,0.3183558025229627,0.5636749172056427,0.40797642452148347,0.6333913295000051,0.5086771120196587,0.3475096984778623,0.3817921715339815,0.399381479553097,0.7527214335961445,0.7786119817600253,0.7307425158541275,0.8652732330842525,0.5315163624069567,0.5901636226633244,0.5874004282483324,0.35196959880012946,0.49221006120012245,0.7078948869118612,0.7972197361550071,0.7769393757132663
MAC000160,0.15016675238578853,0.10936300856847257,0.14695161314621852,0.1078246984206278,0.11662757223362387,0.15799466305956752,0.10482989247875857,0.11705530252588169,0.1458349825276474,0.13875830990582796,0.13068525093469177,0.13987863779226922,0.1105406474971886,0.1466074323283766,0.11195878853904376,0.08037069197752922,0.10692118162971052,0.0986334803147984,0.15097656794915,0.09348378886287362,0.11122312875366341,0.09815103904591871,0.13383650530294794,0.13890198402196652,0.11343752865699921,0.08660747887915074,0.1503527349309785,0.13540017970253215,0.0788289617564319,0.09566865165449467,0.09399016157399719,0.08170292921507022,0.15540965069362864,0.11777276668239751,0.13583658514719088,0.10757629566372522,0.11172373678541321,0.07918936674472672,0.09521330960595291,0.08955924096709382,0.09564953032100763,0.09710655262305001,0.08439726372057565,0.13879026468457192,0.09055601378165357,0.11426833606543275,0.11539186177620558,0.13321927804167424,0.09573113227619799,0.12868620860962948,0.09177703310608545,0.1278919723524961,0.14383936448989088,0.09631449354574412,0.15903001481899182,0.13496468525119745,0.16143612565359625,0.10299548440138112,0.16093931215941706,0.11234695938756861,0.09704619650361827,0.14408288531782618,0.12138137529608953,0.14989525755505156,0.10260711997812602,0.1270823724819422,0.14651882454339427,0.1250727630284026,0.15606933587985655,0.12863052258054766,0.16732827837359437,0.10796757946426568,0.07457033820938049,0.14350855840928145,0.12539021023089295,0.08915019167252353,0.14174626463094916,0.12328834969747797,0.08424779727901362,0.1288667662028519,0.062344615490863634,0.14905908400690243,0.16046324666946746,0.1330389320462702,0.09971074089900311,0.09353822544726562,0.1368179649167821,0.1384040096428139,0.07566265552045717,0.1205245482958306,0.13842642239149855,0.0955820542270615,0.08585825754726063,0.14724652112423212,0.09660574853827995,0.12475837730965961,0.07466977553354365,0.0661066699550531,0.07577700431623367,0.12288211468244985,0.13247079740495088,0.09699048984666661,0.13751674030895622,0.12419103883076688,0.14978495076558046,0.14496569526096742,0.10159251929134727,0.1165589615694271,0.07833066461210471,0.1553069571100496,0.09803490002402176,0.1263292639794779,0.10573278865537408,0.10067060868450749,0.09143768099540375,0.14473316435832348,0.16248963969349925,0.15128459738181516,0.1648581069796475,0.13879886386322782,0.11309418493643404,0.11747237019844502,0.13638002873015878,0.09913354621338205,0.09947850170041213,0.08330256865898666,0.1230204533794987,0.09239891758116943,0.11689529776828311,0.14051264320576565,0.08316053028376286,0.08856528602841454,0.1025690239856826,0.07301144627930432,0.09138545228273431,0.12748375460386177,0.10881695593208714,0.14771756118043045,0.10266898155724492,0.09711306442146275,0.096329312385224,0.12253197932677032,0.08753297902033795,0.0890742210956416,0.0944301261949576,0.0870450776393505,0.0780643515031764,0.11227706228342633,0.11737027107864145,0.14436571453225674,0.08512434830301245,0.11816722928688604,0.16385658706526235,0.1607602387412477,0.11283807062354505,0.11922921560535281,0.1292777387578891,0.09398192764607846,0.07477113419093138,0.13596993823931908,0.14193778885521566,0.12631883943180555,0.11785873620930548,0.15099040722950727,0.12031858956328982,0.1423472369832758,0.10270835576627507,0.0785055456542768
MAC000161,0.45952936193151483,1.0929132271695405,0.3528129068188388,0.03388704004475246,0.6415182566410772,0.9321264460255612,0.9534511639243106,0.8665399495207802,1.3239983786969332,0.8073938386314183,0.6723083156113141,0.9462369396611111,1.1882981434405395,0.39964604265245623,0.35380632129307427,0.5394921058555056,0.48492180454850453,0.6738206404033922,0.5519471582350719,0.4731383483178762,0.32094340795916987,0.07531077936205327,0.4834806337171302,0.23969384641165814,0.20810415759837514,0.4014286672203294,0.6039479981677801,0.24702733493308854,0.48783517707959567,0.2814372192840689,0.5713803425988917,0.2019440714241582,0.31019658775042164,0.8944588716986784,0.4227165043939196,0.8299348085576813,0.9660961338799856,0.1276403982091992,0.2593175034627558,0.7144165270716407,0.3887603583702112,0.7738375689203726,0.5139764526002049,0.2707894160175943,0.27621121409364774,0.3130407930955401,0.8153551182066053,0.6438589089323432,0.1290194153086932,0.4815631073836308,0.40926482346032844,1.0429425052419405,1.008239336149142,0.6097059043666441,0.7824074190688546,0.17431835621367825,0.6328924210865821,0.7117043598057127,0.10820825818239467,0.2242237269356567,1.0687658754611766,0.10304664293809364,0.3673742293802687,0.2228124411622042,0.27678071087545436,0.43829399407837893,0.9497954840027016,0.29875769610203534,0.6341750437115632,1.1053324898440802,0.35405346334191373,0.6386345051699901,1.447745873976612,0.5347086509963219,0.2859558998359165,0.6466068278081472,0.6101722455425539,0.2796915755112488,0.12160175123165934,0.2590445428810467,0.41295617385493255,0.5433621081881,0.465981595023096,0.8729968429213428,0.6131861326272668,0.2823425387289327,0.47868999066900575,0.9981573064770274,1.5097418662811053,0.45099742397710496,0.2962503005137131,0.741779926051165,0.5789045346614932,1.166388738505063,1.1883991789802009,0.8450871350005605,0.5388378122998188,0.2965430934161658,0.2462342846039115,1.5685748741692156,0.360294133836724,0.10830300850604414,0.7761344568588567,0.23450081154668695,0.3196626636443181,0.7000611420115684,0.3154488942614861,0.32760596070479625,0.2936841566441916,0.43254676738062814,2.567807650020247,0.767824097727701,0.10875856690457171,0.2575067963366119,0.8220942465446999,0.1258466702808906,0.8863401254077268,0.3142866754455895,0.7744555376002983,0.2598449866699991,0.4612728090202947,0.16688728679545714,0.2369571066588786,0.29199213502581267,0.5331568467807251,1.2099504420875877,0.5130679840283956,0.7421099892762859,1.963678779004097,0.9729367967690652,0.49525919309521893,0.8507253958302993,0.21458890743154427,0.18343566829074656,1.0766848837419956,0.6989941335680033,0.5684778306438203,0.5068797749025823,0.5289176415232788,0.6722314480451984,0.08249023009599425,0.14089083918073486,0.7085698074615764,0.8033567329563264,0.5931144142620379,0.42825698819242997,0.3021562020885498,0.1645924722156966,0.3812550339062316,0.4474827174187735,0.3097811184165014,0.9927831292854296,0.5665972330054878,0.1271923605933076,0.11241006719010158,0.6142327473643833,0.24735559017114658,1.8137519773574422,0.42504203804884944,0.1492255865693621,0.5311975475819992,0.3988602253822939,1.1830950531943698,0.5593085162955672,0.27862599655631154,0.2151223206584503,0.2605215683557478,0.7173922683973767
MAC000162,0.1753525540566941,0.08996058214184885,0.2109116001550891,0.1345723527101912,0.30507152358845463,0.25910135167650705,0.49066132670068924,0.7711721449640851,0.6851712573648503,0.4105272133253803,0.35854080003407324,0.28566032373928046,0.4050691619003547,0.34058349165076823,0.3425944011043467,0.4687937329148595,0.5955964511907361,1.1378645828114933,1.4127916232185824,1.2949326409153654,1.1037561590503067,0.8109197362175788,0.5530364812099842,0.2017580176477045,0.2134687461855213,0.09618278692053694,0.10288473228209982,0.1204136223587238,0.09615419961805594,0.2310307904394375,0.540676657435089,0.8336199227340461,0.6502476643194497,0.3127337142525545,0.2767612649535715,0.2736454038410372,0.38832146920816407,0.38214285239763846,0.33216754736107873,0.3981539022734245,0.6291053054066259,1.0618425538054133,1.3831686160864487,1.2685407911986584,1.055110274588888,0.8658800744130053,0.4534409611226787,0.3351804120078577,0.15270435502360968,0.1430549033978436,0.12826645659901226,0.0926574475303281,0.07943352014843601,0.08016257226525048,0.4039401444740354,0.8060355844969078,0.6940162792923735,0.46925194070278997,0.35804501918077863,0.3672104606882108,0.38817187008152915,0.3861371603126388,0.38748679457859253,0.5213808843557608,0.6238533570212079,1.008677254590722,1.3526069984669293,1.2274518479248027,1.2267920109096766,0.7374990690959027,0.4567325500121292,0.277459635587645,0.18001913155856933,0.1330347583012336,0.09171964477338823,0.09141783209683788,0.15951528101052492,0.21698213437867747,0.4260012448734122,0.7891190521343674,0.6444714862864803,0.4452074879436715,0.35159221330060914,0.3952469795210911,0.47925259315718444,0.4389324753052914,0.33221286889471924,0.4043446508886078,0.5847712088887741,1.0044979617648866,1.4143444084457273,1.2784975899817779,1.081915178701676,0.8351552695750306,0.5351017030125124,0.34780002244637676,0.23138807099777753,0.09628122719408139,0.16987767057144162,0.09320341428472792,0.16276171553284646,0.22361391313905654,0.29359103860947267,0.7880437888093337,0.7277423851211747,0.4368407009145061,0.3318182675916818,0.3262737376621232,0.38004226705302313,0.42257254948650114,0.4060296570654508,0.5141902178483552,0.6093586221635416,1.1756850223435205,1.3368815849823177,1.3946590307819415,1.173329279450023,0.7911433126288149,0.5029064399006757,0.2553155351421794,0.17787316993724445,0.20954001820930243,0.1108639754304816,0.06085320474529007,0.06249371244509379,0.1783523968822651,0.43475136366730216,0.8676590598503428,0.6340655643118641,0.40415150343324896,0.42945969528660155,0.6323767179551806,0.7732655526963516,0.6918714312523851,0.6526716911022558,0.7906942997554256,1.0544684346871194,1.0388934192595323,1.334772489501887,1.2237682015458415,1.0992314965928256,0.7947286912695869,0.4316118846291428,0.2540534594175757,0.19398640692155175,0.1149600729571567,0.09624325406988904,0.1020187370789387,0.17158595588222292,0.22978743708452698,0.4210283993142612,0.8285800844307807,0.6739210099510462,0.4205725994680314,0.25150779045739113,0.8074278753399042,0.7388153558577021,0.6982423742886227,0.6827581932501033,0.7829407370096432,0.9192680026898639,1.0481796366029055,1.3809166219636668,1.3447811983383733,1.0462940771772395,0.9022368980645437,0.4480144696540038,0.24809605670247498
MAC000163,0.11107220471323939,0.14144511278682065,0.12732126124552187,0.08325421835771284,0.061668108824704713,0.10237146075360178,0.9187280253732768,1.3977913295929305,0.839240268247871,0.19399518770374313,0.25422018312963746,0.22377293033278262,0.23488982658386753,0.1764880006386647,0.26922194682917727,0.21788234974804604,0.2709211621676443,0.8640171585155616,1.527743671491341,1.6102296859010978,1.23549688857258,0.7034027987981877,0.01,0.01,0.2192680712745395,0.05533052256054548,0.0267931090993333,0.14231735192308856,0.08693539696425295,0.10814258375508591,0.8542812205443882,1.4557967423251625,0.834412152693278,0.25260967283870595,0.23264696630432238,0.19058656993615936,0.12447486489975579,0.1651982135240242,0.16256985170141247,0.14992911186638155,0.2697996765969647,0.88977924610471,1.5123303632106626,1.6809568774968942,1.2433365958191651,0.6885448151401431,0.01,0.01,0.04443420625736787,0.14417890463978064,0.1701552155692463,0.16829499584450805,0.07038400309270848,0.16713526219504618,0.9558848468620962,1.4583565887841246,0.8132139861402077,0.17888175552577723,0.2417750521642797,0.244931562945502,0.1946458967399519,0.2264829356171045,0.2282553383444497,0.1999099574696735,0.1703836106068785,0.8237695068154434,1.581259836859509,1.59716565366986,1.288298279929527,0.6809335696001355,0.09089507883475552,0.039968860410502745,0.10097311741613753,0.055362721386518654,0.09556129079876498,0.10776558485312313,0.10653322957012777,0.08943787222853788,0.92447133144213,1.43094015111235,0.7808328771221115,0.25792493046230225,0.2612038420662349,0.2057940534240436,0.2524107040254895,0.23712949082549692,0.17497186659378128,0.22675563666801726,0.16101852189247723,0.7732804721723109,1.5684301198307717,1.6661664414660926,1.25290102529031,0.7248127165501457,0.01,0.01,0.14176585068834943,0.1598054574437096,0.08747711174489803,0.20783952682440582,0.09106075671698746,0.18234674813734844,0.8397871425125463,1.39371894140595,0.8376099335309862,0.18923278417970732,0.2463793722766135,0.21822984103585327,0.27720603478376415,0.18009395790715108,0.15038634913963345,0.1938058566708679,0.1846348723081546,0.7867193734887344,1.494555335610006,1.568866498131258,1.2950242084849388,0.6434836824195732,0.01,0.01,0.14096998227949073,0.12073135524206814,0.05120261403501157,0.08342165538817242,0.12033542918390899,0.12267152534539408,0.8628597640533654,1.4668305449302568,0.7751356417742279,0.2887007642280845,0.10871934151207602,0.23173531266528966,0.21209790240968046,0.19622252677709756,0.2359428001073946,0.16871198018069605,0.18896559434796661,0.7656576089391772,1.6047367468370617,1.6133893617207067,1.2015324594249381,0.7830888414351025,0.01,0.08269687826570966,0.11779651619518325,0.1737356249729748,0.14895871922191423,0.025532190998291265,0.1564839889550057,0.06953296260224205,0.9105460603837655,1.5202907201104723,0.7921479705050434,0.2610088219654174,0.15685209127362204,0.27868679772089255,0.19915469317010107,0.22709732894739046,0.2002822964630867,0.206236689616955,0.13729872020545675,0.794703214439315,1.5017556078860113,1.575071797147532,1.2342624745203066,0.7878526115080952,0.01,0.08368827480892749
MAC000164,0.14696242490273528,0.18220211575940692,0.12760944537455693,0.09587133064583965,0.19430079882460194,0.1680344434642862,0.14464637697384777,0.8750716149160397,0.7673651938211323,0.925896609039854,0.7695082429532661,0.6482639963189847,0.8167508412589365,0.9119327455319184,0.7506642281925607,0.7413268630349334,0.9776135204870808,0.8653503608770564,0.9957079965802275,1.221903580515547,0.9885230165588218,1.1269037978692678,1.1405260421752637,0.21545509556684947,0.1542532012221466,0.12989232105885867,0.1152112306013088,0.13690708108432562,0.10995941449762295,0.20983441281949258,0.19368118275620733,0.8373154361655316,0.7128713593915881,0.8644938591066716,0.8067178757726582,0.6445797767972087,0.9525400222035733,1.0711705504937072,0.8955008748861377,0.7675826445062505,0.8146285694434554,0.8716541794039225,0.9614204179431589,1.2074775065808618,1.0129231741202516,1.198903593131525,1.1403991483727216,0.30028268724582574,0.16010312097480886,0.14339111976025343,0.16118290287509177,0.18371665023843173,0.06804319314178388,0.0918743291361497,0.09051704563684246,0.8132068577366499,0.7570458962025363,0.8692786093577093,0.7886426212180259,0.7175744454378646,0.8879382186721743,1.0029343054093647,0.8141523390897026,0.7979833512164924,0.9761163293846564,0.8805837371347638,1.0406851007787465,1.2292604766962705,0.9776845791991146,1.1605023873950029,1.1363025678692997,0.30849492828813213,0.222630430139673,0.14777190516976452,0.10855069618048169,0.18255639436801943,0.14034802614014225,0.15120619542547267,0.14429168766597816,0.8586995285868388,0.7093076675612828,0.9168288845968814,0.8252089216026902,0.7096323900843242,0.8629750146064499,1.013373729560076,0.871060656194849,0.6972543367705764,0.8048822593605511,0.9144023186268635,0.9312338179464813,1.2087122508423676,0.9688127967581014,1.183187097492403,1.1780279781245453,0.18421426670550028,0.17214459612532235,0.19307022867107035,0.15835828133220048,0.12327582630445671,0.17376489245159507,0.18573240694098841,0.17684531952634497,0.7900459745835048,0.7746273152893228,0.8610363839569474,0.6990631323433091,0.7166178289836834,0.9738463214011012,1.0570324376695885,0.9135206115951628,0.7695316713054323,0.7880657217710838,0.9152790406281304,0.9514336580334029,1.2282021858958896,1.025127837559175,1.2241037023937875,1.2516224855250917,0.21467924445004283,0.15661201816222894,0.13841928260977915,0.12742141408136132,0.15194875379120593,0.060889302556151964,0.11969720039075932,0.20638103639421687,0.6367305321724203,0.6485837738633393,0.9812992991516244,0.8291734794366322,0.6658918486036548,0.9454237613196664,1.0227689264331354,0.8537016662844629,0.7562631641055025,0.9193170961475101,0.8808572673629592,0.9918302435512052,1.2395794543772496,0.9740539874259874,1.1041790001692702,1.2299951533319304,0.19731719109761658,0.1890274299742689,0.15784707333597142,0.1781980599982669,0.1588832621332887,0.11646010615871388,0.05717013822018788,0.08075190044391531,0.7728825938743007,0.7706684107696263,0.9433971871798981,0.8172069227983227,0.7581886578216865,0.8864501603883905,1.0324200339097678,0.8578816200197613,0.8265080517432949,0.885215357928237,0.8471397425575699,1.004655921421494,1.1885635987721308,0.9521805072140417,1.2016749950934786,1.1589054922258857,0.24169975298372767
MAC000165,0.9171484604905422,0.9038413285303929,0.7669371153173483,0.7639557312741326,0.3476890251553913,0.09467265264259535,0.06578273583811373,0.14978729936011587,0.09613064216594273,0.12071939251063768,0.1031230708959693,0.10014178383488946,0.02314493610845067,0.13345613434996978,0.3842395591992088,0.3190806966543586,0.4259173290031294,0.29130546162214777,0.39610411744925245,0.39979723504041503,0.7513557471125272,1.3171616580863283,1.5306940723228393,1.0210866101515956,0.9241180306695527,0.8700711943011303,0.7096343782759738,0.6720779559444955,0.45832852642163524,0.11584622137814793,0.1346346309127582,0.04082021556794835,0.06885098830767661,0.01,0.09342907535234811,0.17044969142802924,0.053046673572062,0.13517050987170773,0.3640266925525989,0.38457125034126743,0.48022878166761496,0.4324159745567372,0.363881945009716,0.3551481146346542,0.7109495521424589,1.2687162409482495,1.4265545545534535,1.1182937362004421,0.9313183486420737,0.8641771190364743,0.7477681284190777,0.5794357674531164,0.2641040700101156,0.04029116988384536,0.10411460059820876,0.03556535696540401,0.19897103492610238,0.18749344137952137,0.06798482138812961,0.04188005888562629,0.11636639380139495,0.11484560411620058,0.36055922790013917,0.4117975902603138,0.33113569528836223,0.37909636197262225,0.33064592209482646,0.3265732194208214,0.7778498980399126,1.1796399991588777,1.4647268293971165,0.9950640510120883,0.8938891329870639,0.9173487559735182,0.7168123811532788,0.6461120382821535,0.3361201165336253,0.08719511901817303,0.09229832580024216,0.11315270351503817,0.06586893575318595,0.09610073156404844,0.15331287143505937,0.09761013724005879,0.048667484943787434,0.13844456056559148,0.40713615125799996,0.3513477176178681,0.25094354702583765,0.3844856170022206,0.4887680256803053,0.41282481315629016,0.7110012357330713,1.0779052084702143,1.3497018838262431,1.0998784169789848,0.9427481847218183,0.9073525710038457,0.6946277795553418,0.588597510829976,0.2792468166530444,0.13872253848009652,0.10088707874666526,0.07983004230470815,0.14657179303606604,0.169971986962569,0.026236719639015416,0.15841463931460803,0.09674119216319754,0.16233603734027882,0.3812215343250106,0.4159978517569925,0.3179836250780605,0.32864233934752163,0.36383019982989856,0.29652708381766923,0.6906076506811195,1.2275599714877639,1.314446710139874,1.0217975002400537,0.9499928747112,0.8563806155511027,0.6736695441412004,0.6132321320542371,0.321397635438406,0.1316637604994766,0.05538800791459032,0.03907688113641952,0.046790765199609154,0.10050216510266129,0.08139664437309634,0.10117428349744202,0.09538468367745764,0.09119846465164759,0.3612043308546715,0.3919095188214442,0.4256711402008425,0.3806959535580322,0.39831470116236717,0.3184286732667868,0.817969336723823,1.2005345616552496,1.4652614331635794,1.0555153315646244,0.9488452107843369,0.7878007198620134,0.7894927707955354,0.572500809043095,0.3301517327259249,0.16004355264045353,0.09494349744279196,0.1002959813252488,0.20466493195211888,0.01,0.09760492627663314,0.05245865839203814,0.1333413188759183,0.16983125310099362,0.3166653007304668,0.4033143033404297,0.390770644210295,0.41441595558991096,0.35132843440747585,0.43029247405800125,0.7840982638185084,1.174666333361512,1.379503714426132,1.1041206742011562
MAC000166,0.8,0.6393382303065707,0.420134901715472,0.5162036205800568,0.3826160920494604,0.35718701798047603,0.5153909817624547,0.5128902041956522,0.5151188666290397,0.5990893131190633,0.5684168594574216,0.874650839277962,0.9040157719599344,1.0036926692350154,0.7136937852869704,0.6142867043685477,0.921665406371553,0.6174421752699242,0.4741752683986423,0.4467417226755287,0.3589263826350273,0.3636223912400432,0.4008201264539401,0.36329268704883066,0.33880672741234635,0.4515842899884003,0.3021243885647756,0.42077584084258324,0.43605769354419877,0.3252050115518422,0.4816268719928295,0.5777870669677256,0.34576152245743674,0.3624636581479821,0.5208361698330689,0.6225480920441806,0.6379350691794203,0.5969118480773231,0.6060968508621478,0.925788648130403,0.7309203947670468,0.6370991087028826,0.3679970798553932,0.3642882902824253,0.6316474204097483,0.7530886917977149,0.8948034930365498,0.7865893807175779,0.4272112908318513,0.32053206519255295,0.3056659474526266,0.4603866462825923,0.3561256220775756,0.3858132447617475,0.32453312398658013,0.35858949393122524,0.32625290370896565,0.3226246469877163,0.5939532407706586,0.709643899302004,0.7435475864068657,0.989779735474057,1.110984548423542,1.13645260607321,0.7708479691611585,0.4750325960744518,0.3586729717755335,0.3842256062849638,0.4763475566350239,0.5005503647341424,0.3089075824678548,0.4380501834111554,0.35906937772946257,0.312387765094146,0.4166516037704151,0.36279042513648185,0.33324001021735666,0.48822560742258153,0.6684430519644131,0.4226692450288322,0.34368008991649623,0.47087129697710045,0.37593667486683735,0.35300994661558366,0.5230314758151255,0.48372572265128233,0.3972742791032528,0.6254946092502129,0.4107452688288382,0.3516190998462564,0.5166583959403194,0.6530859780155811,0.8068003094842708,0.5744180364999896,0.5946177629928318,0.5319189456451298,0.7058037174524778,0.8097869483046582,0.934842507137801,0.7399279205626251,0.4456435519681494,0.32560025417820215,0.3433027070024769,0.4506128914943313,0.381405737200761,0.39141646807597813,0.7107635900628198,0.5692703691346189,0.3999471095910382,0.4057593984466064,0.30241189432284493,0.4595711718526211,0.47815524026236556,0.6145033857067521,0.45364972896666517,0.3986360310306154,0.5536646488224537,0.5537369199300057,0.343841472626291,0.32364800861795245,0.3910271147407342,0.4473138586875771,0.3842584466394755,0.5101272358351998,0.30007902099919803,0.5143259507482594,0.4144512135135816,0.5788598323335847,0.3357886176803776,0.5596234756095906,0.7618424588733392,0.9260626838717676,0.7689672126391398,0.6521552694659181,0.45329332310117215,0.3314779311279765,0.41134082979245307,0.3858725712035883,0.4364471180643145,0.4661097267450917,0.3694054437460708,0.5345868531464019,0.3580315260273002,0.32122287634921043,0.3019860336648038,0.35835524735932806,0.5612082820469336,0.6344188779684663,0.5902951043306515,0.5848544544758404,0.7347701192069573,0.5643832506520827,0.5328427946732741,0.4710546447851862,0.33298502433438376,0.3053593814510991,0.4566019399882516,0.3419291962030318,0.3339725787011455,0.3062801059621842,0.4616567428257465,0.6282643510232757,0.5550899751001188,0.4770588903835251,0.5385278995939786,0.5407552713155499,0.3088218429283694,0.5536408080684772
MAC000167,0.10123692773028542,0.12882883769287526,0.10815167828712248,0.15489681199229327,0.10607015257383949,0.11532854939351837,0.09353027302040035,0.13644767629702848,0.1402846744982853,0.09442670573093667,0.13512194701432118,0.1224169710321765,0.11363990862132299,0.09887107347025649,0.0840064709186981,0.1537202781287466,0.12033695040849342,0.10932519495477569,0.14777031223862458,0.10762339188236333,0.15010547230599675,0.09382212369351126,0.14321552811529872,0.12267604798267956,0.1293227398484868,0.13043469249436446,0.1205769103138384,0.16213351903033074,0.08699158627876585,0.15335696702672066,0.12675171899146798,0.10730737467417453,0.12166283801912234,0.10303150741589591,0.1222426965111629,0.12644725905259577,0.10617671885469142,0.10676379370798433,0.1399395901776213,0.12507895162044727,0.09116055627533601,0.11719022381860038,0.1344933652785149,0.07720919719979713,0.14984181756086923,0.0801901948436119,0.126901311378175,0.1648299865607309,0.1093147850924745,0.12863685525759008,0.07738900630553425,0.14323799053048614,0.11494545097396396,0.13230177370329463,0.08567456002985183,0.08953603031837658,0.12770913454477278,0.09639440554703979,0.11999402357134774,0.18042536410664914,0.11040647635776188,0.09726893011624989,0.14911895270573536,0.1016707073058976,0.08693165702502295,0.13622756201101432,0.1573887427582224,0.14210137241906962,0.16682551283455596,0.08390482859904905,0.14690961266073108,0.08957022736566818,0.17449911061806506,0.10191768120317841,0.16869987581667678,0.117071176030073,0.15584317975598058,0.14652470166280956,0.10899103812221787,0.13810141965398776,0.14952371434548078,0.11341130611549029,0.12745262292960663,0.11254223926225362,0.12016496070928272,0.09641488723783277,0.13139579964480477,0.09931724311162123,0.09940470205904248,0.11685974169849278,0.1127910727978725,0.12856775232586926,0.1421400939327055,0.09890739057984484,0.09567791138096293,0.11961184119124559,0.11484172405472419,0.09128300700095747,0.1427529608815888,0.1037958385114764,0.08984412346093856,0.08736849643524017,0.12946693798031078,0.14905983186949937,0.14471984114866043,0.08818321304400067,0.11675893379728257,0.11191938421658364,0.14928002655694952,0.14583526556793486,0.14659858781259408,0.1192080545182581,0.07615033264859933,0.16101405959323437,0.0849640816599063,0.15883009040623858,0.14472294042989917,0.16561207416148177,0.09006900313857129,0.11908933385230566,0.06479030319306725,0.14590640525108284,0.10831235560447214,0.07589994008678641,0.13419192132228142,0.08918092114497583,0.14979336873265617,0.09710602379156097,0.1271938356913853,0.09445744373951606,0.10225765398498383,0.14213372314718045,0.13437550252500094,0.09047727789757959,0.06886474164669021,0.10223324392576776,0.15200975849038628,0.12563211141953817,0.14563625504890254,0.1531364060118301,0.1361721073563001,0.12348341311686883,0.090516497834487,0.1159743979947802,0.09611432813501855,0.13007105803274327,0.09491218652826233,0.13739813753018035,0.08259886012149205,0.13456217991050357,0.10626064307983948,0.15353537546491408,0.10995050163918473,0.11623363491940282,0.1005606379625549,0.16038861678472205,0.10690680948688049,0.12891930924845665,0.0973667406399995,0.09092078266279098,0.12466977410012592,0.08690108449271265,0.1325263786308577,0.14041579531024648,0.09395354227008894,0.106712507878106,0.1293216593420482,0.09701856916317333
MAC000168,0.3023616778325206,0.2070636960856941,1.2223635401957773,0.6494256923539914,0.0645955049562588,0.7912176619684522,0.20995227527590443,0.15830400844814493,0.03910810154958661,0.5313599243546142,0.5606640198258729,2.2088043068805936,0.12408668066878066,0.8133026319269588,0.7138880856180928,0.7050654764940681,0.5740336172126671,0.8223060479114345,0.7043913277787691,0.5865369298463462,0.40638401429089105,0.11812438280127582,0.5789964881024627,0.3740831636702436,0.4271567086016328,0.34941739097238295,0.5316341914255095,0.45720132188398777,0.8104400892176338,0.21615374765803277,0.5218023826716387,0.7241964708092327,0.29479138540361194,0.6384431756894002,0.48597055244695864,0.28628812904423284,0.3599212104747768,1.6404478004943488,1.6340834268961697,0.1465308761342896,0.29563032339700385,0.3001566450063479,0.821353193251516,0.4427815932141002,0.4183873864604329,0.2624102523149746,0.7095373452595474,0.8701063242258301,0.6140311561288575,0.40034174273289863,0.3253499106741659,1.022309790196141,0.36318910830289985,0.41436553201000254,0.6161553038976104,1.0367598316951339,0.15832624392074027,1.0241919565309339,0.10720108422306325,0.25352446653045496,0.32034166399816427,0.3927510343091091,0.5778775866231299,0.449546657442494,0.15406230518668865,0.7637527391778659,0.48201873956082053,0.4494381976367964,0.8780204741571541,0.8820736140978457,0.38532193340681825,0.5452175624302945,0.3880055476820511,0.5370469715157103,0.5891519202323845,0.25675212040445666,0.6019483633555209,0.13057576520071462,0.7360163753623895,1.4705134309215067,0.9649329004530298,0.29357935298463844,0.10816140374016896,0.20728977497966952,0.16483532118874564,0.2517646412126895,0.027756851220861828,0.3837554358224903,0.4750647695836564,0.7095103891601986,0.8016258370348025,0.46945785359899095,0.3053786074199354,0.5974085552703892,0.18689389655750865,0.2688472836947869,0.2535322908875929,1.5245646289873775,0.30851203222318413,0.5512072656786104,0.3394133421297418,0.4818688202162362,1.3508519088688156,0.5924999562299219,0.46156903299027685,0.6395371889539275,0.4815225291592076,0.23471944613655674,1.2783729904702308,1.1836646707434668,0.3042545660469788,0.6737207254753356,0.41048196761851646,0.34969594678891597,0.1581704398891124,0.484917392411086,0.13282077920266724,0.03121172204924212,1.164913577189826,0.37773160827381763,0.7213007084499231,1.410733335191644,0.13667405177415026,0.02353298667461098,0.21855644722384218,0.5614987965807232,0.6412785898908496,0.5632652547626827,0.16893662007674623,0.3927201640512701,0.9153539801361885,0.47003450025267246,0.854305021249565,0.07613262943188195,0.15903416046102234,0.34705626377248006,0.9602315725099143,1.1550381845991078,0.6087230038657457,0.20316293431680502,0.167377065338245,0.6828248304780541,0.749519092100691,0.7130923858722263,0.6510768058813251,0.21432803463671282,0.13127765598491462,0.3906668114571111,0.5931884463390305,0.16071731529015856,0.2624328870252156,0.32010612423777174,0.9411612681662697,0.9738221963743181,0.3956763826962472,0.8996457687158533,0.3258864041171479,0.48456882873207563,0.3423665450251105,1.1966439422537094,0.7456319655548301,0.3143443506581347,0.49101958789661876,0.16588348330804656,0.8746728706874805,0.45771672573186295,1.3565331808046734,0.21560684942022196
MAC000169,0.27328133342716776,0.2709539761335177,0.11841532983948944,0.08322360076800853,0.209535691114351,0.2720903341734318,0.6596072314467927,1.0691860101733959,0.8656593396055366,0.4973658726199253,0.4460340127078109,0.4881836397970296,0.5452924410136091,0.5666984110075071,0.41618602596779897,0.6204411050221064,0.8672328688531651,1.4243965116218285,1.879033434842481,1.7061548673911502,1.402861848353997,1.1074667341327336,0.6164013221542213,0.4131625133188882,0.21448622947463955,0.2347586730965991,0.20668164524786872,0.19981686719537986,0.2419086059083543,0.28101101236830994,0.6262442695930445,1.069875849891216,0.8690467764297262,0.5163159504465576,0.5137556729054465,0.4764265095439739,0.5829486281979737,0.4493177751900196,0.3800072747717437,0.5519868160830308,0.8297054780815609,1.4582518050950726,1.8450510725423115,1.8093046464539535,1.4975550335856405,1.07671548371994,0.651860026946185,0.33139416487760626,0.21915545219997187,0.1831392445473914,0.16331285314358154,0.13902870985833904,0.2025701510999316,0.20131281932490247,0.6314226156154735,1.0872572425436096,0.9344747822379591,0.564228937346394,0.4573749791029763,0.5299146805454723,0.5557486304461123,0.5152484403523291,0.4493166411184002,0.6365908498313693,0.837735451917506,1.478205743471411,1.800803878719526,1.698886173213641,1.4173591982183418,1.1427246667151105,0.6700598190125112,0.30724761516942933,0.18827900378549292,0.1353708719576984,0.20503067466231487,0.21404095140682072,0.1558335301790706,0.17824718883311397,0.4771455292992675,1.1538851300887156,0.9580617258857321,0.5900581470280588,0.4419096369122966,0.3837258392360433,0.5623108976587766,0.4749572530028137,0.5623100771555539,0.6104843933321791,0.8422471789583129,1.3886561466464684,1.923736509172424,1.69277151797927,1.4031535332255225,1.0924052756950293,0.6946406842180821,0.4662039434663919,0.1517253786035181,0.2556462280611622,0.1505358696703068,0.1940783752296144,0.10786543385913228,0.26248787415426067,0.608578889393262,1.0883842997098885,0.8902358839050891,0.4952280860182303,0.4484265399651991,0.48768407374933986,0.48121390408412607,0.4715104685173367,0.5034597552004342,0.569598743501831,0.8569809968684062,1.4001648696302107,1.8280361719291993,1.7797229270789467,1.504643864088372,1.0829419900836468,0.6789866528703158,0.4151723718838563,0.20188059153830512,0.2003349464405159,0.1725063683089802,0.1780670346643941,0.2672412963560954,0.3139317486571199,0.6090595362762291,1.0340595355247102,1.0289809845703717,0.4477753177038284,0.4205258540742103,0.8110770025712797,0.8720396588656752,0.8055129793708974,0.7427383212270646,0.9851688924298554,1.1564992090571145,1.3024799577237656,1.8423233235686987,1.7507966887790416,1.3926979346979604,1.119283534078592,0.6559788503333028,0.3406063538118331,0.24476161584052372,0.27334163655074406,0.15645938995311146,0.1287225290328513,0.13811342299591448,0.3724132100022735,0.565752059587659,1.076460294586132,0.9403059744515059,0.5407487085762143,0.37922869018393,0.846746419533962,0.8633438527570653,0.9082827470744099,0.7661958308933846,0.965881933750969,1.0842086624597262,1.4408755278765948,1.8953282740451054,1.683549781178737,1.5157787617045717,1.0820736653671104,0.5308318487059922,0.3990072175619274
MAC000170,0.02110326139971118,0.1414125116384786,0.17255330984352776,0.2003956672386481,0.02573831323309031,0.16897951428289845,0.8607166541256246,1.3785656732404512,0.6945360896422795,0.28882475427380416,0.15277169541720623,0.15384314997467946,0.18428345193908097,0.22573433388024675,0.17920633107027176,0.24445356131935006,0.17009958617235452,0.755695137463884,1.368446262150344,1.5102503468504265,1.2499959981103348,0.7023221896832805,0.1653729201161098,0.0724116373353929,0.1303942655885836,0.05683571617404212,0.1785350633254834,0.07100402567931455,0.05885154681964597,0.10491249909715439,0.8126699008726133,1.3899202302481808,0.7272529126610308,0.2571501149955028,0.20454630143205438,0.17587521386041266,0.18221261656653248,0.16493103927801345,0.2269216937149701,0.20627674720164774,0.13665609706028395,0.7154911025133207,1.3696541842940262,1.5558030128485616,1.2127989362417615,0.7233362712491918,0.02122044267953371,0.06269999140339408,0.1253232988887378,0.1390883059804743,0.08861444280836361,0.08893364708114668,0.12041325389593249,0.19844711284362093,0.9323160010680446,1.3571520594885669,0.743173010092677,0.14246871788683613,0.2144125850725841,0.3344123785338593,0.15084653109577706,0.1773967586185252,0.23389553180114525,0.27230329655497093,0.22649987362306864,0.7516046745652414,1.387626750742117,1.5823088629005349,1.0778408304145488,0.5345676921929143,0.0881259034783261,0.04797325071119354,0.037947905371450125,0.15144681430284998,0.09043480893447507,0.04723159961662976,0.12697424386238834,0.07338692030272805,0.8176364439498046,1.273639828053743,0.7693117441253969,0.24537907609994036,0.13991402269713604,0.21233581504997262,0.21089193359295483,0.12624829032545654,0.19401611705179586,0.23321255134106805,0.24669351934148667,0.7534302677120712,1.3685570258707112,1.5253404723350317,1.1532393999111827,0.6247828960392257,0.01,0.040122993481166366,0.12671194966594956,0.05531290502970991,0.19637540057303782,0.13349476867200769,0.033481281569619256,0.1426828021284105,0.9217345199632547,1.3125968046095677,0.8517632325749278,0.18320851425780682,0.2458188553192675,0.0774124244541868,0.18897664036288317,0.2534057664057294,0.09114791587716772,0.2694729781043882,0.2394621974618697,0.8025235504848202,1.4421635450593449,1.4655198869089268,1.1472073129004954,0.6758354288776641,0.01,0.01,0.1057664029535466,0.14061513951796162,0.08572410759343149,0.09064654572208486,0.06687457679420536,0.2329338704657145,0.7932129777497832,1.2549604752110297,0.7908095776705603,0.1505308141127636,0.11983477160277797,0.17918231656164557,0.1882589060299864,0.21607433710942398,0.2002620815907698,0.19392835125120547,0.21441993177164362,0.8003923944912641,1.3935741349659625,1.4907661029766726,1.1750773426203556,0.6499077589031466,0.01,0.01,0.040288105531467625,0.1345662432005085,0.20551183540620616,0.16186368612108498,0.08127826291691007,0.01,0.8013208835071075,1.3228523302730604,0.797842823317742,0.22739694065294724,0.16875315887765702,0.18650404103634202,0.15922858535222062,0.16480129688221518,0.20202190786781016,0.16378817933169254,0.12706346373268823,0.7632595521627017,1.4523541010186296,1.492981190188207,1.2581958487583025,0.6593653182490539,0.01,0.09095493481103122
MAC000171,0.10062368773051705,0.15176058890826327,0.2836096736881388,0.09910424288452582,0.17264650455712155,0.12044050872428334,0.21026208495368823,0.8478619811887472,0.6995627062101678,0.8295977119986115,0.8792513035851616,0.756978683007763,0.9433846155952779,0.8475556558887648,1.0128153783691085,0.8856842975710508,0.8489428328903177,0.8574093039852639,0.9540317662061573,0.9829336484983402,1.0315193895377943,1.0972987250859514,1.112623426469857,0.1959886980043003,0.03874870922774912,0.13304915955916974,0.15806582492531634,0.12748757757323212,0.09346621387884291,0.20832017192600688,0.19051607034511686,0.8516188763212896,0.7896021860175075,0.7782066206679694,0.7840625818529304,0.8393912617500399,0.906871334004774,0.9862637609177964,0.9045845854396346,0.7995026486771224,0.7644888481433272,0.8892937101631048,0.9259252959079349,1.0111942524706108,1.14297856231564,1.1663776829999084,1.0925278731059396,0.3165229187779216,0.1532645723497111,0.11365110150879865,0.1391071161567132,0.0989756762455189,0.14012219271166795,0.10908738476455093,0.08335908769731072,0.8107115027066382,0.6493254053713693,0.8607220944124722,0.8264407336512016,0.8317012416559615,0.8722229773403997,0.9238498464033097,0.9350267846117963,0.8618578932486763,0.8405546993080831,0.9188514577796083,0.8965489392976009,1.0570538000764733,1.0797837508174786,1.1958829687221608,1.0437169155649053,0.2560129720850373,0.20920070114404088,0.12470308630939204,0.1493101702526234,0.17162987392747542,0.19697440997915383,0.11293937084779185,0.16878889276607636,0.8835961520860954,0.7733601351794211,0.8211198626090868,0.7771935176161349,0.7802538317049672,0.8634395788408561,0.9279953871673267,0.998816904423116,0.7683011210211931,0.8074759568435277,0.8356858581387036,0.8985772091085498,1.0990034346088555,1.0458785769528052,1.1258377662627532,1.0776351418943375,0.18486918044250594,0.15501419704561176,0.1716826557996208,0.13076212356832756,0.17756339847356853,0.22443920113084198,0.11549194640044749,0.14236425938285868,0.8199473965447548,0.8132656885494152,0.8519126867221597,0.848144616228666,0.7715056989521366,0.9887155175893716,0.9513651437202438,0.9473456413993225,0.8307711104188437,0.7921522427391471,0.8863173969741184,0.8720931341853613,0.9864581278853469,1.1398238266881016,1.1637340292677232,1.0853546521191584,0.2133927937044508,0.14668840244933992,0.11224345883677365,0.19593699660904096,0.18728120544063906,0.10271155356623304,0.1041691877050159,0.21535621561185492,0.8748128449647337,0.7592486920636043,0.880393542120999,0.7461857258235172,0.7701312235829628,0.9936260337043827,0.977137640968387,1.0214015166907746,0.9008490045766773,0.8169305785603704,0.8564494934146644,0.8555796096628133,0.9827041186625742,1.200615202992369,1.1163291928120163,1.141538186158745,0.14224859909737342,0.12393128413819673,0.1443528065094127,0.12259867169683535,0.11151972846238509,0.1969590049105567,0.16734926239321998,0.12270932094503055,0.8029232616830432,0.6567660944252943,0.7678547605451446,0.7413085799646127,0.758471143997684,1.052146217681595,0.8737945435799802,0.9696880586415598,0.8625885602217795,0.8119478961612572,0.7963238605768277,0.8400127460512441,1.0779407534189303,1.1046496728470507,1.1541797488698131,1.1337189260720968,0.251987137515208
MAC000172,1.0067250392204532,0.8699175511090289,0.797544659248011,0.7057122808932863,0.33270032429749474,0.12510833249453235,0.05206375041560701,0.1296249696682974,0.1525895601626916,0.12849250829926245,0.07570391745216218,0.03403718563123534,0.1194562421117247,0.08610014901635449,0.4823959386546619,0.4723386671338333,0.30804086483509047,0.38817736968313277,0.36347706978798533,0.3420325150940908,0.794337732876613,1.2220255330404826,1.445235971283412,1.0959759463809942,1.0985102486029483,0.9075686326728575,0.7996725683738677,0.7511675965975873,0.3282389882172517,0.1306849734764085,0.07850615001927891,0.0898590614274782,0.12078449568547495,0.12469068015655921,0.15196122054970765,0.168240302363929,0.11201547350528068,0.16869692028782038,0.36025933293275403,0.43671576078119806,0.36464139735806594,0.36637555660501653,0.45295827019364976,0.28975898800580374,0.8359219807730167,1.2714549011016425,1.499319028588386,1.2277642069630892,0.9785081152277274,0.8586350140371541,0.8582835184366491,0.6775668358297854,0.40470934036908396,0.14762160973170502,0.13120770228145381,0.10427191097493428,0.10205582772309273,0.21400427458951443,0.08409057648263107,0.1667054207224158,0.06854735467002196,0.07007648497283601,0.4105291907853977,0.39376535288731096,0.4494405148473581,0.3875230756063873,0.3754602594271458,0.3378112645269693,0.9196437208607455,1.1874675767641591,1.6467156867423858,1.1803725149367326,1.054671888968987,0.8421358136017307,0.83011306396491,0.6105133717770487,0.33581323825268244,0.1696192376755113,0.04255806318442948,0.1473997821103462,0.09657447167872622,0.1428856905173687,0.04755161670576731,0.1810043911313159,0.14938540057774427,0.07262423906498539,0.36253966857941666,0.46490552476532127,0.38004526295133845,0.35928712277657726,0.42747866236156723,0.43359341348371266,0.7750157153516254,1.333142563176594,1.4908192747301308,1.1924861285934831,1.0776323087825852,0.8512978525178235,0.8606985110692232,0.7392505858729719,0.3608061818670484,0.01,0.1264043578401293,0.06922856074561629,0.046434872666856364,0.1068435372656093,0.01,0.10949082656462406,0.1693030875103192,0.14214318406619839,0.4600081979349504,0.3854994489231038,0.4240551743098826,0.346973180156272,0.3041065435514578,0.3458396765405856,0.7658172011978794,1.2225399242425246,1.5523079794499883,1.139278426816508,1.139293195713602,0.9937283232242904,0.7523584006853092,0.7394181642787565,0.3963916140114941,0.09670219296213213,0.1156765368525083,0.08172598004314358,0.2338625752400228,0.19550401404119525,0.10013483046109506,0.19280367921218575,0.09242758577966757,0.1622314511461047,0.41419567503347315,0.39697131219185067,0.35044031963120215,0.37234098449880987,0.4318547188631277,0.4048856803802168,0.7861639083925488,1.3342957909909718,1.4973744189453333,1.146926885791664,1.0052626922493408,0.9322407949213205,0.832445254521894,0.6954749872697555,0.3734792934735228,0.08167754294905408,0.0605132117600649,0.10176013616138699,0.13598225973921155,0.1663235635952402,0.22646687058322212,0.1469251410783192,0.013201268811521658,0.17328038126898523,0.42221562200646556,0.36678219934128276,0.4425913143258505,0.42249089151677927,0.3772442382919992,0.4074736336399113,0.7580230872007746,1.2515856218368633,1.4256239952320888,1.1681329561307967
MAC000173,0.8,0.8462345731178493,0.7594686497072529,0.8770052306495708,0.4814003715181295,0.3148658735312373,0.3714891143637673,0.33152799738101096,0.41584005349354886,0.30607028865109415,0.46587219174998673,0.5383877885161072,0.4578359506137174,0.5143705529046704,0.48533838966558557,0.6290755542876549,0.3544208566777574,0.32473816767313185,0.3412283383818328,0.46178621669782993,0.3218750794308055,0.33694547430980726,0.5277875930945317,0.4311690456216075,0.4082422923146616,0.36434728769792096,0.5096754281174853,0.3047207193440967,0.3245271682458109,0.49659768240855934,0.30931302579775155,0.4664436388405007,0.5078979425941478,0.6967235562455655,0.6324044846454212,0.4172047645498123,0.37362756342011955,0.4990117997543973,0.726099035505865,0.7163116091341319,0.8637774930373239,0.5722646585729726,0.5270652017315366,0.5439869033956597,0.33973439905318403,0.3143499858858886,0.4259716588195455,0.5349169172537752,0.6420370005044109,0.5051348455761968,0.37068624707262554,0.4871783325293796,0.3393598758770113,0.3555712712957958,0.4151115772443859,0.35891386687363525,0.4207547561346282,0.3608706287214958,0.39697604061563047,0.4797519165395029,0.45789273434542965,0.6024182072547857,0.6758088423141906,0.38256353346499616,0.47190116196653914,0.5362691432536106,0.3688399828037635,0.5594150261552047,0.45211923884593586,0.34496842786574367,0.6106751670496424,0.31606298089973883,0.32276733538421043,0.3262260605101615,0.3758140705951449,0.3075912666132699,0.3872787079263256,0.3858336853759108,0.3449460948324955,0.5200717840667282,0.31373480892123123,0.621377728046831,0.7427920148518006,0.7727164198078826,0.7628582894530491,0.640282564817152,0.5719465183185855,0.7012305941356667,0.6767698964288726,0.4263669530252219,0.3882156293424547,0.3200231872857778,0.4885283924385107,0.4721808874958323,0.3210126250261307,0.30236443566969534,0.4563595835826243,0.3606614797853788,0.345657889974733,0.39573886669666286,0.3062689841950015,0.4271046282921843,0.441249578494504,0.438658729932355,0.3129387286599831,0.3225537590458338,0.3595377708409513,0.44663277336345636,0.6235289869810845,0.6633695812710936,0.5812113922880741,0.7886649532572465,0.6806503888996487,0.734909905135622,0.49625133765256146,0.4808070229124381,0.44561123207786635,0.5683180583266332,0.5939501064555335,0.5584107278701804,0.43156978295937265,0.43245196151588416,0.4826134189899621,0.5495495746017947,0.45299220707789584,0.45358405226607224,0.6010112645271404,0.4910840073925782,0.4287318530786257,0.33119585646746885,0.3607986222170173,0.33700038156237516,0.33197236023200183,0.590845329584037,0.33492538582610915,0.36235989434534044,0.34990394400320735,0.47043224109105464,0.35850645326535757,0.6243928145398758,0.4413409127162794,0.4471039675506219,0.3955638640314249,0.3156073010036098,0.571001633384969,0.41594480648423343,0.31448438698114234,0.34319514038431254,0.37769727008920184,0.607825038110718,0.78452296826556,0.9429149249879265,0.5601428580534138,0.4639213395784555,0.4401798162366073,0.3968152839397622,0.5200045425497393,0.3340470845413791,0.4671971464253649,0.48405218179870924,0.4133014448603819,0.38001466891406543,0.31819421840862927,0.36781350796261825,0.47147616523924335,0.5199984385917702,0.42897456779384674,0.34373993494114186
MAC000174,0.09559649907974925,0.08883570938845346,0.11526221981375993,0.135626066070187,0.1154425292751591,0.14612460101430613,0.1004542436377436,0.12196030596019289,0.11261433322513831,0.10660577511775936,0.1533187384207547,0.11701832728876725,0.13672059535375847,0.1533771894175634,0.1281326259078334,0.09062534562525446,0.10254569832237762,0.11180459152575375,0.07812547623456689,0.12502877406611676,0.09800670168060195,0.11330711230371147,0.14542430080472,0.09468013905465232,0.11878410841340685,0.1477088662049579,0.14228118015321692,0.10235068080922652,0.10284549525754462,0.13414885026174905,0.11360701321310103,0.14937031871924294,0.09695240132792231,0.11003107682875851,0.14136242146324837,0.09577552477833803,0.1439754839848425,0.09310864125633368,0.13208711885051047,0.1068961168016246,0.1322668197240499,0.12135947372130143,0.11462140033965917,0.09468407029303527,0.13112247904889607,0.11635828406319312,0.07033709155657167,0.09080538752083683,0.09403322295770687,0.14545859116105406,0.11832727355193656,0.12449040326032713,0.10929985998175035,0.11546144799095595,0.1399301982827803,0.08157536836075625,0.0945081763969802,0.09346365987828997,0.16369543383003313,0.1623492470803916,0.13896360755395815,0.0787684532849735,0.11202091904267727,0.07899505366902465,0.10758843366135087,0.06412671219233355,0.12726193002808753,0.1331621391154856,0.10093059604120473,0.13210348558474277,0.12986976227101316,0.14979257161234646,0.13433923060379274,0.08485129547048466,0.14918220369257085,0.15214319226311449,0.1325752331900225,0.1287615303502927,0.10228067080185851,0.12251469126166324,0.12329465119668913,0.13213676595955173,0.14418077963932888,0.1293637035947199,0.09319261307076156,0.13763211984600351,0.1442583157587127,0.13766949890222302,0.10546226522168223,0.13553520925779097,0.121929357806563,0.09919281487870578,0.14192172453446494,0.14831968110457133,0.09028747450833456,0.11925904866348583,0.11068580024817129,0.08182635372463022,0.090214704939694,0.15469057437441314,0.10975328205314222,0.12818494853262336,0.09431906111807546,0.11568803592382278,0.1446510745140064,0.11370029310175865,0.13030774215984925,0.09223790237884145,0.09663126328505128,0.08063658943019943,0.1256255412457154,0.0963063021770801,0.1374668783762791,0.14449713597145641,0.11194744588692895,0.0940489656086766,0.13088913828206397,0.14654200225194983,0.11319390748524934,0.11034897633675012,0.096499789422021,0.08034010636093236,0.10154963793925945,0.10314957968282018,0.11941067397683279,0.12335677001445444,0.15819481892146905,0.12983004142899732,0.12411264514340092,0.15384803253749835,0.13976934909016003,0.11161749207957239,0.1469356360458921,0.09361056261877564,0.15099225549994363,0.14880148331322557,0.11017482388801908,0.11628710302353445,0.12498996462214725,0.1291879761133732,0.1170994982895103,0.09076679883045277,0.11945074663807595,0.10172861762883581,0.1361979743817388,0.0946786038496483,0.10859806735434337,0.11371757143512919,0.08376045094440154,0.1505371791186361,0.1653625390678652,0.10830435648076395,0.14514853040294662,0.1083471095297408,0.09459184587567175,0.08030847889676258,0.08950833147260127,0.11957388244836428,0.06691904275330361,0.1102658248515957,0.1524004709316449,0.10893875986279983,0.12735074908153807,0.12207532728099382,0.10493147442383409,0.08920255131828453,0.11257614624094504,0.09512919456683505
MAC000175,1.346414202565457,0.5649138609284381,1.0097285270428051,0.7291875869434846,0.17508873969095415,0.33076486210904316,0.6504206220372828,1.0871419376202849,0.8870759273023797,0.8212173912209414,0.10896497540163577,0.32363328241225425,0.7677279428371745,0.43972767804297547,0.9329691029047579,0.20401837289792538,0.14944686601197352,1.2257075622113176,0.1187181473756988,0.6698874641502625,0.2930411147553872,1.4657521807978908,0.6630766142360383,0.6911090681839905,0.8720363986771299,0.9949819075726407,0.3648048538032012,1.5053120366331663,1.1719362662841701,0.17449300035284324,0.4848501333302459,0.5737059703526468,1.055260431402007,0.08706169909826737,0.8764467144761626,0.30257862338319425,0.7739531363243547,0.44073047325147524,0.26438527854475474,0.3390373101440511,0.4211233558728225,0.779564821897869,0.6141037531518655,0.9632451971292801,1.1210849700701127,0.3094040285155802,0.1784657261298569,1.522905903342295,0.4764604624374219,0.2769884904660313,0.49104656861895646,0.8999313248436757,0.5887272857360104,0.1804180742168283,0.702545734476091,0.19600994349176856,0.5201566237322552,0.48161188284037276,1.2620814689323383,0.8681665113114413,0.1769251444893619,1.3040900395404307,0.7396750049071968,0.1259874207508057,0.6310588189749483,0.2219946130163979,0.6054786623715015,0.3864779555693852,1.0039992577576986,0.7085711132566178,1.0094388038594362,1.3269616388902348,1.0456169606120924,1.5100974095486503,0.26033088744631605,0.3340324140841004,0.4320067013965619,1.5141223534002084,0.2140907021199795,0.35028696859546155,0.3628798118008925,0.3882695249370291,1.7378830394532898,0.3884894020517387,1.4910500763432604,0.3093685243369977,0.06887652017076698,0.4208262344794781,0.7321062232606478,0.5807149262699656,0.678725367613822,0.30926354095712194,0.3620207798121318,0.5730592657294041,0.5741101233076581,1.7195748314240908,1.4561235328288369,0.42549320212422587,0.7934835149206343,0.2365380917099375,0.706220285166389,1.8162038991543281,0.9083491047971846,0.5958448084157645,0.5099627222721993,0.3518084022117292,1.0709980719905234,0.44919810117094855,0.4741372213614951,0.12630044152156267,0.08320223120571976,0.1221348170730106,0.45203353073066843,0.2913420675646146,0.47984262605631256,0.3571296854532273,0.04462182380480868,1.1066153241412253,0.13151331640163344,0.7251281179152006,0.9619725177119405,1.4785703917999797,0.42388976656845606,0.734139406736097,1.0997849008739657,0.4368071813384888,0.4332265620198695,0.7820184868522827,0.09855567142291617,0.43493452449628917,0.2770521287960724,1.1261150227071899,0.11509185992502347,0.11318274050834831,0.5707747002214208,0.13147461825697992,0.09242135645334945,0.7319179227342764,0.3988640693332739,0.53650192101076,0.5574414696147616,0.4113900206714725,0.11058121129820388,0.4013275601447493,0.981093289348048,0.7206384527024478,0.2517948331155484,0.7609049848188622,2.5064780472567345,0.5286677597518648,0.2959651594580256,0.8498146112122765,0.1531588495030607,0.31450310904943685,0.06333601082786071,1.6736467915460265,0.41363340870472154,0.3964334221455334,0.2320429153310806,1.2609066878183504,0.27285822588581377,2.3546275683937554,0.5126187833616133,0.9441293715653178,1.763838681649138,0.8850008393089427,0.1957892336149409,0.5176551896948519
MAC000176,0.17270140722930705,0.17670651819327454,0.12149821550080678,0.15023713753607343,0.10934855034301223,0.22517784538263433,0.3643193349381843,0.7372003318070844,0.5354398205074282,0.409759406740345,0.3820256649620266,0.33075750873955695,0.43833089303747896,0.3533653792893127,0.308368632572355,0.35845653612469,0.6433066607572302,0.9237180243835409,1.2271486403593392,1.1893224652838812,0.9927177165941454,0.7048011956049585,0.47027650288544576,0.17496659608372378,0.14791325920608286,0.12851432765167145,0.09424740078870168,0.1431339931100532,0.0767916424529752,0.180332018365518,0.5064112699521527,0.7555741545493192,0.6421503828472156,0.33315109711342095,0.36547966458175657,0.24263387485793586,0.41181331446299396,0.3179902345133582,0.27937832075519375,0.34356811970141804,0.5463081991136346,0.9801802147672061,1.1663876497309216,1.2177502197744383,0.9233135394905188,0.7019567494482551,0.3954731321409397,0.25614241920456515,0.1198180956688041,0.09796598376534744,0.0408430560778463,0.10813965521664773,0.051604048057417085,0.1714978980767181,0.3310188409962437,0.665838462335305,0.5552108389982361,0.295590971532777,0.3183380035715035,0.29382860111175435,0.42122507838563483,0.2959763272163919,0.30418710878282107,0.3539273515254754,0.5441467115676012,0.929955711909407,1.2250522385528138,1.1747440604563295,0.97648348709729,0.7318696696277747,0.48285808032461097,0.23897094884404582,0.21646551357770907,0.13517202984549742,0.01,0.11113889705031868,0.18905740121937648,0.21601461393845842,0.37517583348642936,0.6925577453160872,0.6742704308833276,0.3427886467508676,0.23758546494762914,0.3276781541657089,0.31298682222724017,0.212725180110265,0.3138193791700488,0.38376101139370555,0.5330536196733126,0.9143228330483696,1.2343930788775808,1.1090635824531379,0.9175377813004321,0.6549705255020084,0.40356223691444865,0.2670340197616725,0.03998666235770845,0.15147537402000089,0.08653454971391776,0.07193126554735171,0.19202993784474326,0.24431450014497635,0.40764780231164843,0.667838992649594,0.6525463654907407,0.2870377339744585,0.28102268688786086,0.33368603309661554,0.25044510083814114,0.3424622577870262,0.27140566972456626,0.3577636229007337,0.4908880364128979,0.9844296600938722,1.2100524022162928,1.1431033360578742,1.0548276016807705,0.7674072602034364,0.4259740766112895,0.21796585921394934,0.11595774562227143,0.14876584440118487,0.05494693551917439,0.01,0.07952704380379427,0.20641876368114678,0.3497548610968736,0.771159787322382,0.5599710479039516,0.32910439939050784,0.2578680813824198,0.6646856175904212,0.6491877052035642,0.7450612724270006,0.7119709094701329,0.6640546145334207,0.9520496222799363,1.001427936635632,1.256413101902069,1.2031296150685902,0.9783623406616294,0.7517135892330989,0.44768027539115407,0.20759581310620112,0.1956229786706359,0.14526079690494637,0.048595637116975926,0.02012866243183195,0.13190983334586015,0.17895688073438698,0.3184894203114078,0.780467602678729,0.6156513692736517,0.36174663404718327,0.3039010337141553,0.6103140032127866,0.6520685578221037,0.7413853450184326,0.674371338142781,0.6782743980048984,0.89564804593175,0.9558499293844097,1.2012069450213856,1.153242430160239,1.0252384835774926,0.8068844300226032,0.33325321865675794,0.2993419064701909
MAC000177,0.1715673473141166,0.13479390176666045,0.16251746644936507,0.16688053151238247,0.12938092047373248,0.1883090365482044,0.9794424855328592,1.5734846963500038,0.9001001915013245,0.22543262086507032,0.2826282584303272,0.23764114791210617,0.18510514042474882,0.26712879489151037,0.3071700020665473,0.25720060800173805,0.27316169188105216,0.8161724052151063,1.692362419600485,1.7739592498450765,1.2869682181443005,0.7291222756866877,0.04356295665313995,0.03514923506781735,0.09012356591276002,0.19502580435387928,0.14279633448348852,0.17185458351145155,0.06525089862640523,0.07104214001365304,0.9414163625193718,1.621381635786966,0.871124887729745,0.2603374825938162,0.35961377235714703,0.1451942936156449,0.2244730035836099,0.1884469309005487,0.275815711919983,0.21342089909482828,0.27863014250947826,0.898744420253418,1.606892298622009,1.7710126418219567,1.3687646167391987,0.7832756332506241,0.01,0.01,0.03578791528786224,0.024870809366261515,0.179895563775142,0.19220402204454476,0.2113131835358783,0.19999147103787449,0.9742807672230507,1.5930772854053452,0.8973456845756266,0.24468608106964432,0.2529792734163815,0.30566139532127234,0.23538501977246823,0.27353009234331305,0.22642606741877558,0.17620551050748606,0.20889575082664377,0.8835946221895696,1.615042380994376,1.7238515060342627,1.3887687350842675,0.8089751030511989,0.024870447046350136,0.05378769593696247,0.17377616139127158,0.20851472651325775,0.11066106098567087,0.1847942051066957,0.09871178603616088,0.10356711911723623,0.9369885918083372,1.5945504333499492,0.9372395685655536,0.21087342785847782,0.17489122767774304,0.2898563064771825,0.2309462554734277,0.2163882282297933,0.273013812508433,0.3243183309395111,0.2340678360360451,0.9250267442715693,1.7253802319364173,1.7411490046839475,1.2366499379054459,0.8029323450261034,0.02220504843982887,0.01,0.1630671616857068,0.17196734594428953,0.11545598381154411,0.1388220701958767,0.06556781138590204,0.18377953894316681,1.0409939233282306,1.5171977855712702,0.8705973830911797,0.22116200053308488,0.2307139057097447,0.1884147551170966,0.2401586687457892,0.28112316454386915,0.1678678624482392,0.12264523801696892,0.2672275250195228,0.8844093851964466,1.6608308016660747,1.738040582630113,1.3821523084280132,0.6993189751916555,0.01,0.09720092196396725,0.1591405797951165,0.19409976578138238,0.18110728124982253,0.16621932439456932,0.07720510870186996,0.19093914189707664,0.9078511165276475,1.570251826065148,0.8410239829949359,0.20563603016834472,0.1424719857391566,0.22492388395706658,0.17942585797568328,0.2234381680954149,0.1976743523740377,0.22810617960188562,0.13615792609540528,0.7980411407955741,1.7008583649285158,1.7517985310315765,1.3332559362409917,0.8353564737197522,0.01,0.012748766833296949,0.2025184653503504,0.21480834340339566,0.08589737755882534,0.14568387694072213,0.15294245614020455,0.09136281784580036,1.0169649719698437,1.5304577892714704,0.8032165272774661,0.21901886952360508,0.2526869324113201,0.20392415729708224,0.32045295099761095,0.17367813713292987,0.24617899896923331,0.12949572815050556,0.19378482589942383,0.9504555610573617,1.6202659167315776,1.685272209125872,1.2620044013589382,0.8243732861862507,0.09194850061182563,0.01
MAC000178,0.12605662396327663,0.24915345564589403,0.13326557401073758,0.21128191455545595,0.19570958089023288,0.18945714537896713,0.19004038468824566,0.7457952371164234,0.834782662810307,0.9163437347428621,0.9835113793921025,0.8574545044314794,0.9595626789283227,0.6860846373063116,0.9420482767852358,0.8771878879783235,0.8893485987438955,0.8550368207853949,0.7889160911176363,1.114420622776331,1.0833356072386597,1.0827356331402778,1.0322905829824092,0.3066816530376297,0.20282209946518182,0.22955944815720003,0.21537388500417626,0.15229390071268575,0.09131435229925244,0.159423629458614,0.20232704705789756,0.7173607882664421,0.7810179497718538,0.864012624673268,1.0604402118495109,0.8720949215790912,1.0184322777428847,0.7470629500067905,0.9613801871134818,0.8072090369817375,0.8717457387350749,0.7280974147070447,0.7692475401766535,0.9188414087669656,1.1310915898921927,1.0211387471573072,1.0121694588329946,0.23531049648626912,0.12325244005612702,0.24742517523475954,0.2090527705843473,0.1380470889439756,0.22804715131306735,0.17217305062684016,0.1484141421195042,0.6751882286848039,0.7723523111227343,0.9884970030810857,1.0201852527343902,0.8777659165548017,0.9878764791937058,0.7085207239591357,0.9293611903788758,0.7162455836451338,0.9278907702419489,0.8966079007466258,0.8025500926069036,1.0279576637290186,1.0383562405611764,1.0661706545521796,1.0845994579989238,0.25884145693121086,0.14125598282586288,0.20262399860270183,0.1589219260579764,0.17840509591280346,0.12364868915576022,0.19332794814146054,0.09824784367795882,0.7209971413832187,0.8209689735727473,0.85840356835291,0.9987278021286532,0.9237871802454426,1.0189617045355033,0.7004920061922468,0.9116254584056395,0.8603967225977854,0.9907125863053582,0.8365154578079829,0.8730262453289742,1.0164150179839664,1.095618272749893,0.972879356985191,1.0573347409256861,0.29944639963389375,0.16382753204976908,0.14584211643355305,0.15264158883444162,0.2375822192165905,0.11844850176469446,0.20158186549257676,0.2314118370314891,0.7554609859467877,0.7583176079136168,0.9105784282569885,1.0237258333380403,0.9663987738169181,0.9762603825770269,0.594442785707844,0.8836330620076835,0.8298945398456303,0.8861979594816428,0.8478536883679489,0.783462376008174,0.9784833918338298,1.0388074227451987,1.077452580470245,1.0744766737978668,0.26289966513606366,0.18412295906392562,0.16437989277148934,0.07480998228322905,0.08342820174695459,0.1303992630531436,0.13225523712246376,0.22151557523667298,0.6774363480153759,0.8294014203416199,0.9597438353607184,1.0311108911834699,0.9380605921869924,1.0574066782370097,0.7235132005482502,0.9730776360955871,0.843629845351885,0.9800822959078673,0.826600718171819,0.7528534399019622,0.9641370614395353,1.0550724372780764,1.0083475370144095,1.139788044911205,0.32421255589333153,0.19634117558558406,0.15318826641433758,0.0981003809559923,0.12184322496250312,0.17573846260833942,0.1306147453671757,0.14990960226884856,0.6566105022881432,0.7532229076677962,0.8515387391613254,1.0521912622314595,0.900946000066258,0.9465013210448021,0.6838247020252843,1.001899703145809,0.8750734961429867,0.8354635082572632,0.8152192344628498,0.7952337574764926,1.043705950150024,1.022244640373171,1.0622864547477027,1.1169729233541383,0.28865548175000255
MAC000179,1.10740584346247,0.9011304480641776,0.8409106750021735,0.7365781890164589,0.32437655493849216,0.06064012483446386,0.11188613120332583,0.15940810574075615,0.18174787226441536,0.12003180627293515,0.10469375165145203,0.10928294341842053,0.21120051534660098,0.1247759874722757,0.4397850943580155,0.46181825023620426,0.39112189481062953,0.3719108012213431,0.41350495717242447,0.3653882701688241,0.782697982799189,1.1665932312017948,1.5518864201061546,1.1101518010805347,1.1001510926743463,0.8757629411762842,0.7399760954605871,0.6060045412294596,0.23504634415818493,0.19319004232940595,0.15407661950655344,0.12386630199772496,0.18471371118855756,0.06988006227218324,0.06509145023388191,0.12311390794633575,0.08766514159274846,0.1774013018350689,0.5580783315017197,0.45907575022020886,0.42019331392285814,0.40687717326233924,0.48715576235314556,0.4079787549860582,0.8368167423474903,1.2200371497656077,1.4755371788555232,1.1794629211450856,1.0984464011254012,0.9141715348438839,0.8322970763771259,0.641614755898424,0.3675359140633397,0.17051709200333262,0.11791282568889984,0.10795447676170716,0.09254429064897712,0.09275437647097552,0.18325391180448014,0.0884489081987733,0.1139046176262109,0.06897901631811829,0.4018175258739472,0.45397577782165244,0.34801492821093005,0.35638469820479934,0.47925558054006545,0.3774845350805972,0.850572855327309,1.2461726261791943,1.4628377887052024,1.2669570356591349,1.029219749176131,0.9569253254239481,0.8021595400445956,0.6834246420945604,0.4092905166277394,0.0967302411147445,0.0673953279452412,0.10136909527034246,0.11835119361520267,0.09185869874804625,0.08288123639467454,0.052496380641161036,0.08884279244271304,0.042803606589804366,0.3555673113095077,0.4432839301612623,0.4571108367313492,0.4061396449861281,0.3287296855305921,0.3800252847192233,0.8653534386784826,1.292606351483793,1.4418087971391709,1.1949059040570262,1.0201618168753994,0.8923262402209563,0.8244802610110613,0.6880848211761212,0.4339338974512979,0.15057354109104473,0.11176691011902495,0.14696687373202516,0.07039347113000843,0.19327556778756522,0.1348373779913487,0.22916206347195686,0.07901580210926606,0.012661559461783004,0.3924942201313035,0.29681178479349424,0.5192776952449794,0.40092547591246114,0.3388421607825277,0.3742624821156505,0.7266422386027473,1.2228364488388455,1.5836978411881792,1.1794496404993768,1.0681239640558717,0.9397030910403196,0.8089612033198983,0.619966868305331,0.36089119526880103,0.2321951692847199,0.1632579255842066,0.13427373836578205,0.103658841123556,0.07763594896784565,0.2854184126848599,0.15469270942051686,0.1171914958945651,0.10440662230505814,0.36018468592836284,0.48196495226992747,0.41692464259285517,0.4335145337972735,0.3434579447352054,0.4308600954686661,0.8067733494680545,1.2888378266786855,1.4856596737604608,1.149064692831714,1.064263324331973,0.8765901013107136,0.7588186529625833,0.6045981724913558,0.35319952027004886,0.1367529516053995,0.06662628995840385,0.051613570903178085,0.11148802345548643,0.1480834593234127,0.03143684069957252,0.09206462326944335,0.17140760696793628,0.07662230204560848,0.3748838364288098,0.439682180632205,0.3954051446918455,0.42495873295326836,0.4460689212670826,0.47838997642569325,0.8643943701770628,1.3629667786145925,1.599030110511775,1.1855203945992738
MAC000180,0.8,0.7047906007393613,0.31468341841170955,0.43398850954871915,0.4063102246934891,0.5701486131613136,0.38990849080167306,0.36819328961137016,0.3280072752622361,0.37364891017210833,0.39125224698687266,0.4208431706456012,0.32748236816611176,0.3593527255052305,0.5050351817054204,0.5438211422200621,0.5830657275274944,0.5106016349695846,0.554026083041397,0.5668739013931017,0.633111980522536,0.7353851677394785,0.723399152580338,0.7491881953179685,0.6438878291527725,0.7131001983474021,0.45558703512068804,0.5697328270267963,0.4977869197322243,0.4550094517698995,0.43727418716429123,0.48803699891880215,0.4501138436823797,0.5572691136549967,0.6884454447332569,0.7053847773339552,0.6719521322221709,0.5295639673972501,0.3825025459188546,0.5715278852277947,0.5843841870292853,0.5512529624128144,0.3146653438333733,0.35307773696227274,0.40852981382254416,0.44352139744297303,0.3421777796734411,0.5802793234417591,0.5316466562839012,0.6596419608858288,0.5545628787445019,0.6512943256878004,0.7721649174292959,0.7533629527526291,0.6799681013236212,0.41309694662567653,0.4273492236590898,0.4366944315064309,0.3734953874000526,0.36050216579633804,0.31249657570361966,0.46900278013105023,0.4696643387703108,0.49740658234684915,0.5343675211948742,0.41203077732353,0.47455664728733293,0.537775465192424,0.4948754066441208,0.5950167458440789,0.5330108699151069,0.6940960762833077,0.510369142203797,0.4328094508834304,0.3028405888287412,0.41384658233462945,0.3642237800631767,0.30542152302053427,0.37799129651638236,0.5379736966951241,0.5043719068270051,0.4511830127615979,0.5882960484409422,0.4967662299330057,0.40447734046521294,0.4579726253660911,0.368239874011409,0.30864805841127924,0.3489559513438933,0.524492083033192,0.45958860142660607,0.33846935198831196,0.48001717165989677,0.45622451802292285,0.31703100523180183,0.30163243892506497,0.37079156796370993,0.41937621527633545,0.4993807478479805,0.5210491654310834,0.34256561032363775,0.3537360573976792,0.3427745663259187,0.43130071005984627,0.5197222360681673,0.3223263113731068,0.4087638395568557,0.42515141082769403,0.4275958074079049,0.509482374497308,0.5147341453117278,0.6405926738124531,0.4511326474686196,0.7395454120202628,0.49977146578995973,0.3696693843569572,0.4829361014435578,0.3724226095804235,0.4287547557733913,0.4480835211508538,0.4953388576774672,0.36528392613777694,0.5182759832684647,0.7615315756978243,0.604767534515579,0.35683680429641473,0.3483584940701406,0.3831647074418023,0.3134088035888109,0.32407246912442833,0.4271154769884268,0.5119251036326136,0.4219221782648431,0.5948304035663314,0.6611267224994257,0.6014785540899206,0.39687653751203966,0.4061062132644341,0.551920114566671,0.4725375853040072,0.707433752597914,0.6301562345666688,0.3272588708988787,0.48764463750129594,0.42139513635170905,0.444127930912303,0.8360972539043432,0.8695956924082784,0.7965211198323898,0.5584360998959863,0.5478983847829131,0.3588145466686668,0.5757068935045038,0.4381054411755932,0.49344250724552,0.5273225449748349,0.46913645095411804,0.3189396216344681,0.3870658648520341,0.5792732416378661,0.5837580174558825,0.4730260039954384,0.40625437663137715,0.3340506462188726,0.5105807016037239,0.34659043443761406,0.43932306782093056,0.4045092582584413
MAC000181,0.0960842983341753,0.08012072890459654,0.10145154137931535,0.14302363027212606,0.11206702351085625,0.10537021449623946,0.09693254996716197,0.13208129357414133,0.15173183593999698,0.10312418727697216,0.12830940618336903,0.09853267281181448,0.08625527343556834,0.07089124282385748,0.08337101309923238,0.12362582296866807,0.14965699068995922,0.1584120441879676,0.17412668786913224,0.11278181862354002,0.11060238688371314,0.11601120589971979,0.14078301275934962,0.1297975062149599,0.11458833238212845,0.13959663532945712,0.08469687761670168,0.12221677806649826,0.10051490560687451,0.1495532962882446,0.08201784370072888,0.08439637266661874,0.16972096840532877,0.1403343939788071,0.1251613110736244,0.13387175782688915,0.08308216352312357,0.14047233901447928,0.09527246319155118,0.12553473035169224,0.10270501183500025,0.15604821560854581,0.10864736862750009,0.1124201288547901,0.15390422515489133,0.14057484152172858,0.12204413346284189,0.15302883117770769,0.08439873409314345,0.07792887690143421,0.08003500180702347,0.14924420158167462,0.1025658253011578,0.09405407052445497,0.10674996187526699,0.09357001397191238,0.11046149665508,0.1250895059271105,0.07932109374861825,0.07744983296692266,0.14966329455802913,0.12334583915091646,0.104234933827201,0.1382261541115923,0.08364185420786106,0.07965798825980067,0.10766924666519241,0.10106744818792973,0.08701517484058525,0.11136427194420713,0.16000773675686064,0.15598510286903303,0.10261186112071301,0.12810119157826677,0.06949100671189999,0.14907658604328008,0.1035621060326879,0.1211843521921158,0.09532410352864747,0.14376220783399807,0.13758850510923387,0.09183932705891433,0.06922573600930182,0.0809170340491874,0.12106279365091141,0.12695924310276652,0.1344594602856912,0.12911638090776204,0.13815942736758502,0.13354202558428696,0.13932216185376314,0.1474382677054682,0.1404237548150587,0.13039704127154386,0.12144356679065615,0.15331988320578782,0.11032944592257553,0.07897307619248384,0.153150860051165,0.0996559618030567,0.09435735118521346,0.09339437457762671,0.08893823501855,0.1166130201375544,0.1605811280121599,0.10361464454264942,0.08302511176990195,0.11112921846613111,0.10346377869830413,0.1423223549057253,0.14961932589726334,0.09177407272656316,0.09715193707125251,0.13489104031694032,0.06134833977219334,0.13709150261762126,0.16714453891836067,0.16154954564695262,0.09517589750633704,0.1510546468657671,0.13201519242453624,0.11641655973855872,0.13313764833003033,0.11684865028645203,0.14777308304288234,0.0937992327821292,0.14410113657570903,0.15735824091663186,0.10130735103719589,0.0974135052217799,0.08037405198120424,0.1107002042634996,0.11279577446992306,0.15235336576655045,0.13259330851821288,0.16668448233184974,0.1122425523245615,0.11404327314668734,0.10656901057685816,0.1111661524845996,0.13272607460622568,0.13222645310148487,0.10764037906047408,0.136017261863807,0.1263011090891171,0.11773481062566601,0.0961224372232355,0.08847098370124255,0.13508531562026105,0.0716583359901769,0.11313278541559266,0.14301062583214932,0.12043185640551617,0.13357904316263475,0.16971925141537447,0.10911622289091401,0.06484462118353848,0.15033566868325485,0.0948798052939297,0.11909141805619826,0.14792695470236375,0.14588565671028147,0.14306737143576123,0.11580986082080856,0.10507839294229285,0.08621325588675177,0.141487110575497,0.1500657567234249
MAC000182,0.07996508947178993,0.11936259111881178,0.4647211072760513,0.034753728629424725,1.273555585477733,0.5479428149837258,0.3602853730019991,0.29262863035344744,0.7417126947859559,0.6083324730940199,0.97192628938682,1.7184405184505092,1.242111388814864,0.3501937496260484,1.0299967191940538,0.4448309674447328,0.2987591528280456,1.0337824434944143,0.1339748049704822,2.1692296905751216,0.4746301542674897,0.08695480645021224,0.5138067707504858,0.5271295801775759,0.5640513368201954,0.5116468721724016,0.48900816218918874,0.365250020195342,0.7737437192550546,0.4459333709287105,0.3982977135988716,0.750413639712013,0.4540341139001221,0.10053887614045512,1.0776700122842875,0.5043403027884282,0.2603840600874756,1.184003283163428,0.17722733026322418,0.13235265244183417,0.2403611154351482,0.7676208091708394,0.5132680882531426,0.17227457585976022,1.1854622245968909,0.8427795855015346,0.9702429739589526,0.5041966893208286,1.2811302585625455,0.23758338620117417,0.4160265517004507,1.2034969024198288,0.5848479306821934,1.0851350821770303,0.3627916444226366,0.2830865867243171,0.7467564880655835,0.03186534637531456,0.8209311225712715,0.18684492735599625,0.7779088125781191,0.29739726478715445,0.5849506972562629,0.5808476771130346,0.01296228975017301,0.9165528151711745,1.1641168024249908,0.5509684882611073,0.17037504230291314,0.5214771733118864,0.5551398463824665,1.0797837686935705,1.2652898925704876,2.270044106509547,0.4938798785879285,0.2816754448515915,2.0332079777351773,0.7858868842256653,0.24549207660916192,0.8093168826043912,0.23366393360261348,1.0468540470451715,0.6155430141759305,0.9109588555335928,1.550050626165544,1.0158791521655457,0.685066329982512,0.2307718472646212,1.5092988573174664,0.21881466846122152,0.19866587205882255,1.216371995475407,0.7140781793214922,0.4465746936287449,0.36486186818572025,0.6052058146299967,0.6071613685429219,0.4585010742523919,1.0850030777141562,0.9662031011700197,0.14102650027061506,0.8226901249237422,0.7720570428255807,0.9233850790983688,0.7679515499480712,0.9731818090653636,0.3310312466405066,0.46552709944567106,0.82370281478968,0.715683426923275,0.5961161895644679,0.37775838491690067,0.4232675081836643,0.4749649873279154,0.6234186602179307,0.5177266577093899,0.19459314156653143,0.35098295036603727,0.5840240148746998,0.8073260530747152,0.37612302438745093,0.6581389818446046,1.1185280420653345,0.3126470471818495,0.6034538293245885,1.3071444269412213,0.37373391825446395,0.7098502120774084,0.41405877633150684,0.8041289736088676,0.23533975652800612,0.6201156884384563,0.9684134251745148,0.7697446996826284,0.13588672431867416,0.3426025878556161,0.2454551457809585,0.09354461625866778,0.3612181556680631,0.21432309494613086,0.6006115035839795,0.517410920755038,1.3909617198394857,0.13715606007351633,0.11687301293334132,0.04604139265294151,0.06919521419087657,0.3421097373290684,0.40591891027381943,0.9696445429391186,0.6051755580635028,0.7295734794651553,1.4721303179014305,0.6704710520998051,0.7515464976217382,0.3741099587216647,0.17556197956967778,0.0369590408770847,0.7286557952065615,1.2256503495184288,0.5033473578991956,0.5649338993490316,0.418316606695844,0.22328655934957067,0.7851459828967254,0.07675895691481006,0.39594374313582625,1.106825047074005
MAC000183,0.13969241293579054,0.23624326549790206,0.16054588029322617,0.14619720448128296,0.1453580824506981,0.35824594478023053,0.5056195961269718,1.1096962671345854,0.8533881210898272,0.386585181068848,0.4571779694459753,0.4590575447321938,0.48966701267076307,0.480286149095462,0.3212186570333336,0.5574774341421991,0.7961963538717965,1.4318640199619947,1.8819036467958208,1.6294341744960064,1.4492787742818856,1.1019435503163535,0.613477554408211,0.3776100058626463,0.20036573760379298,0.11711233322929603,0.20165901942971992,0.09715694203780298,0.15761304342866192,0.3205292219384934,0.47868427956066834,1.0197949738094028,0.9233548895687004,0.41598908787174005,0.4042849393085857,0.3986138400269188,0.5602049943493393,0.571757306212971,0.5106819296488564,0.5661477052707682,0.7819662525224689,1.3777789361692967,1.7978532485019203,1.5806561593540165,1.3447121807037103,0.9566130623701464,0.6207847390342721,0.3514822979325617,0.24939687195943971,0.24420940467302343,0.16323557912378303,0.14172286658998304,0.23479850500274976,0.19145440584016032,0.5509349992854795,1.0240331181379667,0.8443931556084375,0.46081618500353455,0.49123865564720137,0.37552851173542634,0.545046165307637,0.424424585141908,0.34854690103961544,0.5699102861188774,0.8171644926032279,1.407626714066247,1.767507808589058,1.6910039618647537,1.444169230706992,1.0425167158929325,0.5447195375040436,0.40120054125230287,0.26389612580467064,0.1376249389211031,0.12802711182775628,0.05820380979583949,0.21681618723366824,0.2193595325094084,0.579316506833875,1.0760556300401598,0.8832697225020708,0.49238460241909865,0.4756962360556376,0.4579546404706652,0.5632555754801258,0.45329176474459815,0.5124621977749219,0.5598022217647473,0.7900165197865958,1.3403013976008085,1.8256021091087158,1.6216881366779254,1.4133740052187571,0.9853500002422175,0.5851142907388328,0.3917190894943595,0.18810685902233903,0.23102529034773048,0.21932743555929762,0.1175437749834187,0.1429470585582249,0.31275095856468793,0.5632997531643991,0.9615824564450464,0.8107230913729956,0.49458640084937766,0.5238693046710095,0.5110227039456314,0.637739360777871,0.4761216001874106,0.3318653323561733,0.67240970102529,0.7439793284392446,1.2681718753804574,1.8091887068934935,1.714291451170144,1.4626433920729656,1.0567824650434157,0.5151445727497523,0.38280821343969196,0.2881606540968423,0.20589880044286984,0.14519451529272423,0.19790937803319164,0.2195347322292074,0.24778702158962107,0.5718782943828771,1.0307138748703077,0.8653710275328735,0.4850864265984821,0.4121553630941347,0.7765298607983607,0.8826770991060662,0.8569729053744717,0.7715510724829256,0.8429967926570038,1.1359206899725915,1.3264475900657946,1.8153102190669332,1.6937531468728073,1.3377165909565523,1.0243630247547693,0.6246944929270338,0.34705692689486006,0.28924942765291944,0.10768336695880266,0.11219205976346931,0.1489503260842718,0.13348636568019256,0.2474622751452688,0.4566592244955695,1.0953922915435017,0.8815457976093909,0.38605994218294554,0.4758000248244808,0.8013551512745543,0.841938456257814,0.8318258892465892,0.7802199557509963,0.8963947456489394,1.0904291011644058,1.320672808687394,1.729194312742427,1.667044889575752,1.3942292421989317,1.0308859231841803,0.5600564661921371,0.39930239862383327
MAC000184,0.09549296092919932,0.26685118114308953,0.2090560422694152,0.18561713726125872,0.17631064703602242,0.18910218249549282,1.1834132196894445,1.8412934435956114,1.0610023136697966,0.3132386286219555,0.2584990360437014,0.2810791911432129,0.27982617959029105,0.2606118922508992,0.2479313643419861,0.26350239997195235,0.34952147426722435,1.0742453145421846,2.086869117855241,2.1438308858657,1.5086075333567006,0.9293796784232117,0.01,0.07809685924343918,0.10694732711325772,0.1601702133553465,0.07912509178684457,0.17581035477770698,0.17757203924565743,0.22017833701012574,1.2242220178894025,1.8195123182176065,1.168382028147502,0.255608383252629,0.13646654226925828,0.24681562356067366,0.2855063629626421,0.28555840081585565,0.32557911876947976,0.21410174563979378,0.30161574359622173,1.04178459945759,1.8693903781802705,2.1397409371513634,1.5406592551851197,0.9200194305414164,0.013200620894010338,0.01,0.21561773007694965,0.1229902628456551,0.13100114967266707,0.1755227567560563,0.01,0.2090176189759171,1.1849001426062908,1.932412344470015,1.04052103958442,0.165947185280433,0.1974630914958392,0.2591225649700291,0.2100543932238335,0.1745425752814887,0.2720313838525795,0.23775268434773864,0.23305675069824386,1.0009471066263727,2.0104226800534435,2.0771824514262387,1.51680753177042,0.9371376154471238,0.01,0.01,0.15695537024131775,0.18764806806865203,0.11540966189920476,0.15961226073342705,0.18012858000337287,0.2192819977686715,1.1883390501596953,1.810237144202455,1.0231729843123216,0.36182342071711654,0.29894677046229884,0.27041329554755467,0.2618004689417206,0.20695005881490788,0.263104003501785,0.2550155768678465,0.2321699789631,1.0226962075012667,2.019691060780305,2.075521675679915,1.4665347662142825,0.933059950350587,0.01,0.018073990913176175,0.12254925468355429,0.12012809136778091,0.1610285550046107,0.17522042789268474,0.18309412820763477,0.13510979962588757,1.1798132133577621,1.9508403995017836,1.0514580210594442,0.33275433610625654,0.23706910982194618,0.29493085260677854,0.3324209941085292,0.3344431070303161,0.17144127566554968,0.35442726719421214,0.24060124619164144,1.0324122147638153,1.9595104463451385,2.2198962058276432,1.5749915665414838,0.9177851490943048,0.01,0.01,0.18867151652959235,0.12128725507567027,0.17458288896505378,0.09922574770805603,0.11135468673315843,0.16668426296800518,1.2232706814022172,1.9471660845122223,1.0057004893824821,0.31858281465591876,0.20391738518939304,0.20884844168288774,0.2616941400496501,0.3205770475874583,0.27006328718076944,0.28135954459024476,0.30691398646842377,1.0681786132490592,2.043188238479606,2.13129502484656,1.7131684590229042,0.9235140975673725,0.028263100720257697,0.01,0.10161246314166686,0.05797715802882451,0.03827618987783207,0.15029720405226926,0.25204021632003487,0.205361613355781,1.2083116165906227,1.83125572246426,1.118318318518869,0.304659337037667,0.1883026424138523,0.309573539496927,0.2328688835206043,0.27121457979926095,0.20876110338171766,0.36300485648069086,0.20945455892186324,1.1060522769958698,2.044199610720275,2.1392489952788996,1.601124161804452,0.8908046340893345,0.01,0.01
MAC000185,0.2034786984139763,0.10125911709441746,0.14259059696388995,0.1346114744587002,0.2110847161486173,0.10037578285993329,0.12659164478691562,0.9426582085796977,0.6495578913885602,0.8355227063325309,0.9535936173460332,0.9760625547678509,0.8863035464198498,0.7622285736872237,0.8292206364784184,0.6881212237174711,0.7028388341844065,0.9119098041447949,0.9520130043044777,0.9719416824702158,1.1657003801951697,0.9494873044089682,1.0031236836114914,0.21335576189608485,0.21022272972717299,0.15005063964214677,0.12182357323639922,0.16316957171663893,0.20434145360013584,0.12144787027461443,0.16846807660409405,0.9799695697274645,0.7518851953338502,0.8503565007767209,1.0401497889088864,0.8810930088906889,0.8992104711314073,0.7483217681125319,0.8769675840918914,0.6329814531182443,0.7724560642177584,0.8510916089726329,0.957330175899241,0.9125746694628609,1.2659037158838053,0.9538350895519515,0.9073204159643418,0.23866435328120575,0.17172496057733475,0.1351991691035728,0.09900430137396732,0.01819098755059656,0.24676311195191558,0.2829415615870901,0.09794156452573444,0.9647007447800311,0.719994930614653,0.9008094830160679,0.9348126658514101,0.8827564144622105,0.8360833749824046,0.7311668363361669,0.9016612700098292,0.7423670264175903,0.7114893303604966,0.985376106221805,0.8725578723740748,0.8845819431678305,1.176869835436495,0.9888330069839154,1.1075843821783162,0.13049984964354866,0.11725382817696015,0.21349130641853026,0.08261809707678286,0.04093937844482577,0.13566891573336243,0.2084314456170721,0.16002352797712102,1.0143002050051733,0.8273761808361456,0.9113630480552577,1.0217232271417087,0.8190412447278999,0.8752822812325017,0.7216068131079258,0.8386015463823066,0.7619230898020007,0.7597213454619771,0.9053324235458629,0.9980399709163469,0.8749794110820318,1.2999958937910485,0.9775057799261658,1.1046064962831705,0.22939272635839786,0.11017157686836235,0.22315585943465116,0.15774597256262352,0.12274391302741988,0.15473440541365713,0.13405866169494993,0.16559825663196384,1.0164105495671452,0.7455764350566743,0.7459845838736003,0.9084305018763925,0.8832951078024072,0.8954552736070047,0.6691774637117502,0.834477514179481,0.7082475511242096,0.6819226213647757,0.9151264263036784,1.0002325304676252,0.9143088857378926,1.0979099210204049,1.046246200515042,0.9956793392440847,0.2371377894144197,0.15161683535638512,0.0815363039951925,0.16204490139595237,0.12555673321109623,0.16179021392794457,0.17772061108043338,0.20937405564699899,1.039942404806376,0.7327326412006673,0.8224610471590853,0.8879958996376074,0.9260517289043435,0.9028884946875188,0.7606987101428698,0.795970165703812,0.6789050516602879,0.7485188711606212,0.9631058756582522,0.9480659786343839,0.9455978829300705,1.2490868309475802,0.9820789697903218,1.0686203561251988,0.21076034069756688,0.26048682451566957,0.22756584798226973,0.17122702796300293,0.11749274697241013,0.1043259139687799,0.17173082964033393,0.16333544673054334,0.9405265807714897,0.6908335125334814,0.8686174007794082,0.9411023871465779,0.8238213013964111,0.902921482168114,0.8160599999635931,0.8754080745878826,0.696267031600941,0.8034486581922685,0.8807338167142685,0.9545720791195077,0.9159498314901967,1.1892665596181997,0.918022466714015,1.089610622616338,0.26565958915704685
MAC000186,0.7331325520228097,0.6792852392681673,0.5120385559077092,0.43102108161491254,0.4010196676418271,0.024734682188261012,0.04645194753282921,0.1625588117349906,0.03331352010474902,0.030178568788213227,0.12866520440313906,0.01,0.05600616910933272,0.11500009476055462,0.3620808313101596,0.3117420421174971,0.30977164910487376,0.2940819156171633,0.3516728803790697,0.3514786270708602,0.5946976474969816,0.9088666170700889,1.0151254181587106,0.7790289933522454,0.6404736297209039,0.6445993479897876,0.5165439790302356,0.4506709321710777,0.30502549349978414,0.12535043637390467,0.0502330739306019,0.061903365173749565,0.19298097986540116,0.03966338623720327,0.11685889664174301,0.15912888636679223,0.09343987745797627,0.10230670264875702,0.20148459344233283,0.2660340265304667,0.2954882589298353,0.3585315389119978,0.2589080943479062,0.2937772359400713,0.6351739715967334,0.9539425669482644,1.0841062710255556,0.7878973495088244,0.7631609435360885,0.662188044412,0.5123704848714563,0.48058939595703937,0.27308676919089137,0.15746038860277145,0.04356776337847309,0.1247900481608566,0.05207227162028347,0.07897262164270855,0.06174517052294963,0.17867585868856412,0.11425403574003681,0.12199340378739457,0.2512255028604373,0.3129284237919677,0.22669175716249387,0.15964653744884003,0.2639021919452295,0.35420451724702995,0.5522354434853392,0.9333380847558536,1.1950204777225089,0.8138564543471981,0.8250083219037626,0.5492079528241955,0.5434517788089666,0.5156687067095733,0.23876156849798746,0.10971785645922072,0.03248885321481998,0.18481937794889977,0.15886391541877953,0.11587709143500799,0.031605775293243835,0.08274653858571415,0.13473712283895295,0.05286681119488884,0.3626768482047335,0.3069529898463709,0.27871070207421744,0.33484821517992347,0.24611540569370996,0.2711360071824275,0.5452050694210719,0.8194918125200155,0.9596521518665099,0.7735708803672969,0.6999115612231689,0.6874869010923137,0.5545498075688328,0.5228110921847359,0.16423828775156057,0.09851678163829372,0.01,0.05726214731035019,0.12979457484511614,0.0651336793297964,0.028772296796920387,0.14431151031396874,0.12664253450626917,0.1545438278031365,0.22414736057119683,0.19707253238307348,0.36190941555211453,0.22160093640479445,0.28596780466565697,0.28049054887728975,0.5397048506411745,0.8385773233887719,1.0454404718273118,0.8645534814098869,0.7077331979509434,0.5930308962166734,0.577175939707114,0.3900028031900868,0.2604366099204239,0.11232802958619456,0.058842818127276555,0.12228474730877104,0.07787109018794366,0.06837138088044759,0.030195423083149417,0.12952009936568,0.05798224575927323,0.06873464287187767,0.32006095804302137,0.24415583451624487,0.2484267467768737,0.28704806539044386,0.20618429746353073,0.3050862134685761,0.5711110775482133,0.8166001475453659,0.9557553689741995,0.7906876995228553,0.7161671052985468,0.7170397649085307,0.6779281558193564,0.44856024697101426,0.20279388114335622,0.1532477142738526,0.10062025893640861,0.2592545481892349,0.0710881676451781,0.13104795315810525,0.19967127016075087,0.020342022999756286,0.033682693308997855,0.10282928229371116,0.2840355614612523,0.29419654122242955,0.24820082956390618,0.2847635530752821,0.2680921110747151,0.31332084724710824,0.619649059318945,0.8248684220949818,1.1270336288972573,0.8196102550297356
MAC000187,0.8,0.7499655017437517,0.3617172740089795,0.31462037614541494,0.34433147928126345,0.5284846187580762,0.3406217671771148,0.31342067701554277,0.3493969123779802,0.5017171450618196,0.4647161070936313,0.37002834169833143,0.3197828772300056,0.5184698655472594,0.6081364839219856,0.31092474174045154,0.45084827527033444,0.32084750263400913,0.5245388248286603,0.6863165205727326,0.5094343448698071,0.4803509928203049,0.47453913116098756,0.621304740027433,0.42471957976337665,0.4096681498867535,0.3086950702657082,0.34701343004876467,0.3710489468791641,0.45874069174125687,0.599087903442171,0.4145529232709427,0.3607618835560321,0.3548614564854141,0.31403569492941347,0.32293013283976846,0.36286230190256413,0.39331633981476505,0.4706137157030134,0.3973593257389603,0.4355760137308741,0.4047883532253142,0.3413449117579641,0.35245504126259025,0.5429395384991687,0.37574737245989276,0.5358652170185029,0.43802795187229054,0.3445572477059877,0.5131052835420011,0.5448275586847735,0.4572474021834133,0.3247709749436838,0.3551232800711039,0.31018955049943053,0.4508439347040934,0.6649491950638344,0.9384049254362463,0.90580838049796,1.181848060741294,0.9783921916816458,0.6442363661499482,0.4301908444406026,0.5307132431431439,0.633537090537591,0.3457794221583959,0.3713191335272197,0.38336904271661043,0.4307903314900892,0.40027945624180383,0.4930668326775858,0.4500196901722459,0.49250577854167576,0.5850253235035487,0.5429359958936515,0.33460917903478293,0.4161495719007471,0.5632255820403689,0.7117528994439835,0.6724065854839012,0.4108664156198025,0.4358686046160527,0.63617753568855,0.4500530171839122,0.3049344909282351,0.7073820611799472,0.608576359480004,0.3590497405045411,0.3923711639728854,0.33655975748096645,0.3032557730672233,0.5016196325957428,0.3149395346798487,0.7199933962679845,0.45126087324215225,0.4249752923781692,0.3987101496078396,0.5213563875680706,0.4703227316236164,0.401201021924137,0.53209854899761,0.6024434487298906,0.6812914403066233,0.3245626271963521,0.46759991849756893,0.3467986049185975,0.436143099391891,0.617352364807862,0.567203086297352,0.5706782407137039,0.3355729303110182,0.38188547825104396,0.5778656714384663,0.40399076513536997,0.44319503952728,0.5800431012688305,0.482031845591607,0.5353498022820145,0.43140284642557936,0.3444276026733524,0.4190682128588411,0.4394682392469676,0.459395778312508,0.31089871571000455,0.3345850215734933,0.3537139163902583,0.3605103036832272,0.32874541160460286,0.35670046191031846,0.3380602433973635,0.4172378203337313,0.5702266158686489,0.5969760522563841,0.5422286441706745,0.34385251727650656,0.31809811382834574,0.5493996545584244,0.32227343347958504,0.39276480006525616,0.31946838610435935,0.4392462692879946,0.34847269455109176,0.498120321795842,0.40853767458117496,0.4816217927888832,0.4633042129222781,0.4122817482236779,0.5899566395892555,0.45485920411594605,0.3172329699662944,0.6532117523400247,0.44654595079590964,0.6296828413744637,0.5372536603291884,0.6197445288700825,0.41547180330672806,0.42175481657638775,0.38972553048776465,0.4145238139647085,0.43143682135554884,0.34419537949200146,0.386881042555003,0.30948587698249896,0.3869364966809652,0.393517378704611,0.4660891326940857,0.3996666257098084,0.36647302720545905
MAC000188,0.1407793125173085,0.12407889384458934,0.12839972503391905,0.11655389593066474,0.1439148289142242,0.09108629223497462,0.11654873218464429,0.14593543753752014,0.13194555590178125,0.16532403566047033,0.08777666596270392,0.08185757169248023,0.14330704523436633,0.12939669935855583,0.1529910785815015,0.0969403899229971,0.11739814451134577,0.10718377207628423,0.13896718470278904,0.0943875570318182,0.1453883015865765,0.10827243130318477,0.14443723723942362,0.10691783095458039,0.10946401552862645,0.13552605226859288,0.12874415197351308,0.14216281447298793,0.1416065194590927,0.10388833532833561,0.10229936822813997,0.13620614559531444,0.11193055485790016,0.15791462332659043,0.0921392079643874,0.1332995178766642,0.096430356227111,0.09402258028845227,0.1157282310118997,0.11226871791853768,0.10955768063787524,0.07315309723738174,0.12102829611719683,0.11387053951810791,0.09718466570511913,0.14943653254664965,0.12647174871321404,0.1379481719018853,0.1315533515648371,0.09061573707306458,0.11085588042676366,0.07060224706967755,0.16857902109813,0.17033365620472818,0.1070241117925589,0.11375572428964065,0.12987968375768455,0.12178245660771732,0.15185357709547448,0.08566582874958636,0.15537438305594387,0.1727723840837787,0.13995134508259605,0.09401950786947903,0.11270594783432326,0.12827446403230947,0.0898754306413979,0.16168502423563547,0.12046772304741625,0.14155088617433856,0.11024193923716638,0.11869749446223174,0.09188106588916822,0.12072540120823204,0.06297087520148889,0.14152483610910696,0.09353432504976901,0.10220691983119817,0.0962623444894555,0.10934580011902212,0.11794420831010959,0.1515652720586667,0.10652210570007155,0.13855108547203074,0.07810720369568516,0.1011281633394077,0.10198139488492337,0.09044632945187601,0.11101586979522177,0.12885609545470691,0.11195969827654463,0.131707145046106,0.13256469840908228,0.1161815429550233,0.14727766534077877,0.12141611747103377,0.14700371918233968,0.08124525557232713,0.09778779773850207,0.09964568072537193,0.08558784278737923,0.10530664990826379,0.14332330316082328,0.1516290381554162,0.1357590294772093,0.16961351797617424,0.1535928877806691,0.14027817193261363,0.09570906641128807,0.09159260034791396,0.14958273406336747,0.10250093680040076,0.0912855780608291,0.14767564170427422,0.09106435371017157,0.15367399090754877,0.13762644488712694,0.11799000000554195,0.1359673872337889,0.1161830214068095,0.10203683942537334,0.13321554655380966,0.13171905577648604,0.15042068831021455,0.11339622807169482,0.10479696718161977,0.11863844116615545,0.14760784986616174,0.11613331579360704,0.14898219428052165,0.15626612869756099,0.08226691696145133,0.12070414563219654,0.08662887098387344,0.12833376414871772,0.09784550228749513,0.12280399135195963,0.1276314008217152,0.08218601077367713,0.150374552110999,0.12163039059087534,0.1477372854163497,0.1259758649117316,0.13121235330253875,0.08477588184263785,0.12606022453629956,0.13149190966772292,0.1351312723340803,0.12681970172524804,0.1318173626383611,0.14564299792533458,0.1222938048792965,0.14033519738509548,0.1381217753113715,0.06689434403125466,0.15278931335004226,0.0991557570539791,0.1446400218663293,0.11142602525853526,0.0971264739644096,0.09852394654337282,0.10756683313950344,0.12911918010372073,0.16637254686755906,0.13746107791105483,0.14662594279401986,0.08396894149328124,0.15995065144971543
MAC000189,0.2806755899581433,0.08886956840626317,0.6679641608781405,0.6162067684253811,0.40243305026396,0.12326478824667095,0.44321321342192316,0.9065292101756344,0.29980618572916684,0.352662701923016,0.8237242171537548,0.2721653223800398,0.8417422593833018,0.7830641452999637,0.3811311523934676,0.6448817268007421,0.21519789051190655,0.6091187160965401,1.1282210701729447,0.9722872600090406,0.41238267133799605,1.203833637665558,0.043513607798086634,0.4840792393008799,0.47262603059137887,0.29722462400503286,0.21239105132457814,0.2139956931290605,0.3945690140265857,0.9178378645820794,0.279589553545941,0.4632616710008923,0.7169772693873072,0.8971200348881989,0.37390748096469767,0.4224321647408326,0.6557934282092703,0.8519118267330114,0.4327043007645834,0.2936569368285765,1.2404249458367855,0.8062989266356699,0.38634584698526925,0.743852162411634,1.1103771274042498,0.7541375313113703,0.35548918808212726,0.30166503183620025,0.7132014773002129,0.3471902066143558,0.3832070201304089,0.32137030798859284,0.4352110611454482,1.0790617745120483,0.20072174611929203,1.3634422006336118,0.5352810230674279,0.4234056967233289,0.16207864685761203,0.2760634691140393,0.5029282358832208,0.3306014591923017,1.3358060824568614,0.9742703149663463,0.8349048170344574,0.2809404684057518,0.5560733296677361,0.24935766873445953,0.4672943921450585,0.5584738391477209,0.22739419091617907,0.374996784119594,0.4398190217290364,0.6300552623184191,0.4217426740904287,0.23826197889914197,0.5405227238645223,0.5258327985388548,0.4465353795127902,2.3674741999764506,0.347111948944891,0.33055798041479323,0.06646102263868817,0.39950657242566073,0.09310765557565971,0.3355508902774368,0.857929942278964,0.8111111391174438,1.1865990396657973,0.9557253712232294,0.7140426411127362,0.13993643949448759,0.20926567145613054,0.34303802213312956,0.5671838024129375,0.4992261463255162,1.2908836438119746,0.7038668391436542,0.028238557065739557,0.3771801368793483,0.8294055102467229,0.42542801951219106,0.5634264678531922,0.29101736131798056,0.8531292403221429,0.5094586647550133,0.8587882863105912,0.6586084617870097,0.8560856463497234,0.2706044490512768,0.1570818078759583,0.4921811381611598,0.5781614349703866,1.091284452547163,0.031177826103269163,0.19532585319052442,0.3980482357044744,0.3596065875919847,0.48163559905205694,0.1695212440303626,0.5399893617950253,0.9271878310231323,0.20176144854079311,1.272893857467411,0.3816457809782922,0.2834711072337011,0.6400578704937426,1.0542492232454823,0.4522494680406005,0.9441713883217889,0.35978442696815527,1.0417492496374916,0.6222188434877441,0.12048902405933355,0.25889775701967843,0.8735181267696658,0.2958298015507037,0.764689071303671,1.042017465636512,1.1108693988414973,0.6881371428333339,1.1199770950257284,0.6846088205043874,0.4703820590581037,0.521217312668288,0.9678634544100811,0.4740370689762035,0.31454933904000754,0.5602687441826006,0.0324772352346934,0.1462467074738089,1.0526505116737885,0.47883123423179696,1.0580302677577371,0.25704045489812616,1.4290999267782618,0.12850897367263242,1.0916158895753438,0.4023110357607295,1.2593566533566458,0.6800839777520268,0.3647832823169099,0.9155701314025232,0.7950352255138121,1.4022464540481214,0.7377684520397995,0.9210876305041251,0.46266211589826556
MAC000190,0.10732095712618576,0.2764551591527262,0.0810847675318116,0.14751350169183403,0.19859833185204437,0.09837321473348477,0.41132914419452155,0.8294038366718457,0.7536828269196436,0.3816102982936995,0.363165313975931,0.3979685448147283,0.3369253285342315,0.38939496811158403,0.34264565949767556,0.4025056829474659,0.680462256612529,1.1468814081627157,1.361682728868754,1.4261894898735867,1.1734499652466164,0.8276139980090583,0.635458999908415,0.28978242269506377,0.16070146979395378,0.21084324952519432,0.1397482040957409,0.09969073332237677,0.18426642837068924,0.19053046713819127,0.4530872434055449,0.7817573705436943,0.6653484065122407,0.5013366762153572,0.31973664925392237,0.39706470849002545,0.3802968703975696,0.4452029064282311,0.3780212207491748,0.3696522316013918,0.631585686321845,1.0691718912233292,1.4049306169248956,1.345494243071796,1.06549077025847,0.7929163843967655,0.5902802358369781,0.3487931443356046,0.16970905503023134,0.1448151429203189,0.07842627656715524,0.1511672930054253,0.19277447430783257,0.21609315165300436,0.3970470920657755,0.8160678426218788,0.6166156960404257,0.4639491237336282,0.2899668398013834,0.38786375622384883,0.42153821247332735,0.30910631723264653,0.39531626721792973,0.5536980432224956,0.6456156983707189,1.0616241179390344,1.3582881312730888,1.3782500707575287,1.0590533449398414,0.852010967650341,0.4653049885389419,0.30530249776641144,0.22907956279790967,0.13302743152401736,0.14496416062478246,0.060971865737059865,0.062104450178349105,0.1395088543650289,0.43817014402681553,0.9848189193640329,0.6253876364437885,0.24911907574998496,0.3003323419410417,0.2920156329181991,0.36310827328575096,0.3290764554716932,0.33012087070713003,0.4932028784720728,0.5271813074570455,1.0833057978261256,1.4312182255360797,1.3196476052195265,1.1325207387788374,0.791951796382697,0.4372704964257601,0.2955847289114581,0.20208373463596188,0.16973368090833998,0.1409522482746965,0.10701502693582064,0.15112827260227887,0.3425443054760178,0.4653493223412128,0.8918295302899492,0.688377765295196,0.4281855465326702,0.34385297480522664,0.32182455226218304,0.4681961219442668,0.42943429284736884,0.36637173650157145,0.43548663076973776,0.6966286537577734,1.0625994063821358,1.4102518116289715,1.3122206396459573,1.0645297854730382,0.7922672966524127,0.5170887585879628,0.23628573429147567,0.23045893091604536,0.13427427600057215,0.23412385058344087,0.040534549372346865,0.06929757334544612,0.13950649773646207,0.4826719934447259,0.7482530871629005,0.7686233181262528,0.4651735598893569,0.33717764603664385,0.7364036757410829,0.7176510460717642,0.8406475374408698,0.7295724145199847,0.7715763388148036,1.082367920398266,1.013924579171291,1.4882818141395382,1.3198891353583893,1.244081952866254,0.8461286377321308,0.47736476159933783,0.26912680747229495,0.16168308637034884,0.15618592550989865,0.12592594500022505,0.18785889517727772,0.15457193707428257,0.2015862816585262,0.5012738543815661,0.8388134443451133,0.7354365572747499,0.47729098159493577,0.34803182605073174,0.6854034618580123,0.7675711851252726,0.705367038364918,0.668924017988077,0.6753466271524516,0.9273335107002132,1.1128082660413894,1.4484186059946436,1.2522073497996487,1.1057971050808275,0.854107699425133,0.44836679933019336,0.27097244327652736
MAC000191,0.23427071046176495,0.05181287100531504,0.11696329992182439,0.15619024677157356,0.1527005678936716,0.1568743027729434,0.7923881515821545,1.274795699399069,0.8348259953292408,0.09145620361668605,0.22752484790904132,0.18312995296566859,0.17588361535731653,0.20245930073023247,0.28311644857630525,0.15292661832364526,0.17256446133229014,0.8267188509484857,1.4008708815833095,1.583493893416122,1.153578256842733,0.5621644892958236,0.01,0.01,0.12634438715821192,0.1501995237705826,0.14527582878565484,0.11581312664477934,0.1727768947867313,0.0969535099439852,0.8813892041857576,1.3047630579265206,0.667549953106143,0.15352158044247932,0.19761848943325527,0.11237154550945344,0.1480657738857549,0.27884599357264034,0.17835706614134825,0.21532311148635802,0.14929590745275034,0.7017751447965881,1.3939742572469178,1.594212295922978,1.1412405009251678,0.6803465664871174,0.01,0.037175169581585746,0.18588292720920419,0.22796689433972273,0.14812871433345337,0.0671939584934575,0.021788763569746072,0.18159967331046573,0.7744469377762271,1.3448575404998762,0.8213767181142706,0.27676207759672433,0.14770637790802899,0.20057181154944503,0.18653308237262767,0.15628301494900823,0.25482400625848567,0.22114011785477455,0.13307887666189488,0.7605997457640561,1.4258570321408077,1.5628322393775298,1.2511711183592606,0.6910110429039185,0.01,0.01,0.13570989061911112,0.02897238366044108,0.17119175495615724,0.12398377832251348,0.10939090677998559,0.09513648892694769,0.863475394705032,1.3007455825590422,0.6891173812811242,0.21921753855076062,0.15532424519150761,0.20387905355580968,0.18274338698296724,0.25726512625943604,0.216365679129005,0.2477702811205266,0.23066184344624366,0.8586426596802017,1.3665273411868697,1.6144327072328475,1.116322268564102,0.6197275150481857,0.01,0.01,0.1367877188791042,0.18476347129446208,0.020208908571687764,0.13073386062363462,0.06634581941330242,0.05284664782570449,0.8391648292631964,1.3531760585826416,0.7375523461606014,0.13090379526982698,0.17198605799701724,0.22161346410083432,0.21261098176040322,0.1670143075209958,0.18357483034355343,0.15404020688874887,0.20390839177901265,0.813840574468472,1.4052400578560318,1.5158243601107075,1.1840799964435518,0.8006497589975275,0.03419817859640217,0.01,0.06348305650424227,0.1686818151414522,0.07469914244466155,0.10522466252881371,0.09616106820463596,0.11114792112644985,0.8193181352843786,1.3961291107332074,0.79243181483441,0.17741080796165457,0.18060819245552015,0.17565142131204073,0.1986006525842532,0.15360283221759585,0.14026753673335435,0.1812441510284547,0.22473709346646123,0.8473412825504414,1.4539335822016612,1.5817381401856851,1.1965347108700954,0.690334284942088,0.022935579873255882,0.01,0.079009859056615,0.06777081726179213,0.10611050979618711,0.1288488432301146,0.09814577996557622,0.1132123528908197,0.7925398277555166,1.461706561839211,0.8506518423025538,0.1841017617769728,0.2070842003017463,0.2757330477816158,0.23222720737378566,0.16409756959017183,0.2182239293246823,0.12376336607138289,0.20630241144917963,0.7852059940868797,1.3514318070130598,1.5923827497743992,1.17787345392934,0.657905698786596,0.01,0.04218727554156198
MAC000192,0.1721469876149044,0.11468281499316187,0.1515083491493905,0.2239237611150246,0.22585803737770557,0.15641904133139248,0.06561056513348211,0.790631864689028,0.6790227344633959,0.7871108703828322,0.9328852343047982,0.9223354887688112,0.9795277143701938,0.7105024701617326,0.905326025295426,0.803270646025521,0.9444025016256029,0.8474647716938394,0.6782363150427694,1.2657684276830727,0.8867884742788661,0.975144521712621,1.095540871121967,0.30574978588779333,0.14671296805350634,0.12450694034603593,0.1575634109805202,0.07502230990279773,0.03558038114588927,0.15036962000868065,0.16225867100419256,0.7405032583143086,0.7251840243306857,0.8802097634694491,0.9128115910644378,0.9797227232831524,0.9352316889623561,0.660188312769895,0.9818917666389209,0.6755013089658501,0.8838796683013935,0.9332568058770969,0.773335653899375,1.212763381572467,1.0549423783150862,1.014113113356153,1.015125446553595,0.2177820651601346,0.22313039448576483,0.14238659228773617,0.14662692014248038,0.07977280760407655,0.11848777696346535,0.14800709426244696,0.21343581976382808,0.8172610637656362,0.7352771020497814,0.8408935051602415,0.8943844567679489,0.9131915358916818,0.946385791483158,0.752099987256448,0.8829283893890969,0.7320617448484459,1.0155853204511063,0.7525324421515901,0.6778651418382244,1.1876414131585913,1.0774948551362313,0.9507101545928216,1.0720931558250237,0.24076231319232783,0.1456402482308202,0.043184136667894765,0.22147566174333289,0.10667617826430531,0.08371899907039267,0.26965975902182526,0.12904387032152664,0.8065416084063186,0.6559477509062523,0.8567753801377557,0.9550981056522414,0.9467662536237277,0.968505137692184,0.6777913577653712,0.992979426858211,0.7815517893947286,0.9011760444625727,0.8785351237048827,0.7515447422872142,1.206210594006715,0.8796314358760797,1.0796707359411937,1.0547857269279926,0.25327494835069747,0.14803858938632528,0.20099174834120395,0.21024397286678265,0.16880320970085733,0.22938174589635013,0.17034706396616367,0.13621352560722005,0.7065452661749035,0.7252376213678362,0.6584435366234361,0.9028854714690548,0.9445944913823213,0.9204276043142298,0.7187365228411665,0.9631627956706281,0.8152421822066701,0.9812893851798611,0.8519933885208676,0.8284744816005548,1.2758562726712943,0.9378950839435315,1.0390635994571324,1.018023023335166,0.25134889020931794,0.11064775577428065,0.1786312174345488,0.11107447756781925,0.15323926489900286,0.1598085551926965,0.11176880555920174,0.17553855922807662,0.8113936626125516,0.7271068407159539,0.8318010859311342,0.989307209143276,0.9278083325807364,0.9962802765140082,0.7361003935479074,0.9624060138617735,0.7993911572197466,0.9631546354221647,0.834384138014444,0.7794057596933199,1.26788487643446,0.9639420862752767,1.015873417884908,1.0881740671861335,0.28552881241753325,0.11767467569343612,0.14805880804458016,0.10246464609764601,0.14646781648151455,0.1165335567984973,0.15612428649854052,0.06827131053007575,0.7032397850182667,0.6908923253959522,0.8248622775831203,0.848094736777901,0.9652472941425857,0.9409922863287018,0.7261400184261139,0.9523860748382875,0.8208929735748111,1.0208136724815797,0.8086416128501683,0.7739341575461138,1.1375582012342775,0.9744773131448052,0.9919628717016257,1.0652035944144007,0.2069340790457305
MAC000193,0.9559559843959708,0.7296885880076673,0.6951620254120455,0.6475625105874512,0.3091151280858922,0.1865319321805634,0.10159353023385188,0.09910880596810132,0.11177916260732264,0.14644073173658662,0.07336024757517576,0.13626631548960422,0.1353540930586063,0.07665935915452857,0.41861995027182464,0.4052393333522766,0.42522744297766246,0.4023159310335115,0.43704184425653,0.39927086271640755,0.6483536978750538,1.0489661776660482,1.3681689010180593,1.1048721372707049,0.8696854268681287,0.8485002152439673,0.7860199597336636,0.573153920271156,0.30366468901404964,0.1265253974208926,0.04283342637214274,0.16604901551258727,0.111202456769594,0.09923062384294651,0.025870852950902384,0.11428882370918736,0.0580588865136307,0.15843687899011974,0.3801220122647097,0.3029010214046689,0.3127086370922631,0.36075214527284666,0.39462477842451676,0.4030852632252917,0.6508387128605759,1.1280401300124543,1.3012251548604434,1.0910317614585572,0.9308806502282251,0.7964030513492663,0.8029708076499729,0.658699900253052,0.30938627599707574,0.0759290305214641,0.01,0.08677936952491795,0.09017212379974726,0.160245497895361,0.04061275945547177,0.12289774270794912,0.1376660944569473,0.08540037919924535,0.3627098680354991,0.38589495915531224,0.357146727564036,0.4669461365547685,0.42342923840042973,0.38340208485227245,0.7278582533140279,1.1840924524972647,1.3493590726963633,0.9818590531364185,0.9639489368655386,0.8134224015506482,0.7434465612814185,0.6053558396106683,0.2643106442336405,0.21197711161735486,0.05998287163042861,0.12662563664980755,0.15704227358974882,0.12509682176139572,0.16689347793435297,0.13457165046145697,0.01,0.03841545640018597,0.37114606328591326,0.31001501461133074,0.3872785207490179,0.46313551900594957,0.38805863319893075,0.37350789480990476,0.7956705386077121,1.2177572470040572,1.3893991764711369,1.0179909716597437,0.9295430097457454,0.7987842967893365,0.7103194348474046,0.6589846705438894,0.3409194738560221,0.10835590411533591,0.12398542399374093,0.1392342696742219,0.10214062850188821,0.11518787951450611,0.13705114207871172,0.07048721133751862,0.1345230428300853,0.01,0.3740323704960745,0.3375719250662352,0.24044753451227746,0.3863485094875322,0.3482853391615745,0.29503850110754454,0.7599729626193185,1.099283765240237,1.3440777030191404,1.10392978605987,0.9558702906728547,0.7818021015118437,0.7511442569753249,0.6874047062178565,0.32215569172025416,0.12482064482512514,0.13462600778938594,0.10999707473540087,0.10235826933961063,0.12356616146081095,0.12215299188838379,0.12704155675909973,0.1387693597839905,0.01,0.3759362460491974,0.3597771712105292,0.44451115254833234,0.3539290447077961,0.3791275260686572,0.32875675423699713,0.7661331203654623,1.1015367530396936,1.3492620205695447,1.208964387299681,0.9129924208907619,0.8052535824255103,0.6789269003173882,0.6071046594937265,0.24181421219501506,0.05598197154980769,0.12254735978108487,0.15300566438525198,0.01,0.1292692876702277,0.16539683727090315,0.05640675841146664,0.1916756378631981,0.1699561108870138,0.3275729582215075,0.3684567649406148,0.4141310289234595,0.4090209552468639,0.35297936230008076,0.32780585976353105,0.7840630989228166,1.1456192465865855,1.3022147648290803,0.859502649015947
MAC000194,0.8,0.49018321057375913,0.38613829873057026,0.42441946724316176,0.41957910797816356,0.30425558174134604,0.390309978031177,0.4646043663089971,0.34676257636693375,0.4471647366941865,0.32011548101899084,0.6894880694275387,0.6273874477469665,0.5124913122874476,0.5273539609147264,0.4577821403805368,0.3413656594323807,0.31475347260569425,0.4219957875057436,0.49645602035759356,0.33667092655142916,0.6586464321870412,0.5656017441723704,0.31313726396392044,0.4595745032299564,0.46578676331258795,0.3382670870662553,0.4346674411240169,0.3998075999546358,0.31511422701303066,0.437748424746753,0.3913676195882837,0.39247656841704126,0.3790933459934587,0.30841264366900384,0.4571465725197113,0.48090880039390205,0.3099034026514812,0.43666134163200704,0.4208504902566295,0.33231509714674334,0.6485708570127645,0.5195900541274345,0.6928334264446412,0.5722708636855522,0.5988022192291359,0.42718503162600163,0.5636997926965913,0.7163217475210859,0.558025491714117,0.49988532255399787,0.3445710099934939,0.4604563689706048,0.3485050903344376,0.4480065963187932,0.4349959276844415,0.5895173695317057,0.5180714471004808,0.5203368191883926,0.7976644747465436,0.4091652100742187,0.7062570284188221,0.6754082014848719,0.44287312249901306,0.44128762304932057,0.3179035340213374,0.4313781849456951,0.38052070702683166,0.4455374189671255,0.33656277175732197,0.3971644038525106,0.33236190846358626,0.34292482357137577,0.4012973465520071,0.40958529442542163,0.544519872276777,0.5785334280775369,0.40789647709108245,0.36023061148257973,0.6021829443208305,0.46576460040309076,0.34088453845363387,0.3484225485274034,0.42967035081075095,0.3460688436974985,0.40952241544943224,0.5525545661944032,0.6968892581998318,0.6986884321966755,0.6477209115926332,0.6767009957345858,0.7408666176327947,0.4078944877167093,0.428686801172972,0.34759502108806273,0.3330449818389364,0.36111753126648494,0.5410858068684354,0.5665095781966614,0.44424509460058514,0.560199820923043,0.41725918783047244,0.7952686637613533,0.6778824920843948,0.491514389813399,0.3173453132648335,0.5122385199192699,0.410928416581401,0.46609571939370237,0.7663977782732572,0.6502534765204206,0.4198164718365166,0.6163944274410267,0.6378219262462879,0.8502915663141852,0.9862339142691774,0.5671275330474683,0.5724841430565528,0.5482164358360639,0.6260911772965032,0.5489422428221736,0.7875845129597898,0.6367892478092201,0.5225514716232841,0.628191305146043,0.5288093031053425,0.4727701041074285,0.32843762750557504,0.4417719174638876,0.5995477101346649,0.5994013329691672,0.6593055825978461,0.7358429698491944,0.679251555795306,0.43952364497530283,0.5759443028912217,0.4527931584361636,0.31979741631829117,0.4963848407371112,0.6183829177629476,0.33400314459786384,0.3641612117851569,0.43259853878305277,0.32439073324627354,0.35249764755559443,0.6468375051078445,0.632627158905219,0.40796755167494475,0.44538874843160925,0.4923081814223077,0.3853629865921508,0.49183135684622636,0.3306323890082533,0.4516949707100838,0.30638057884273984,0.45944127049938777,0.34530470867905955,0.5449001769991919,0.6397911426418621,0.5700655553486489,0.6502851550152613,0.7120053210297739,1.0153445965402634,0.8338432055506546,0.4498386673344708,0.3041229434004045,0.4104419387941981,0.3030846757859964
MAC000195,0.14060594751113092,0.11527968744773931,0.14056991764460805,0.11209331618012838,0.08910643319932557,0.10183710061531348,0.11795960767529416,0.11661224228065287,0.09169860085079225,0.1544196564013687,0.14362964587815003,0.15102563507555886,0.09337175939160326,0.1272217578680683,0.11837353778234118,0.1543779178557119,0.13510349451102474,0.13012950781473648,0.10876434491109432,0.15345221613155327,0.09855558339821507,0.15754613027443953,0.14288958723177145,0.07984523947457861,0.1464018113318945,0.11165900148143312,0.09334660946532551,0.11401465599352444,0.10453072488740531,0.10684537077781728,0.16349727539111536,0.0872987977749078,0.11874599014217643,0.1317187891916498,0.16068930973347528,0.10914901876319923,0.1047118138424608,0.11413207987084921,0.0835152842577219,0.16858457125518275,0.12635580990131703,0.13749256451241249,0.11104866923674059,0.09275223049788862,0.08786432658081263,0.13576622337026267,0.13008985947633564,0.10371922082282427,0.14471569126645087,0.10113772908981213,0.10202133142413955,0.14634635355948955,0.10802818271124329,0.11637851253217092,0.14779792778012094,0.11562750780023985,0.08353856339785928,0.13783036387990813,0.14468356295165632,0.12905840080236838,0.14849469967996437,0.10301281426837985,0.1077008572942969,0.1281883955758821,0.08560440688287974,0.10791426013323861,0.11868516096789686,0.13490996976172778,0.11531221558629891,0.12338162092059216,0.12899091655598988,0.15925756889623352,0.07812898731643877,0.15852412423988851,0.07770779882742998,0.14960989353345053,0.10976705470953974,0.12706395695279687,0.10577986293550118,0.13425983191024596,0.11245661760835084,0.12096815899915617,0.15994611516505558,0.1046855454665174,0.11877596588056345,0.08380467923960248,0.11507829722411655,0.10839809137636194,0.13740264771079053,0.09700822849690333,0.08560114454076637,0.11167495290767254,0.13832326661108188,0.09352176552782511,0.09846114078071873,0.15542450743830746,0.10227488277843365,0.09898915192708145,0.12598672682254694,0.10938943434647558,0.14471401709291984,0.11526372090540696,0.12844405852684546,0.14242533742001037,0.08854866012215291,0.15421234532474468,0.07723619837776866,0.16819718482043192,0.16405583737830134,0.12227498314371085,0.12335698913460783,0.07052357998850045,0.13813845217730994,0.09366122503705454,0.15331649393990682,0.12151512798760852,0.14147171880071283,0.1496509917345455,0.138955523020397,0.11142467671587258,0.07855181849098203,0.11529360098780546,0.126174405454784,0.13840868621954697,0.11321105476123022,0.11015901082104801,0.09766416960804486,0.1232919319732098,0.09530570352155136,0.07133505871145782,0.12483630827779538,0.15808264969331978,0.08460427474147325,0.13428457624006773,0.14405932801221974,0.10151759657390588,0.09856377991084019,0.16004702175692917,0.10217450660434987,0.1017142547706218,0.1097330751608082,0.1514043867831032,0.10139619091610501,0.14059012185192543,0.10930849962735384,0.1391209674092435,0.17087495512626974,0.1319839928125254,0.14309996936267746,0.1277391879433905,0.07258438674987847,0.1485919020115742,0.11619298595797749,0.13298085253265438,0.16974992993753216,0.15378559059355845,0.11165212757574813,0.14634971515320544,0.1581651244719775,0.15189248153844462,0.09567707596648499,0.10286940421024386,0.13669399491815357,0.11761923996593159,0.12718953369176408,0.0769696958154459,0.1615945407203359,0.13239997976361678
MAC000196,0.5570566678023008,0.6216700818838309,0.7924268031576319,1.118537186621867,0.1773097328419274,1.2732260517849945,0.254130273318834,0.9657399666496431,0.1395188594238927,0.15440351807406336,1.206171545651306,0.4909945713492973,1.6257168100707273,0.4289965552271197,0.46588830475036247,0.41998117475181235,0.5874355292862825,0.5933000381266818,0.842730736462307,0.4075567163808096,0.4944120887957477,0.5721501394454538,1.29051769262417,0.36313107848641746,0.18350305880285742,0.03688351335381484,0.338512677203185,0.5562556418659788,0.10979506912140409,0.3155857784498027,0.041339498047588956,0.6840859195437806,0.5834193490649493,1.2422758298021945,0.19933005942885387,0.6510493817683487,0.11480783578201795,0.9545897314834677,0.23262816972805184,1.0135945780758806,0.36393942506709015,1.7355081753459634,0.13611935259813707,0.3173598769306257,1.2673326900748754,0.7837054767084607,0.7358799600192977,0.06167388122398744,0.83825913689596,0.16877328664112293,0.8589886172784086,0.9081598804265961,0.3135142675399237,0.6043498666785281,0.38511967127401076,0.9207801713150645,0.5599622313627163,0.8069303472111456,0.33121872627530663,0.11313660349817627,0.790124726218391,0.27407927105492774,1.3170877775216125,0.09730508432153415,0.45306050888629773,0.07494225146915441,0.7407068196539378,0.7318851399858723,0.456352933881216,0.30252637556598555,0.7524339230060472,0.10368022945652365,0.5445197665355638,0.6582779785745722,0.18218647040617322,0.6336373535138101,0.2760782151525261,1.2145653357932031,0.38040073620449444,0.19883730638336525,0.6185638560286807,0.28797548474918455,0.39031325983456844,0.6689767009341888,1.0600790628598136,0.5993764028750656,0.519842352694658,1.5924390147972847,0.11852170147102845,0.19757674629373959,0.3566086850277753,1.10918985038728,0.34502123789690636,0.366734025408896,0.3416660732441147,0.6664528919205687,0.39255762501145414,1.0393982618645043,0.502666979463814,0.4348812929618643,0.055767502083135,0.28906214872823255,0.07172533728259511,0.5381430890700999,0.8297939768883371,1.0173909978626101,0.8842347106304764,0.5605548117583612,0.8164936847340273,0.5222654878244756,0.3776456200627015,0.6825131987097731,0.4001825583359046,0.19392240926209806,0.8418768822098385,0.21733383755937008,0.6329085426790992,0.5152025685731966,0.30339617961730053,0.48539969516217424,1.6110517617505116,0.20715411888094165,0.17061751884928236,0.21779146330086604,0.3971610294102466,0.3244362785833996,0.6588425394013789,0.4338000969115368,0.1319717460026253,0.2608603993598432,1.4113001229011757,0.8605858145817361,0.6399854480200259,0.3023662841164568,0.5735288857010828,0.4188317228626066,1.1073091468435563,1.3443191975036164,0.20809303515973557,0.8086143287191095,0.5429624598106189,0.326710795039614,0.5988875694085765,1.0769081781673617,0.32211429164898686,0.8130123733022466,2.5348185996904227,0.9281420869986702,1.3883914624792186,0.2217633021698975,0.5334652599974992,0.7598315188530693,0.07499276595276769,0.9914253043322644,0.8701031442149413,1.044514813083001,0.14009928179121772,0.44815308403995163,0.6108805669291547,0.25565425000072145,0.3982734875448978,0.1426831720850056,0.7508126210679914,0.12600941600644694,0.47994040162936386,1.268076923246201,0.5103892350193402,0.6550087828360011
MAC000197,0.2304431679153645,0.21135404327637905,0.09955030178668269,0.09421979681293864,0.17518182001104854,0.3210184155151013,0.5067312177000459,1.0262528366693908,0.8860064607644177,0.480190936648009,0.42543040741163124,0.5201467661752415,0.6844552372126228,0.40997611267360357,0.4430714285011635,0.6459178786498796,0.7920135376658046,1.292987390837517,1.783846210423882,1.6293691809114355,1.3271759200318753,1.0081208566589979,0.6434813151071264,0.32608012766502514,0.2409825810862537,0.2959972743409897,0.0886443801825137,0.13367236572743244,0.19258565413213213,0.28310351188363647,0.5690446629798082,1.0215697303706106,0.8773619265683039,0.4638767979513104,0.39669881390470874,0.45056834844959237,0.5774966830879683,0.45914842560909347,0.5265555845529436,0.4696097750010369,0.8443301191056474,1.3912037332729295,1.750285687901337,1.7326980784714963,1.3911750909590808,1.0609520497307248,0.5546943648990852,0.37504677327404007,0.17524112704699654,0.06678604423191786,0.2068614123230851,0.16020767211917175,0.23050131215042768,0.2699549931884903,0.4606359027950838,1.04909407302176,0.8640652153726945,0.4584456347812205,0.4119790095149024,0.48388709115627715,0.4931649871718617,0.4850363117794691,0.4524080159349084,0.5387355606451767,0.7685747835078119,1.245168806653342,1.707920563154577,1.619795627084838,1.309637385430301,0.9796245561909617,0.6325483889353563,0.3313773282248671,0.25015967344852225,0.2238164815100245,0.057945580393812576,0.24535047479872313,0.1569738493400679,0.19592536125430732,0.593105063581215,1.0318194908944645,0.7261773972808288,0.44639341420021666,0.3920673787348219,0.5120448927992227,0.48291617879793414,0.44599211495415586,0.4692111071882124,0.5283187851560006,0.7699777582944356,1.3944781446887162,1.7680443232572463,1.5989748867533684,1.464156786243387,1.1126488496937426,0.6389097591758106,0.3982321258775914,0.25966068964617484,0.17521425243661415,0.2102958595866249,0.12908402363555713,0.15526077638166594,0.20219722946017388,0.49109472212017263,1.0031224952153983,0.8262340707643193,0.4702399072085778,0.5247093498264512,0.4449271325838756,0.5173990247664789,0.38389673398893825,0.4091479475496731,0.4856695841199765,0.8434524462894427,1.3478804129721214,1.7221454169989465,1.6909026158120057,1.4227010817520922,1.0977488543977942,0.6191659128034965,0.4605632130242261,0.1336908065067104,0.1940094775014619,0.1628629990600749,0.09797277854238017,0.1896304785071914,0.2277888132380602,0.4817943017717686,1.109804348196777,0.8473379389998101,0.45017780487506054,0.40063313193011957,0.7305661444965877,0.95005691530276,0.7586282303844033,0.7898914397645534,0.905133536234307,1.1336387116138582,1.2595885615309022,1.842717107705155,1.5565581371926132,1.3767197746153166,1.011352910542988,0.6549308132893116,0.34158170939024196,0.22534156398925353,0.2680255733385931,0.13300986491271383,0.11074230269802601,0.22320412844010565,0.2552758046241048,0.6511424355341755,0.971442567443839,0.7150958740318168,0.4698387133503705,0.45927796263687387,0.8135531715428788,0.8595464147028196,0.883547631020359,0.7452624938562179,0.8714950906147372,1.1632140323388873,1.3293045445383733,1.8028808332476614,1.6294837678360634,1.4751440710441353,1.0237331780589072,0.6588130688803014,0.343025151181069
MAC000198,0.08718957423109089,0.10279528090886399,0.19304327179472952,0.1926008391580276,0.1901338513299786,0.13902359688776972,1.366418128002902,2.035718228310966,1.1104726359767505,0.22608646715846692,0.2508256543431815,0.3133150421058545,0.3033163486617023,0.3095182990077766,0.2968769114533796,0.32355405011941313,0.2443131663267937,1.0773264716125621,2.105697469790136,2.1812283484935864,1.5983508456042295,0.9867624941528226,0.01,0.01,0.17983466701043538,0.12878853328588313,0.169033732514467,0.13948430197623662,0.09261256948255331,0.19104421499105156,1.3179479852286073,1.966922068609643,1.1866627679830266,0.31024190153173853,0.24671200837212118,0.28174129085584465,0.37363978791170194,0.24625318442377028,0.2834949682033865,0.3293330257262056,0.3220417093921173,1.0858358693669337,2.1921509237773735,2.236223228066975,1.6689772782307368,0.9445321017255942,0.06703771201058456,0.01,0.15122334902327242,0.22846852550713345,0.19942895344708736,0.2519237655218536,0.2258943616956412,0.12055294906596507,1.2819462191445923,1.895966468739476,1.148647610918022,0.227000610420236,0.2800965307856919,0.2171548335770475,0.2554744773792044,0.255735064918749,0.2729887778599894,0.32373295154414783,0.24387277820625072,1.0609888451793388,2.101544233956061,2.2727218035279635,1.6653569072926677,1.0076253404268678,0.01,0.01,0.20480084213386496,0.2261290791129384,0.19780149814338419,0.17382323863775437,0.10135289736843608,0.16796338885852688,1.2086502668038734,1.9715517732193495,1.094526101876338,0.35715516945589343,0.3404464701599494,0.3095062994118876,0.20849126145528035,0.23779360568976898,0.3337440133871423,0.27195757504152634,0.3057046960157545,1.0536029751315859,2.01653335955839,2.219678992700375,1.7058590698673737,0.9050076243798506,0.03486590500822916,0.02614174953805768,0.22271291901535273,0.1359149876673891,0.236207794562689,0.12579678140057546,0.07124538904651295,0.17133074434391088,1.2980608941763743,1.921994973451652,1.1297889582979515,0.331883160952878,0.3501759436045637,0.3188812310153031,0.26795262166598793,0.2693650950128543,0.260829717169695,0.28201535546551537,0.3175174346491771,1.0705526783086778,2.065378509036326,2.2699891810527753,1.66795133877599,0.9862689876409708,0.03201712632896035,0.01,0.12561429478413416,0.2490555682376057,0.18728742227622014,0.2151065410294813,0.15657482783814855,0.1830099105980202,1.317374699236827,1.9713305866642912,1.119421354506494,0.22802474975908896,0.17847409144225265,0.3707026811246907,0.28033658245630455,0.40146918841369916,0.3085694582804842,0.24874321326925972,0.2710816932064348,1.1960277045781211,2.165720265978174,2.2809998953898356,1.5998765977088059,0.9007857314269817,0.06467395887916107,0.030347483945947995,0.24582948112216987,0.16398208701788924,0.1203174177986242,0.18374844649159008,0.1906656444472895,0.12916097585538958,1.19435137114423,1.9881497512742619,1.074331887926207,0.3799043916042215,0.3613140069108877,0.3181169450483452,0.36344788265456146,0.308425266686912,0.268329060623456,0.3599883725161269,0.30636843247165807,1.0969355459085302,2.0441682667734855,2.200176865649476,1.7331291360526686,0.9739897568369658,0.08904598063527248,0.03242879651421222
MAC000199,0.10030622899135622,0.18106821080167793,0.16677519622457354,0.14906417792699844,0.054053134511449205,0.09969994338769161,0.13489295614183597,0.766528352784724,0.6668655332217169,1.0497075876250073,0.8028849553608437,0.9215058113963813,1.0227355289661935,0.8156357586834979,0.7865246177564253,0.8479620765642731,0.9811792104966304,0.7854869349496074,0.9762595824481604,1.277699842490859,1.089888693193501,1.1894965996135745,1.1892701288863166,0.3360667886643828,0.14531434900533866,0.13818056348051122,0.20848688095365817,0.14854251522235587,0.138621969722127,0.21578927158676203,0.13757431478712612,0.939802041282356,0.7484744130511681,0.9673492586573221,0.7875773309319573,0.9825312003705455,0.9598284986000332,0.8145979553127731,0.7093504952400568,0.8689860937986227,0.908473641655595,0.7704261970392341,0.9503258575496856,1.245071428714183,1.090237101308877,1.2215706215499837,1.2076985408306953,0.2501207028966229,0.1492406269258653,0.16559934662766193,0.10145832824423791,0.13112436503724056,0.22940711908780878,0.15522644986716197,0.1519638955683465,0.8482435189306371,0.7630547631521731,1.0125430420213168,0.7093794882933293,0.9025649781511647,0.9977587746202009,0.8674544044337609,0.7266679132019577,0.8373947526691202,0.8697905632799352,0.711260191254375,0.9332837693266066,1.2248077424018269,1.052656956619927,1.2002243215354769,1.1833396171662973,0.3465081903720136,0.19597068239788556,0.10162674071444448,0.1250759513855006,0.2231057964071569,0.12548839021281358,0.27048796260001207,0.2084503330583468,0.8564256830645397,0.7674216611019412,1.048560284896009,0.8731941844977542,0.9751984592824074,1.0019653651548432,0.8717612891000375,0.754174663809073,0.8569775129857812,0.8940141502380928,0.7354266092713592,0.9877940587684009,1.1229161405901344,0.9669652795550594,1.218730341907981,1.2031073145313,0.2091833030162206,0.15818460709430898,0.18070274662785668,0.18804999210911394,0.17022037568263204,0.22424873962379777,0.08951496769329742,0.1352913252303068,0.8115624400590876,0.6979635628454928,1.0409070052165375,0.7984620024229526,0.9709824518675574,1.0419645199584804,0.8585193910716163,0.6672549340457656,0.8232188500340418,0.7723345409214225,0.7643009020133154,0.9868486117345238,1.1285013427564299,0.971870804872038,1.1100576639345414,1.2338626304874507,0.17269893292315328,0.1780044783215101,0.15548729064300518,0.14545986005230108,0.14108286878110446,0.0960945127328154,0.14753063720445317,0.1389307171052202,0.8637214194553761,0.7235129256925233,0.9460848762393722,0.7844535196849495,0.9183441326755233,1.0321753336797017,0.8503995216313203,0.7410793974708205,0.8492852572587488,0.966998605330851,0.7298752206244612,1.0485184813301418,1.144525318405442,0.9385298339170856,1.0251529004218511,1.1826277242888052,0.17802648077851113,0.0106859979900224,0.14811500633516012,0.2082573927472834,0.12730015847721915,0.15418639132197864,0.19480464851871004,0.11820561841428133,0.9141249815181923,0.7098868548094599,0.986946374696726,0.7445269606038154,0.9400730119997625,1.0950965967810606,0.8510277826903582,0.6769760843558486,0.9413334059168776,0.9101394667983385,0.7209365447406788,0.9398393125509985,1.1986824288475852,1.1345253288918402,1.0667277935216073,1.1116327419764325,0.22347530198694207
MAC000200,1.0015179507152527,0.9407548424997246,0.8707126854914153,0.7067882206900413,0.4524237119105913,0.094643589201894,0.11125985069173151,0.09559424250242561,0.14603905835863265,0.22221968318267582,0.09037565732151279,0.1290203403552231,0.08627699876794165,0.07417929267222877,0.3923994659511708,0.40655520231986114,0.33643614045384274,0.4343944820911956,0.38465045736097836,0.44072814947328526,0.8686162622703039,1.2367303102744862,1.5443388244375273,1.1399207061475423,1.0065018758884734,0.862564106143412,0.7421551925490731,0.6820632287445432,0.34132938511129934,0.054275604861766254,0.04692341458150652,0.0661129625374886,0.11570714588211502,0.03889885439632086,0.08350377133616042,0.10936273467494784,0.022305748504366188,0.12607674418664105,0.414363715479287,0.3671166304441299,0.34075884392382116,0.4017291540450463,0.39019083143549754,0.3890233381409344,0.8597698121562306,1.1990633783253526,1.4314445490127576,1.0942772652359756,0.9581269226894759,0.8313069437985133,0.788850473705802,0.6804590252462417,0.3405830026914613,0.01,0.13454863446118262,0.16532566965939952,0.16768174667258476,0.06904556027963973,0.09360412911096647,0.062166286788029906,0.019303716198563442,0.1244706701256012,0.4452811157233375,0.46165974784466457,0.41702775340059145,0.43340500906772417,0.46034835725177575,0.40800078278547175,0.7767838363667028,1.1839596534444934,1.4360261462246704,1.16384592658546,1.0225648272695795,0.9637244393794637,0.7579473425544287,0.5876917784473662,0.364273464319373,0.17209954980898182,0.16739192358587718,0.18732806655005568,0.1543269295895845,0.06027855367282628,0.07736660678121607,0.023826778721984132,0.1568452609977984,0.05424016533927112,0.36117097779751306,0.32669424519877527,0.34033958520818536,0.3918281846927171,0.4157528097901299,0.375131910091554,0.7863146844314235,1.257693972440167,1.489056318631125,1.1958675965844892,1.0110274288740067,0.8858670246258158,0.7221919804618278,0.6973188617769643,0.2631089296107725,0.20078262994930188,0.2041182664531072,0.04211166756718089,0.09343376905790468,0.10256864077063475,0.0777260796873922,0.14649171470684239,0.012094174276278694,0.06858910956182054,0.2966657610251169,0.46993489450985143,0.43169271842709156,0.3747232442077532,0.32762953888387486,0.4520984660269886,0.7696102552683687,1.2559824062643057,1.4548013749142454,1.123893805150649,0.9923299517105574,0.949963386504696,0.8057896898352638,0.6635507776497612,0.23960188902242413,0.13336033035034084,0.14167036336929562,0.16801176344139257,0.09996796028159836,0.2530175887529764,0.030472204096961983,0.021892696266431796,0.17269667237306846,0.16118788161890837,0.33309334410727115,0.39187040032133413,0.33031277345038657,0.3415414667068692,0.3154646155755205,0.32066112509882233,0.7742618236654658,1.3179317517490239,1.4511786661193808,1.147436796533728,0.9861427135510823,0.9749141573340816,0.7621419135592312,0.6279893592340207,0.4202672967027247,0.09195437198982305,0.12793436847156464,0.19839960826278114,0.041029828616876485,0.11742879413648444,0.16605558967937173,0.09456838638202278,0.06599757003271056,0.1663022282394378,0.4197110128169616,0.3663862865514512,0.4490343507536433,0.31035298503840486,0.38434080529225084,0.3705934683532044,0.7339484591335083,1.2772081359977308,1.5398770091133425,1.140859319818495
MAC000201,0.8,0.7070909412629809,0.566651925122357,0.6450234817930007,0.6688178440904515,0.7702785287186045,0.5390928472986232,0.30414739321704815,0.3179767793919198,0.5528571648590381,0.518007519363383,0.5518471050006621,0.588858126726655,0.8040742891857431,0.6251736898724293,0.5180934532740601,0.48067948593074905,0.30889940230533125,0.3296420673683319,0.34730081466273677,0.4442206048614826,0.43912785243590624,0.37169148073233826,0.3011401028307082,0.46972681261214777,0.4364693160142239,0.3607560565240552,0.40749828351377143,0.31123156935204094,0.4302493532217165,0.4601217460713049,0.34153539396728316,0.5332051705696824,0.3161726412810191,0.3153337104662327,0.4358347767444971,0.3547869788341225,0.4359868178393886,0.5398871347168427,0.4502097372736002,0.4243085359669699,0.5045122806879636,0.45587314312306676,0.3676215080138235,0.4546126589378632,0.41309933927663184,0.312676390106557,0.4186693731830198,0.5558210296524715,0.6019415923473967,0.6410861552871331,0.5988688986755932,0.6397883870519017,0.4301400976507693,0.46056976863761523,0.4344367003657051,0.30177647439464506,0.57452622752007,0.5513981748472392,0.3607139918524523,0.3294735185852774,0.36593893957000656,0.5211161127192439,0.5603014363214409,0.5454700419966416,0.555124871529344,0.47799730235378046,0.4311833521617035,0.5894102717978928,0.8415148456883548,0.9878953282732286,0.6531643385770758,0.45782425352550227,0.3630839194855624,0.4088980174527742,0.409910545015632,0.46415969840102056,0.35694661231976715,0.4731322250658618,0.3619766029590278,0.39979877660748275,0.5424551385920783,0.5424523972749424,0.6123286027466701,0.3618568475794266,0.437809640027511,0.6799396164251053,0.3553051054000099,0.4796508145025785,0.50282250573433,0.6573621265602394,0.4008710790682867,0.3574210748184766,0.47028924676755457,0.436589060620517,0.6643745746225493,0.42687588454268327,0.7442660722448402,0.5732046226231339,0.7876461789397974,0.6198318949085606,0.5623798370127988,0.4052914014947597,0.4068479992148013,0.43121768090111595,0.351179005166109,0.566237542499735,0.6388692170857931,0.338399860365316,0.33773029312288594,0.45930599195866073,0.37576458815583896,0.4127691756544124,0.4297102914549976,0.42984226478471377,0.4438017441573201,0.5568785571862285,0.5392803031672676,0.38330743094554665,0.3689235002006093,0.5455939765217174,0.34686982729669336,0.3011112920642157,0.32002708135959346,0.4796724914828308,0.31961245403875393,0.3476996082681257,0.4963733840201171,0.5233451273217322,0.6810893252113452,0.6025538860553425,0.57037188735185,0.5781566750266928,0.5912025309627666,0.6517915025591128,0.5840978911454224,0.425813590863293,0.32229356526752945,0.37959883279939627,0.630206186822553,0.5178520032758879,0.47257012829898326,0.501194645397635,0.3417762860228359,0.43338411340469213,0.6272486376925548,0.8188895682872119,0.6667627139757009,0.8932415647334135,0.6803012230017971,0.5952243396348069,0.7793068022367091,0.5239901644500294,0.5509365056580975,0.666398232221133,0.5194683707053327,0.4350650081033723,0.6080372758206787,0.5175990843518465,0.412047621022572,0.3814652153463528,0.4487341185678977,0.4701895005113073,0.5457841975227219,0.3522262879584873,0.35325676240954057,0.5255290944198432,0.7545164562060955
MAC000202,0.1206571686296238,0.14155920137461195,0.11406910582436386,0.12341128286029027,0.10500061516780158,0.09310276810376675,0.10121673526659633,0.10925375265470627,0.12457538243230462,0.10948947273280833,0.1385587289370243,0.13163897591839294,0.10738475911551981,0.1489008297640156,0.14061690028173549,0.15370650533105373,0.08791520637364075,0.15544604036833196,0.12168929244427562,0.1259650662512627,0.15415557660680823,0.10552168488803078,0.1353281730733138,0.10923354396459431,0.1276213786561574,0.1159288779452756,0.12989330038060706,0.12430748724758123,0.1468400059420848,0.0780556362932115,0.0729236822177727,0.15512059489796182,0.10449030455131234,0.13834356154947672,0.08971462549915085,0.13532039865102113,0.12138856570806857,0.1392481668056525,0.13712780506487765,0.15447610655664523,0.10071479392413388,0.1295267654510735,0.08043740555050874,0.10805992929449419,0.13597864256510794,0.06518482894883984,0.10293443870024506,0.14838144413017446,0.15535777909842033,0.11216589288065526,0.13097403898251953,0.0727247814241968,0.1422522628258921,0.15886973673617683,0.12105770185840263,0.10876117434920604,0.09680291096229729,0.1395739005095459,0.11119069482267234,0.10314086703321153,0.12726889896016438,0.14823308098049215,0.1287178537211778,0.13124416968939542,0.12337806244000887,0.12784930562032326,0.07758028149532015,0.10910099908665498,0.14596027931166305,0.12917820522116222,0.13466317493961477,0.1115634813430434,0.13483685293138611,0.12713322611792283,0.1501216735091587,0.11016199538778178,0.11977303311037306,0.13242183612671213,0.11150313621511485,0.10539777040492751,0.09524062017742756,0.13517575229551881,0.108006770446737,0.1026961723598976,0.12505333049351264,0.06300083944282858,0.1520291091723003,0.15353388285505165,0.1540944533708832,0.14334017200157748,0.14082600277209162,0.14004858928935704,0.0914103109689685,0.08817583454737644,0.14656341414249188,0.10777281398873943,0.1402574915539013,0.07667369987817944,0.07256150093655951,0.11542472645357661,0.11432132183750841,0.14495138887415684,0.17007752594580167,0.1379431508187076,0.08592687680603678,0.09648303026292579,0.1342820765136794,0.15335175688446992,0.1578487392977041,0.1134475682746057,0.0797750712348739,0.13568280905155966,0.11435716418758819,0.0782556963564366,0.1582556037599699,0.11872331340092276,0.10422680416577097,0.12818364179892852,0.1344978978816829,0.15735453657621032,0.1537307632819891,0.15764504146723174,0.13327155276356978,0.0884620543879476,0.1032189074045503,0.12122157534995648,0.0998194420628611,0.14359707274871703,0.08820357011612387,0.16412484923439286,0.10041155847855913,0.11297871858276558,0.10781523110885581,0.14440036419822128,0.09443069254847813,0.1070440708199791,0.14061641837318806,0.06582959473001104,0.12323870136474864,0.13660515060665904,0.15694788305845264,0.15536912440327755,0.09120516762327889,0.10569988058810323,0.09465678912605109,0.13943447633610906,0.1157885040516541,0.07686755279560631,0.07152812792022138,0.12012228233076062,0.0791911917185304,0.12266440228221108,0.12968680141255995,0.12122174407398348,0.11190113621774939,0.08137811727437178,0.15036573881941062,0.15121262641398422,0.1239974863008635,0.11442588165944943,0.15369487249758434,0.0841753883925713,0.10087553719734063,0.10638908643300274,0.09598175142323433,0.11375346882710653,0.1429237001116288,0.15198525036317398
MAC000203,0.7251986160693479,0.30492599536259984,1.2711732504712472,0.24036126334194774,0.7756240328578102,0.3984536507557373,0.21960079216800613,0.9669299132458272,0.7793438322918509,0.2065822567720202,0.5558165248490021,0.056719252246606,0.19031962010545164,0.37444296405905403,0.8592484487628714,1.3768944618361922,0.7510476781592491,0.5984423383283155,0.8939231888845532,0.45598504281356306,1.500925639105852,0.29071324690268263,0.28506258110275084,1.616043694502298,0.7594707741940978,0.46100510723898047,1.8863353657227824,1.0140143186586317,0.45530355863892025,0.2794439501634371,0.9573787342657223,0.8156555363709423,0.44397948026211603,0.5709429869944311,0.4226445412152259,0.05145156617219164,1.4095843264772914,0.404111468684385,0.21335101784573343,0.5554395955947421,0.6772624347888233,0.6276818246296584,0.2976747060895691,1.789947718251851,0.3050123953301341,0.0539544343179704,0.6772395429122532,0.3129925772675713,1.142767828048744,0.554258096049214,2.2368487731161926,0.7833039000483598,0.30181895673446,0.20269127893956657,0.9006088400879337,0.8554240159516363,0.912147854391139,1.4444386776134674,0.3114769689000744,0.9340716720135984,0.7388826957557371,0.9673912366495223,0.645324130167288,0.22711830801191354,0.9275928383172334,0.5017424311938999,0.6804974142096786,0.34696334701327397,0.8978336938195154,0.17853145189198716,0.1057368181202205,0.2768714246230013,1.611035376164412,0.7218272360090617,0.3519952983540858,1.3815534332374828,0.7416497728358881,0.5077124467911472,0.6848315595319179,0.6527076020735719,0.5997323343016174,0.4983443224290196,0.5915494206268086,0.23082499020081204,0.7894346971535592,0.2310941988660011,1.0309105974344284,0.5293950673580701,0.8528960480237934,0.8915555086651826,0.1557370961433598,0.465133514103449,0.8072873819001657,0.6974774477150204,0.12153976905205013,0.7270629548701274,0.34527803690900677,0.437910576789137,0.7771693071533541,0.7540373328710261,0.6872528278935516,1.0253384969110684,0.3403237114026523,0.5551230441769157,1.556073375928915,1.0534698077665057,0.4008701812359045,0.1393415036190664,0.26354419051728245,1.0080992234018735,1.635380832660722,0.1657630284105169,0.042266310884809685,0.6670479350657391,1.3911566824181456,0.6556068817337003,0.33259251267926787,0.3809197158307681,0.4487631614341552,1.0567077141191192,0.518305306177397,0.7020004151865756,0.37837905064807503,0.39641912664886586,0.6472229798289779,0.17538526975286814,0.4566097372789289,0.10539245600936474,0.12165489255045679,0.47018618877106905,0.767300888078574,0.9180298544104599,0.8865673161557535,0.2755219711672126,0.0972382073030765,1.3265139395053873,0.734709914133923,0.3639426351012498,0.5713557111293854,0.14578099462680735,0.3876041811188222,0.717889586526754,0.16019539762818027,0.2585433384678502,0.32625912606447455,0.3928888766149446,0.26594723595585895,0.6845616811904472,1.0953355457825205,0.34840786268945145,0.39243672922485323,0.5218149383349688,0.11090262766153304,0.30186080022908957,0.9963166972431099,0.18480924859750528,0.8131754854843936,0.992523930105301,0.038868193030002655,0.33020649257681717,0.9229594746319587,0.7609840914501542,1.3464841856112595,0.7324450547584666,0.610910867657582,0.6800098994105409,0.16576115399965594,1.1211003677490599
MAC000204,0.24647564529772487,0.15230833468565794,0.1364613132649362,0.02996669264100829,0.2308813896300448,0.23402485633908435,0.33456034486599945,0.7826528716627615,0.5535597780898899,0.3462118089265653,0.4001208272855444,0.28958147627636605,0.3127431028389635,0.33917493549112665,0.35044971317764706,0.405947591771521,0.7042780772278261,1.019423077845925,1.2861370073540748,1.2214193547544323,1.0951974849914767,0.8476974150734726,0.40401854940957443,0.2706478816344929,0.21151406204600845,0.11492374421344838,0.07699109648296554,0.13929218448607805,0.07018928874754136,0.2725566359727335,0.4555639364263867,0.7584412277509712,0.6161880554282209,0.4037840401494548,0.31049526362212715,0.3869049207524954,0.44951693740446963,0.33023673300720763,0.29719833814612817,0.31399782315251257,0.5559037230947571,1.0270636879943655,1.295233076769271,1.2328738704349584,1.154329176060091,0.8391362409266767,0.45922337358278487,0.2092447079712392,0.23393632603283865,0.10004244264649226,0.11493595759909889,0.06590926499673964,0.16620502477000249,0.16443615139436527,0.3971773605516676,0.7421100957687445,0.6660253376036992,0.37417597159683386,0.3155448222231634,0.3455857152566074,0.3730560323468074,0.32383867992807774,0.3156524977057295,0.4278906134029813,0.5588683934321375,0.913883609903532,1.2626349154912215,1.2092928066175699,1.0184094528095144,0.8634737728113329,0.44039683588466877,0.3002975660617676,0.13858501204819834,0.23720687414697333,0.09542671306194123,0.06598208392271179,0.1224590375174568,0.2920955846721066,0.3826536971971027,0.7848529175384462,0.6797321596029487,0.30240113345891156,0.3425318765696193,0.35674363739511344,0.35067884572309876,0.4320577826868438,0.35519502544925546,0.3933406119761197,0.5850643477830408,1.0281171800505722,1.3764495357463136,1.2459624583462026,1.005398896863686,0.7510880533909319,0.4422113752159366,0.21507540944433334,0.2216301390239311,0.11657050823281591,0.08891795879237306,0.1004476438578781,0.03644085656154539,0.2976975384290894,0.39229390840166267,0.830918119450438,0.6307898133708134,0.3662103905921116,0.36645629313284234,0.2878560957419312,0.4047317378683065,0.3143649133562344,0.33473065608597574,0.44231948728352566,0.5816945666218625,0.9099954938277413,1.2490445224937743,1.1183317422733718,1.0664351911916723,0.8541528122205035,0.4689706629673441,0.2443630008814921,0.1731072621372928,0.13739297580337917,0.13008804567379328,0.05555929202311263,0.12777547294982755,0.17867216777139572,0.4061240014015103,0.7676110297872777,0.7015055862187979,0.34933693798177734,0.4046942125155235,0.708645058523048,0.8094384968841175,0.5886204992552743,0.710940066756066,0.8019109398103756,0.8945345208799698,1.0148916514239987,1.3157552964512798,1.2749764280569484,0.9644454713561745,0.7363123928218,0.4679082222547075,0.2736129411625855,0.175157707300461,0.13666053517509325,0.08919798156151798,0.07692178580160189,0.0878332041710411,0.19062837089661852,0.3683634217557648,0.7991148983014487,0.6027179528575153,0.31192816566912257,0.30778932547366444,0.7195740892889213,0.7307055141589751,0.7295886639633109,0.6585248911715799,0.7883948437888313,0.9710188868935666,1.0237605522774926,1.2296670123866036,1.2097307421138397,0.9887928671486801,0.7639183330016452,0.4903876264866528,0.25650891419414945
MAC000205,0.0985534878023962,0.18361575624266807,0.05267595055463556,0.06577664902909026,0.08867451652276223,0.11756859640157892,0.9446282065328424,1.3442216785117354,0.7470035618151294,0.2050374243388355,0.12890891462883652,0.16755654855007365,0.16321956432218637,0.18339878636769005,0.2797913806106608,0.16756560908078202,0.15335074976164437,0.7788309342153342,1.4813427700013688,1.6496773657171204,1.2356663091048317,0.6739631629842064,0.01,0.01,0.1294564049237318,0.17555644980546392,0.1737487395849605,0.14293575588989352,0.09241386845043137,0.085749352756118,0.8393262059227287,1.410603671758999,0.7750491722112279,0.2516498990123825,0.1322124794499239,0.23935593675777617,0.13031197079548604,0.15097911999453167,0.16364956808652578,0.15921821852083043,0.25669722615035295,0.8057710330433514,1.5750070083144894,1.621164995114199,1.1739484739195958,0.6379585111083454,0.01,0.01,0.14606696101508954,0.17098455465637402,0.19110559557750573,0.14462956307863487,0.07342307500542108,0.15527170179720617,0.9447292356586351,1.3746163191853202,0.8197095161864238,0.17563250087844756,0.15899167588710136,0.2503276343656927,0.20833617670761068,0.2524709426971979,0.19413844703990427,0.17150342580334801,0.10778161793150878,0.8946950287737981,1.5714018620395485,1.5758248890540703,1.099929672202311,0.7604596077561426,0.016806042036012776,0.04144944383771843,0.021486212711582006,0.05779935713547711,0.12698172551108342,0.08811002709845336,0.09635980426339934,0.021440336011980032,0.888495223840378,1.426280847499653,0.8426499723613247,0.22228383292093787,0.180531267148051,0.24210367234683802,0.18144841820353813,0.2974010925254701,0.21982380121164716,0.19943469758785495,0.20360881966718417,0.7658170124810423,1.5552995730950907,1.579693000669019,1.266600394774867,0.7184128822815202,0.01,0.020621167597640024,0.08840804542871981,0.0837141995124958,0.13067828589185823,0.13668474085930518,0.09887215954431333,0.09775445600285232,0.8910768061607999,1.4450733622025136,0.8417586662305305,0.23020073026773455,0.1697918908937144,0.3088836878466755,0.08932302226825087,0.15612246826351456,0.22770791823334496,0.2783876862690016,0.21850815457409165,0.7932105249812388,1.5760386693762278,1.5935567755596247,1.1728984936727094,0.7481574141799406,0.07279808085508556,0.01,0.2041082385912114,0.16664528195086803,0.1625244220499129,0.16450756760621738,0.15388765598398849,0.14394788869416753,0.8979706593216166,1.3530526746895832,0.7639387134421012,0.21592626062348752,0.20695749108892847,0.16398997303563517,0.1721741401222677,0.2000996840316876,0.16981704306340809,0.16505893543540978,0.24299897061898007,0.7578638971142165,1.5154576249019136,1.643223189953777,1.2178797893384121,0.6891835061868657,0.07923057020368335,0.043713195572906476,0.2140171660079974,0.09726290112888528,0.12992796224820097,0.17201746366269485,0.21887684187367193,0.17260309490740827,0.8911936655258258,1.4180928105863868,0.8087141531044614,0.20865162069914933,0.18778881407362635,0.210925182633261,0.05255074209016816,0.153600085448978,0.23907000978520726,0.30381029890992817,0.21429402196764522,0.7898737181517411,1.4589328457502728,1.580233994051224,1.211253850041495,0.7235530103915455,0.01,0.01
MAC000206,0.17595798150133166,0.12754535833320846,0.16095530848367517,0.17458317266141357,0.11046456743994226,0.16271279687784976,0.0741856961018048,0.8206346214447283,0.7665381654080425,0.8796399553623601,1.025043234872605,0.6795374179490283,0.9315722709999037,0.751037260488685,0.7694333120055231,1.0777527977371242,0.7152844381065168,0.907643585934011,0.9421589307613989,1.0253081077564472,0.908057216716805,1.2178952414070103,0.92304945631732,0.2969855120168637,0.14866567232502712,0.09753721284126815,0.16917769613099262,0.1532750988333082,0.13056615597913734,0.16977789335588137,0.1550376193366854,0.9364148641440005,0.7496143333934059,0.7951924192864009,0.9006274937483897,0.7703026421448427,0.8543909881018429,0.7739600864038165,0.7459926301546005,0.9620062352446678,0.7557887017152152,0.8638050378370998,0.9765772285239057,1.0115343328625346,0.8869251956826678,1.1187489940792117,0.9785534538938928,0.29171359567132954,0.24233257722017737,0.01,0.20074704454809067,0.20308599014702977,0.15070010406994666,0.1482586326082499,0.12522770392257737,0.9142077928897113,0.7932756393342357,0.8413774687621673,0.9428504320665433,0.8519615796975336,0.9120993979946207,0.7674695385896602,0.8484071288555285,0.9583108276109827,0.7630702329617289,1.0011683598340342,0.9796765893177135,1.0346994050884877,0.8465363109441904,1.0992663719880078,1.0514781897478092,0.27668021619306926,0.1487649975401797,0.16015753944998462,0.19430409996634504,0.12450040974528073,0.039906146750437896,0.25863286691980325,0.20179818591479154,0.9482606818723095,0.8219196903365091,0.9155598753099816,0.9554639954074324,0.8783688906886522,0.8062941115999728,0.7150943568589755,0.8021632820023474,1.0258368771495396,0.7171723290411154,0.938164699592161,0.9475021916107139,1.056260964814265,0.904921337605887,1.0070458108621274,0.9992182725213403,0.19067714367737482,0.17722419252020247,0.20913088897482113,0.06427491867683978,0.10948538380527811,0.19810377522915748,0.13539686063916498,0.23918590060658104,1.0556000345478604,0.7972522777103703,0.8497673054311232,0.9392515624263535,0.7765260735548288,0.9542593409671034,0.7289527451330233,0.7766357992396269,0.9957735231172609,0.6614289163588806,0.9527099602624258,0.9615571204162897,1.053234402978488,0.8753879539870947,1.083812901432139,1.0996440039848114,0.2357431741971489,0.14353877221901046,0.19576763861272375,0.1688589984150967,0.14825183002856598,0.16883984531626403,0.09029683302266836,0.17551475589775412,0.8731143277619215,0.7942877390815859,0.8862863907744558,0.9898673041004882,0.8050213616174515,0.8460214454876104,0.7708852514661513,0.8521705353669424,0.9396023167235946,0.7622176620755425,0.9988971284084782,1.0437781816712282,1.096720870284946,0.8958325706556627,1.2135013780845278,0.989427683258963,0.25395092722532203,0.15814654527906408,0.15851485767925494,0.0912801477083079,0.15970313996997576,0.13610354586166507,0.1284466600504761,0.14400902867294,0.9033968195865664,0.7385043733267227,0.9452388512998424,0.9512888925310994,0.7803452633219266,0.8775264442487151,0.6980739790336509,0.7259520265590279,0.9535720834474452,0.7242686752474141,0.9325157271517858,0.8863188876985963,1.012517793043801,0.9036605100936946,1.060356192872032,0.9404319609960228,0.32007342600420835
MAC000207,1.0106549499800426,0.8147442150204784,0.7512875493084648,0.5540173620484705,0.38471768993335936,0.1058641120631633,0.08904611409833615,0.14102174728545291,0.11272127854344376,0.11594663119794005,0.1283936372252277,0.08863453276199612,0.10066393733243532,0.06837190752720201,0.44476439148751656,0.313637249115552,0.3026482574184418,0.31985210903711375,0.43298036073273066,0.3614075129357797,0.7217316238287014,1.13843481050486,1.3723231181946536,1.0360627047195021,0.8902850124119649,0.8337858454290537,0.7341282466386637,0.5775921448398359,0.26658376709219367,0.09405097441041749,0.1056154195101513,0.01,0.07573405467498288,0.01,0.15152469099360238,0.13119992383004042,0.07245165633942222,0.11274998519970324,0.31973572861242816,0.3875021426302654,0.34373782322114715,0.462684190109774,0.3532116084788275,0.3499611038121667,0.7241896562102451,1.1069196931553298,1.2688799306226466,1.007903287511044,0.9892771701319847,0.7801419914123091,0.6990036165501752,0.6220680663168946,0.3937154389490511,0.17854846749030673,0.10365815264235034,0.10394713832062909,0.01,0.06905926970613982,0.14125596592257003,0.1145667782743589,0.13972727987894987,0.12136213224322157,0.3726662203432266,0.32160785247268814,0.383463910451945,0.44724777605174865,0.29106736455197463,0.348165655014139,0.683619657677872,1.2367368050631165,1.3751644619064498,1.0209979960283557,0.9347215249543467,0.9018191567373158,0.7357072011543005,0.6658464704525651,0.3217483414638375,0.21005854306139737,0.2124430814454563,0.16639302348571322,0.058095108030565695,0.060754478450232824,0.10341674356508064,0.1124431430259591,0.11181767360779414,0.11316859529995156,0.4265566388179111,0.4056351369676942,0.3446782579946707,0.38699755465980956,0.46627385673467797,0.4563391253128752,0.7285747950587574,1.1561877108431788,1.3314663088899956,0.9913820018534454,0.9368266746564721,0.7477275622888276,0.6817664995797988,0.6043317361412682,0.34045606307381515,0.14648281291410734,0.1369993679827335,0.11466830680543101,0.09015254536602568,0.11771073353085397,0.09484408046834718,0.18607993975233988,0.06080870772957025,0.10789073466436339,0.4447276286996552,0.2793425086187048,0.2816434973579917,0.3510742808412304,0.45944442251123785,0.36896645912338344,0.6542382360916734,1.1776147998258766,1.3922512835098655,1.0516271014750662,0.8913193429138418,0.7626802987957754,0.7203273933207828,0.6622566352720982,0.32770987118300543,0.14512933985430398,0.11192791653590191,0.09099703913918661,0.16190014553460796,0.10160251519153086,0.07297519913270145,0.01,0.06661624209530978,0.1027419847645219,0.29038335865015547,0.3706294491713361,0.44813447328333095,0.3248987381247005,0.3481609859188332,0.4085767058345192,0.7536119972572726,1.0979926212755662,1.3638735990730413,1.0862068014542123,0.8950163608519199,0.8402515419546288,0.6777013672807226,0.6161215290996543,0.25100160057020515,0.045419801678219344,0.17953530964047765,0.08981977713828895,0.20747308905393302,0.07845400185459642,0.12404034381983967,0.1491140169377821,0.12139534939433518,0.07197154235636319,0.3970891103644364,0.2783823462214433,0.3677325368326447,0.4053738493016978,0.35155032897894956,0.2648560019536902,0.7221259970120945,1.1930906006417232,1.2738032542735878,1.054044413205822
MAC000208,0.8,0.6984310143458607,0.6365892395590469,0.7430238618053129,0.8716188620430751,0.7300505946758713,0.6181438317695146,0.399089313172359,0.358570504292001,0.5755120821155213,0.45858725787751464,0.4629375440824616,0.5749320342920605,0.5730744830329256,0.616334443328036,0.442539926707487,0.3382624826365101,0.42731348336051767,0.3499653406103302,0.3770410901651914,0.38804720128727044,0.40970251595847484,0.37782620465874794,0.3434701532899812,0.40575509116004693,0.4400932895786417,0.3916438863690896,0.6822319107588282,0.4393204357941129,0.5392759122993396,0.4806965081680093,0.5087847439524176,0.3075135618832302,0.4730639662414919,0.47266356385127195,0.43525305172109496,0.5649878714770277,0.5772925829642901,0.45993910061132726,0.5153272202589434,0.3810070783767342,0.3274121779083933,0.3314662406599298,0.36115215757823377,0.5344566249392422,0.4826674908932788,0.5630821840007312,0.32317888814150336,0.30044377714502796,0.3240373881769228,0.36941536491738014,0.41272741333449126,0.3949988362096172,0.3909251010164284,0.35350956316072324,0.44926392817958094,0.3233015125362753,0.36736981345856484,0.5671161673870374,0.5465601279382074,1.0498551364069812,1.0631937541691616,1.2485535176388194,0.9024343788473979,1.1195859121342497,0.730900478603435,0.5958131280156719,0.4137540939427466,0.393912686531676,0.4630351149829288,0.40806811869242327,0.4264752583917767,0.35213215322814473,0.42219014585178116,0.4611310015481265,0.37939829708188494,0.3254211682227938,0.46410535882322945,0.401287316268392,0.303840302905799,0.4428737026474101,0.3706400397811469,0.47609147163438115,0.3455273488130075,0.3526710323848786,0.4661106300252557,0.7937464787297016,0.49176354556151536,0.33815245527559074,0.35978553500493976,0.3581452797640728,0.39998200654426525,0.6192991566570486,0.8811245520112985,0.622862052266546,0.6511035580975527,0.7875078378245464,0.5761048723056618,0.545088656820436,0.4357593585447741,0.4318900703277146,0.5093161362440712,0.4808920450287557,0.38003913328608196,0.41367025372869515,0.4354627807901087,0.3878892370083301,0.4046441255598845,0.42809490243628057,0.46589799831339956,0.3275190260254195,0.32355521274878657,0.4639997613859488,0.31312387897419763,0.5421829667103422,0.35564210827356535,0.5171474158414981,0.3933084282725662,0.4650969597414777,0.6234590762539081,0.62372715633299,0.5050889212670996,0.3784963031217655,0.3145752518303259,0.46391751204911624,0.3907402036442884,0.42343183519913896,0.5596136927191389,0.6868407806379577,0.7060578067816634,0.3328196397099335,0.3280861971416194,0.3591551994094419,0.32159178791611526,0.36396518186151644,0.31312865287735786,0.30271849739095946,0.4008081690858504,0.3396936952712461,0.7099444901068553,0.7660313350285781,0.45317521736512645,0.3986557950478423,0.41892102767848827,0.4102669152624919,0.4318739893988418,0.35878252449706205,0.4147818714556526,0.5163195903587297,0.534623116091414,0.60943068183068,0.6109683444924837,0.5908570997135979,0.5871663373825525,0.348443588882497,0.3800891354223091,0.6373188504030181,0.446462263843715,0.3500253698939721,0.39768667219061943,0.4725292727492232,0.5810688559978723,0.4060166103185441,0.41478988697395824,0.5718428293982158,0.6053547838536535,0.7038330859160785,0.6642655958091627
MAC000209,0.07323944715355153,0.119929973002802,0.10952089752229076,0.10552080045724926,0.1622679559028971,0.14428399091249802,0.09325899021156801,0.14350237564386992,0.17311940919512442,0.13150602881116444,0.0827072327441056,0.17405657720111378,0.16779256361453337,0.1338848824577674,0.10324013212017463,0.1216080177633672,0.09114486483739882,0.10102124068713672,0.12837783733160932,0.10809229069845212,0.10579485472691984,0.10846074119498925,0.09475826178029197,0.09540312963199418,0.1564170362190158,0.1399388563375878,0.09080239625901379,0.11007697978146838,0.15154003175641578,0.09709229366714796,0.13644475564192843,0.12886111500662692,0.08111449249426823,0.160242513252294,0.16638262708337836,0.16849146637498238,0.12569663147793855,0.14234500925498883,0.09289527512066496,0.14053375591880468,0.15223845096220198,0.1108787695826217,0.11302692560493735,0.11163514137961068,0.10481214897423141,0.0784328323876308,0.15789606664352768,0.09972430563340362,0.07404832768425021,0.16131704261767527,0.09416295310157913,0.14445772249285008,0.11714258593922283,0.10931185384468213,0.13277165771018667,0.15455795538565664,0.08577060062740294,0.08319511439365643,0.16315646058065894,0.10940533226177557,0.07145421223496105,0.0993261957807013,0.07856694997351213,0.11569435514781828,0.14517816653346893,0.14206206888307696,0.10489042983359123,0.10798252699164668,0.1282551828782561,0.09931800738431996,0.09056202217102878,0.11935176212796157,0.11759978899341313,0.15100031408640177,0.14454562689550757,0.13112934880939534,0.11035173406538647,0.09414696982475393,0.0936538834473587,0.1147794204420288,0.16718793081609054,0.12686260494017632,0.1510219013351427,0.12453948201996333,0.11456244431079061,0.12339514479227542,0.09663215668028467,0.15366428542757748,0.12965498427252184,0.1606025535211363,0.1163028411090444,0.08045561735004483,0.15467053941086945,0.08428192311343807,0.09968343880064807,0.10674831478463101,0.13721945857514709,0.1336717228073926,0.11103624914918574,0.1358297250229513,0.13775775364139162,0.12391469921461269,0.10401982146228363,0.07816954067143386,0.10986161073548079,0.10171349718711935,0.10454198525104354,0.1289998373687199,0.10444402701644753,0.13224352452190613,0.08591444821857024,0.10861241395813243,0.1421079745666888,0.11530427712353161,0.136152647420885,0.11594578097644805,0.16797879346889627,0.10575247614842015,0.0965543079209619,0.10498864062203081,0.10189085338336935,0.12271444943954317,0.14513061165218194,0.08211471289200085,0.15028536711032908,0.10522027514748221,0.1503072557602952,0.125512237407686,0.10990550422170567,0.07212528290135019,0.15600803325197748,0.10906036469141119,0.15286548871980737,0.09372773230090606,0.16144075269069483,0.13892916794746352,0.15418696745265115,0.10604246639186331,0.11890751300649068,0.10969355414494417,0.13236256727149964,0.1627007852366372,0.15050148014739337,0.13062172697208443,0.145573427442371,0.12461148209385944,0.11426136599082538,0.14832909778122547,0.09854239872958448,0.13481038596080122,0.06025917272010843,0.15238927635660762,0.1534963710902802,0.18163275201850523,0.1364563550108826,0.15430977036846924,0.09134035893293777,0.10816405208052815,0.12719114957999142,0.07989335658275624,0.09413850056749307,0.12419823159262658,0.1525729323272333,0.1595224629474846,0.10000708461106592,0.1474891176324187,0.1190383128809899,0.09290097598211694
MAC000210,0.4092251647511974,0.192847806532589,0.43521692146480034,0.5440841927510633,0.9829378504749411,0.4861021655768657,0.4414900645763209,1.5014042420949756,0.6029423563657251,0.5421439314775218,0.4735187234309881,0.6623892367028855,0.4112390054139529,0.0681479563105722,0.4382115384287511,0.4336606850829081,0.2963942580493617,0.7798589651496306,0.17865089333276737,0.7612114349883465,0.3689618925095887,1.3686804519895686,0.040889852421642406,0.43949165139628915,2.473104373169935,1.782560754232861,0.9156077362482306,0.7260353539510167,1.0834464401762254,0.35524605176172325,1.3510903828275784,0.14380705837429353,0.2840999038153787,0.3747646225591359,0.3094458423682576,0.3762316678115692,2.2876698893383773,0.30707803276524054,0.41888632228537337,0.22767701059417064,1.3734873101999499,1.7319104660050564,1.2655853500180727,0.4667754994058812,1.46394174182146,0.4522510574636531,0.5919923824719461,0.518602237588504,1.211567032713582,0.8969337775771756,0.5811345522477747,0.19201887397230105,0.2510004874277883,0.402574610918163,0.8286620472759251,0.31038774020360743,1.0073059338326371,0.3398409729244446,0.5908436291533661,0.5857108436223711,0.7948638863818128,0.7049422525627496,0.7932654147962556,0.10870472521117071,0.2771039054161392,0.5215066995409984,0.14510158238598186,0.7761266707794167,0.1787622199316452,0.81781708811859,0.5807749808312928,0.3339906422679371,1.5262302660098557,0.060405732979771684,0.26771491387374524,0.817368044720793,0.2949361206647527,0.18294484788044676,0.8380560746906319,0.9601368840007161,0.6659044896126366,0.294995513501681,0.2767943280272724,0.2497816823383021,1.1107648822805765,0.7327228127021584,0.7354939171851551,1.3961075505651677,0.3569250101167755,0.7032837122719751,0.15060705224919332,1.195224467529655,0.7068815697646883,0.48000991912449453,0.4689138778078376,0.5418170407540271,0.22877879945287805,0.3161432417804313,0.5784091754733852,0.6261202132067355,0.49222374434504224,0.39839188561689737,0.4522404717275102,1.2407228424321208,0.5405250136748727,1.36249315251896,0.8822168395533284,0.6432245844990812,1.2488303694194647,0.22297221319762503,0.502993573824633,0.7412413212705325,0.7894648671525226,0.6281649336158736,1.1333515822519196,1.7203847242331127,0.19721014271258844,0.3026539706587968,0.8858519519534891,0.3285524300262616,0.3735159926968506,0.10841952752946198,0.148980895957092,0.6200130352764107,0.4566974570358038,0.1852125890164237,0.1678949812373853,1.1172511524896245,0.4374012425957003,0.49484619383062717,0.13097626759492656,0.19834425612676657,1.2480336601302817,1.2764912685145744,0.7076403817436866,0.3567981758291594,1.1408847611021615,0.9164961931746753,0.43324349612711643,0.22007555217173988,0.6918826121812055,0.6453061678519826,0.5555611969120107,0.6077477772431367,0.40687921565131974,0.23268462831435402,0.7432382873339181,0.8193424777034886,0.34287973049683856,0.6340341581140088,0.8763102651532547,0.9086348779312066,0.5340111393412812,0.4101550255075263,1.1500554801143867,0.5789216360127016,0.5484111910371867,0.2684075189447068,0.7547887584628511,0.9458086019467741,0.2529662844641376,1.2994226478428843,1.0032394543591479,0.48375990931410995,0.48145259029209575,0.4243065974615405,0.4839301505052352,0.19115668098781982
MAC000211,0.2198871212876953,0.11702512938183542,0.15874053953312708,0.20957712237926066,0.09337171226451035,0.2504713962763315,0.4317479338648961,0.9523851148545928,0.7486456457133659,0.45734506035804967,0.32659883752817076,0.3787765342248301,0.31955773858645453,0.33192724210044383,0.40949784242022663,0.4840976793174453,0.6003743978203245,1.1373304027479172,1.493194421597174,1.4851547209369231,1.254219516386162,0.9427353577922393,0.49300294077637086,0.26846456437563904,0.21531551306620855,0.10483746083108966,0.10769846943339974,0.15963669834125976,0.15899550726100203,0.14726151970079485,0.4863554915521967,0.8300519158045944,0.6787870084406809,0.3600079975898333,0.32778842383175244,0.31919445732559354,0.4505015849658488,0.3237956670250919,0.4023014025092323,0.4983908870620038,0.6850709565601764,1.1398573646939876,1.4288031449693919,1.4427286621119124,1.1596719829082365,0.8785216517973728,0.5023997019234037,0.36859209966811624,0.2161822890632858,0.05388006301170835,0.21750511339964795,0.15020562446121222,0.1264378153785246,0.22579564189393742,0.5113738997423531,0.8929962354376845,0.7411831218260201,0.43557331124707005,0.4134635407062083,0.4513682636722221,0.44397160559820226,0.374392655121412,0.4304628939861772,0.45146065874120395,0.6567562244257699,1.152197884454794,1.5228144867983768,1.398373854265818,1.2074453409811108,0.8646780731347983,0.4215736541770272,0.3125914960824787,0.17081553710157543,0.14196604551138314,0.01647030678541364,0.06634539203933806,0.015908774349313315,0.2284511689249179,0.5060852954336038,0.9379623083374115,0.7632186567440896,0.3869501096871632,0.3794127173044334,0.38387991681365036,0.4133577501689227,0.4140232700526517,0.3573004310924806,0.47624365777737315,0.72184074753074,1.0659902327869855,1.438959403724452,1.4407988173666775,1.1841498945153879,0.8934859300244798,0.49077526114648407,0.27306038692498935,0.1503805339405318,0.13553185470033954,0.10659273917783656,0.10994086574671369,0.12401582436081034,0.19720230993168536,0.4292329090243779,0.9362834409393263,0.7567812841619099,0.41652863894292713,0.461216268489418,0.4252024917337657,0.4098386930431614,0.46474111817116365,0.38780427346293156,0.5362882021542802,0.6995260136985505,1.0948474359541123,1.5121640051469591,1.30519034983482,1.1670300512306344,0.9505316608813812,0.5412061106984161,0.21695893137932865,0.23655065739754647,0.13921112213392817,0.11451800079901217,0.11263655852553757,0.06717114000811977,0.23478878091603045,0.4167653073138443,0.9387190358793809,0.6902445478115421,0.44408065650098216,0.355124839016349,0.7648650572910879,0.6833063093948326,0.7074733800279097,0.7660005679175185,0.7717085384062912,0.9932481742693542,1.0435619066933948,1.5535703328537769,1.4327492854581982,1.130531250999861,0.8750236702631286,0.5392977195746808,0.3362560790729538,0.20758783017189447,0.21950427218562688,0.01,0.14227623435777792,0.1536020353763978,0.25309275767445283,0.49276115524700964,0.8653106950428743,0.795766452799191,0.39260815913458075,0.4066581400364383,0.6899723302176287,0.7966661242301036,0.8137732946070121,0.7680393853735177,0.8306784505370866,0.8883839769702948,1.1599551094443072,1.5298344596799296,1.3862906105061565,1.195487148608988,0.8917203424511173,0.5523728654725314,0.32991646353014903
MAC000212,0.23671946829324814,0.21514029626643635,0.15212539212144907,0.18710452556415952,0.20265392433572796,0.09333599512835232,1.2314652977038758,1.7410685881468417,1.0716809383983024,0.3041114915705577,0.27121234263377636,0.19895849184245812,0.2635211251016602,0.3450293875910621,0.2911953797909731,0.23391911818394737,0.26263178073585125,1.102885882137055,2.0560208914710656,2.0211580635711317,1.639217181361385,0.9731472735790937,0.01,0.025114461963275898,0.14556535556292385,0.11398588704382029,0.15149863235874866,0.08803161429627131,0.16219270779692013,0.13526931921642768,1.1730560146951372,1.83017916983528,1.0457305276317728,0.2268431642456768,0.13697664127829276,0.3615438418758795,0.35002398196349127,0.3001944006114938,0.24410907969118756,0.30294596661044587,0.17631658834028452,1.100902058800676,1.9512153601575524,2.042921041710882,1.640029803923881,0.9481774146725623,0.01,0.01,0.11174023316139707,0.18423884793788764,0.18195973988180847,0.1767516771313969,0.05084819003940036,0.1700966192860449,1.1303998588943365,1.890391765410412,1.0513912697833756,0.3730897183279775,0.23576953623072788,0.19345531990304188,0.22120151520179318,0.2641824090623088,0.20931410725071006,0.14436767531095407,0.2956605341607956,1.1584831105485307,2.0468393966295326,2.0914528911910404,1.5533194210943853,0.9201945381992066,0.05707122805144202,0.01,0.1479023872992807,0.27030849859734807,0.16510344182609626,0.2292400137758337,0.17449389421525993,0.15581971863721514,1.1853259560417821,1.7727412200850916,1.0762285132015441,0.2889932186692048,0.20975746634581308,0.3214612701696528,0.26918373068104623,0.2504432305402459,0.33955053852655814,0.1903914503832485,0.28612269895096715,1.0872557288966167,1.991330429138385,2.0820087828048512,1.6915432270346478,0.959006130510668,0.01,0.01,0.06722284175687009,0.15021543083595243,0.2615269214933132,0.08736213966311733,0.1737002480708767,0.1407290574522527,1.2025089176550514,1.8641956700898568,1.0635609363296845,0.19214451656424986,0.22179920048073012,0.2432784891288875,0.2694384094098387,0.3314308739346128,0.3719795692036935,0.25776154467653617,0.24189207720646744,1.0621404910954828,1.9914165304873601,2.202048571890674,1.5097826240087362,0.958226163474386,0.05767614787899408,0.01,0.22326693036888962,0.10793190853055554,0.08399069308982066,0.14663911994154466,0.19648160478280463,0.06290079004047436,1.0996551487659074,1.8993344923188955,1.0469739319012568,0.2824798057098857,0.2929334196835298,0.19020964266338358,0.2345405252791471,0.26165356203982726,0.21898120944076127,0.24390549138336798,0.3101618585857946,0.9517735692656103,1.9855899431208455,2.0570101297875163,1.5678663657383431,0.9101239449385297,0.01,0.01,0.173256735130317,0.1890320598846212,0.07970435140385822,0.14075639389470548,0.11879349644379775,0.07151529601848937,1.1372341662192225,1.8967052438583616,1.0419410467564605,0.28934880982998823,0.2852641005142933,0.2184386752330453,0.29058873315130107,0.20849078359154669,0.29991147107065413,0.2339173425339943,0.1969759841480117,1.0616839829310898,1.942182183840729,2.140785941880015,1.6175478127692853,0.7735029345257758,0.17218680313246698,0.01
MAC000213,0.19383350261895127,0.029303843479673394,0.10160802528987922,0.19130113560925371,0.13429442149808987,0.13860697765713198,0.20649231190058392,0.7283546679776749,0.9173787664566414,0.6893679641730958,0.7518307726528148,0.9284762831155761,0.8354870238504182,0.7286899844105135,0.9356010728415812,0.7404059362121553,0.8294320195762173,0.8547071587174903,0.8243154870862018,1.0918977720427614,0.9138381086146665,1.1813605122182644,1.1205186166672527,0.23567737762576826,0.15675377613990135,0.14258019840997121,0.14484093598097153,0.20137658325657293,0.16098481222826727,0.0981128995058881,0.17695872881644858,0.714335691229216,0.9292574216507444,0.8774633936900564,0.8282493189807092,0.940806639591019,0.8328256310959201,0.7355393032141527,0.8878423217884055,0.7397460713255541,0.8206123874891148,0.8335522482493498,0.7461108903337523,0.9975601756267642,0.9498597629332118,1.179249684620151,1.070906882401827,0.2434421590217666,0.14710078965434337,0.14583128095655337,0.14587866019395263,0.11089888228882569,0.11222312931198908,0.16969217084690158,0.12301062294958726,0.8056427688491378,0.917746049464957,0.7230585610716362,0.7577237768957006,1.0265702108660943,0.895944474373029,0.7640525719174288,0.845860043791634,0.7197711383631196,0.8590583370445478,0.8226352173434857,0.6831647840633922,1.1438675517917518,0.9224120425423428,1.2559363424654328,1.1186581538760474,0.23728784889431384,0.12142335436050515,0.0930097500390889,0.19799339044056363,0.06743796210183184,0.17789121251809775,0.10927656412129261,0.11438642978212385,0.8298815770674614,0.8936382048778393,0.7825479838775913,0.7806460565451995,1.0557390874761512,0.8289528801182252,0.7762990520300408,0.7880740249678099,0.6847082881764824,0.7863943513447813,0.8723587303984536,0.7220159641795462,1.172016755330901,0.9174024791660764,1.1249485556472558,1.1790584019947863,0.2686449323497463,0.20432772879699335,0.20376080615354952,0.1987187588203154,0.14675680171011501,0.217432941176839,0.21123677572342475,0.08911813578974148,0.8320057195243614,0.9709186172690778,0.7104768147556986,0.7567745538960365,0.9925456763288429,0.810303300994258,0.8103089946620745,0.8243081451153776,0.7480714607603057,0.827680695833533,0.7890784472450982,0.7856514532313378,1.1512421919472648,0.9833162446004389,1.1641999854184277,1.0887400454716356,0.31216574966495897,0.18334326201925563,0.1289725574696379,0.15760190266788382,0.21589236383429727,0.14592887723035314,0.09534602168676995,0.1657029047857326,0.7664396202553138,0.8890239149671821,0.6925314776397993,0.7564609751937517,1.0146843010466966,0.7940848695713308,0.8053643349775894,0.8931778922560683,0.7639487871689534,0.7894455021860465,0.8539606016746362,0.6961532055939461,1.1708944722417944,0.9366103245786294,1.1552788580437872,1.07704173138116,0.1982479745629748,0.10954118466956742,0.10961474467093665,0.18273009121413128,0.19066922227278127,0.13580482467536586,0.18633910865652709,0.2052656160767388,0.8644253739689175,0.8751929159105414,0.8151569836376144,0.695999577671339,0.9646407333618143,0.8317090169184305,0.823531123654917,0.8636404655991122,0.8225445517337536,0.750188021247464,0.7770541879075875,0.7260752800757502,1.031815728584775,0.9983332570328334,1.1314616264968047,1.0340874040757535,0.22180234382626446
MAC000214,0.9474617740917083,0.846639021443188,0.6897749508942312,0.5932315377900043,0.2766635719108155,0.0681560498603152,0.054402074836734655,0.13113486090450352,0.01,0.05941486203038551,0.1323909227410458,0.017490744522472776,0.12409683412957458,0.02885413108619951,0.3352217825070397,0.31545886738344747,0.38952186995141636,0.3878449701830183,0.32026281936295303,0.2795813915726981,0.6709122680342593,1.0406369391496457,1.2520113463577247,0.9289065574450974,0.9061704046704883,0.7563190603696478,0.6809071021388983,0.5210877596164455,0.3436660436082426,0.12600516868636497,0.052961408027003436,0.1929874681744624,0.08103702458101442,0.036531341276060225,0.08866370312460331,0.14452028075270532,0.10840366639490667,0.0766553427344358,0.4089384476560711,0.3799159749867232,0.3932322549014904,0.30779328124140143,0.3631161628904003,0.3820161759643478,0.6005461505854593,1.0256938664314863,1.244370822147998,0.9835972643691729,0.8982866523183791,0.8232735647449994,0.5955699683758547,0.6550251247348363,0.3048928852801987,0.05798687769305272,0.1318398924540946,0.01,0.09219539055114266,0.12333138455723107,0.07397192787568775,0.1218439176427901,0.13778653117298872,0.021821026846848196,0.3231263227543521,0.40452534782113686,0.29614518707074083,0.2931031689037591,0.40131634821864387,0.37305525409274315,0.7226414250306258,1.1489441498666872,1.243042103013172,0.9672562344756758,0.8397403632182321,0.7359211685119882,0.7429439961329574,0.5775266161212032,0.3249911396902151,0.1279952625243595,0.056520780759829206,0.10460448215617651,0.012707331749422304,0.10599668975084761,0.08817725266746293,0.012735087744723761,0.09635322335063573,0.21738011908473354,0.3839940540780924,0.3160464066627812,0.3159079014453714,0.341613692126586,0.37235047081281886,0.3007219719710002,0.6609466057618499,1.0633419742126669,1.1925357025916217,0.9951733844342031,0.89577338408416,0.7529359694278464,0.6565448880877145,0.5395545448785147,0.3067848246103058,0.05535444510002263,0.12308250068307403,0.14594459906494606,0.11367394241576904,0.07953426240615075,0.08336269911883025,0.05908585373248907,0.11029607760974414,0.06881585899826617,0.40958605450363594,0.2748777213718732,0.31955029965334436,0.31094833385442555,0.35267903708496595,0.30509648041720916,0.71518689722931,1.0858565169517558,1.289116755600333,0.8922561908062349,0.8454826520224913,0.8222401683285283,0.630074347849941,0.5416024201603269,0.3241802129007972,0.043134248099558486,0.019604444427783377,0.06300255599039935,0.19606365789262248,0.034036938996282184,0.029429250118826106,0.177552439813272,0.11600412586547704,0.11501621978614746,0.2572079911172689,0.2653159469132364,0.3503110514717195,0.2729744778569089,0.3830246276043269,0.285611976807148,0.7197802035928507,1.0557216989930873,1.241898954853387,0.9027166074656938,0.9926889143769948,0.7401263969047853,0.7263202720723296,0.5270279953638619,0.36753003861843775,0.13982106372953013,0.09472513116549071,0.06478225030678336,0.1364337584708251,0.06346054029774716,0.11624069606766244,0.11779766895720492,0.1475625391634004,0.09699444009932287,0.27070301686381326,0.22676984957244478,0.2853108575940899,0.4054679806828031,0.3826355960419273,0.3860134904066739,0.6219217745307042,1.0964233339224239,1.220678162030692,0.9701142057851369
MAC000215,0.8,0.5316084944854597,0.44718636877130213,0.46711028940044985,0.6898247678022649,0.5518241662553187,0.3791502661097065,0.4022056294942045,0.3204985084806583,0.5617135030475737,0.598298423873393,0.6892487725352441,0.47741016346954324,0.5409304338902082,0.36700496254835224,0.4524475631432694,0.36508853349060144,0.33656180424209636,0.37464381598019897,0.505711770535056,0.3400664737209039,0.45932480596741165,0.6355674502526634,0.6795716301651499,0.6857176015853761,0.42868988592943946,0.6857362169850433,0.36938405102455224,0.47172824344774655,0.39070743890266524,0.3537875156404345,0.3054969062528248,0.44267275424546826,0.45692959596618143,0.3756795485347679,0.3041289867642903,0.5985342382112309,0.4555647453988933,0.49749614989830476,0.3918179071212518,0.39455666947627044,0.5229119994223708,0.49642331037066206,0.43886146964916606,0.3931641073220921,0.3145124823453518,0.44216738228755414,0.32346701873870304,0.30101220344535295,0.4980787943995313,0.31883874517966654,0.47861566891944274,0.5262395810921503,0.41763946301913946,0.4299667223906086,0.3257295020797259,0.3120480984376756,0.31297198312861846,0.4215824449235738,0.5874668265982891,0.5273379203056278,0.3434435999122006,0.378773356495282,0.372316534080711,0.48436634207451407,0.4523250142323223,0.741144881500343,0.5807625544739249,0.6530975608654455,0.4463484351288737,0.8780830243633,0.5761828999025991,0.7283566538766428,0.7069380820007856,0.7472219579072195,0.5268406571141672,0.43648272254356946,0.3221596796024873,0.37513454389081946,0.31702472725775566,0.46000653283362664,0.333784148921994,0.35351411277696027,0.36502756830633654,0.49421410053471526,0.3988228761707424,0.42168897302307246,0.39277214868924804,0.3343542095069486,0.3153176360891867,0.5285915694177297,0.3049542056181431,0.33044690515628167,0.4532533356798981,0.6677823178807012,0.4623939843649502,0.30105670301900556,0.3255626122145898,0.411870158527194,0.36332199088333,0.4328124037515208,0.3909985133432411,0.4970205698582243,0.31447422429741223,0.4484299552652099,0.5792460339769951,0.523921058329058,0.3959103067335019,0.43639942342385957,0.41546597846410005,0.3049088675068189,0.48043060004269933,0.5586938251692274,0.5374060863497759,0.43704582588888474,0.5983843382695768,0.4281813584689194,0.47540802089636647,0.3441265555628225,0.554941228066895,0.42115542913449144,0.344342981779979,0.3016699211762413,0.42894852056078303,0.48350620400623134,0.5352060780683556,0.4936720976577831,0.3654129986856176,0.43289049948090597,0.36301790134416534,0.5431781162689396,0.5993928539421407,0.40529298695897187,0.34977330766194203,0.3531713817530439,0.3088739111012217,0.3006990750551134,0.40105897878496216,0.5342487273176946,0.4140096978465642,0.3290856037304495,0.4360949337181522,0.4498758670803006,0.49624518286057917,0.6849268669924806,0.49046244233064407,0.4360328629667618,0.37330725885802435,0.5321110267396921,0.42509984559802627,0.337831953637571,0.432951455647695,0.6290050233451276,0.5783492512286337,0.5244112613080556,0.6641777314154693,0.6638846476490539,0.6274816269205303,0.4171524243742153,0.5148501199741915,0.6342359647233982,0.5975415660173593,0.41158185676951514,0.41390837488889193,0.31698364610544394,0.4232855459092602,0.3414804338467859,0.3495070581818901
MAC000216,0.14685643212648122,0.07927322667369699,0.1009936828585447,0.09406218122404178,0.08323629515110909,0.1123168659989276,0.140158488672614,0.08915689464801635,0.07413381739616982,0.10821036410008,0.09046958184411455,0.14459350592494138,0.158350660787891,0.1417782557371,0.12799587692743974,0.16027867456778416,0.12017307697843507,0.08001552211173048,0.07927167996933047,0.1514728970148576,0.15356556762946563,0.08349479833856674,0.13374021663819677,0.10354858004974711,0.11153605831972366,0.15148210587514757,0.10190756815598415,0.14704123735555846,0.13223147035168817,0.15573228152919277,0.12130519803386382,0.1293791414079875,0.13652628634389177,0.15264259088387686,0.11216437124269593,0.1238673491864054,0.1427688050010038,0.15530948732392522,0.1034862731649791,0.13920705373377706,0.09694538423557869,0.1108453959565327,0.09540165284550459,0.10521355703285105,0.16506680516536607,0.1250876140839463,0.10384673184707108,0.13011503386347095,0.14554637448576296,0.12832529365976927,0.15310768248296266,0.09798460790379765,0.08698923317288032,0.09775897992490613,0.13109352385605325,0.12861371452003037,0.12290903219817113,0.14877643475520846,0.142434536056492,0.13379678610151652,0.11664871102218959,0.10649488597784211,0.10113943501865715,0.1717102468812061,0.101624312043319,0.10468781316895559,0.15699623246362415,0.1313574307991707,0.1302832543342279,0.16800133614408772,0.09774843586008425,0.11819392812714088,0.0937123745418664,0.13744729878191714,0.14151486065494076,0.10274836796675954,0.11633894725136487,0.17078312805797213,0.09969665511591724,0.1283421037809997,0.11627744663595735,0.14941490441658017,0.1159911542701864,0.14274593143842204,0.1148357320315464,0.12897659222264307,0.15121932408593436,0.13628791471858587,0.11667548301033537,0.09163649934522657,0.10615493423133149,0.15414632396232059,0.14372311508109772,0.15173878348959036,0.12373021105760122,0.15728719621291715,0.1271952500473412,0.06391307388894482,0.12921470351784545,0.171220546734425,0.08871868803740669,0.15801186094661743,0.1283440939616513,0.06165887130721501,0.12872359925086488,0.14741579303129185,0.13458597204381353,0.111247597671734,0.08540702463631922,0.14290740653151013,0.10555204274724256,0.14596253746035384,0.09784068857703632,0.12712447575174649,0.09057614713054349,0.11719015043727053,0.06766509408438343,0.1381324860813098,0.12109970742720685,0.08276125669431281,0.1198868872655482,0.13823974896675015,0.1128601975584223,0.11504883088780589,0.13655815617233658,0.10900030627508317,0.13656499987706877,0.08328441848045842,0.0961985040803968,0.09355411756504944,0.13229860365126792,0.1344283224689963,0.07890550412591041,0.10962924509531013,0.1306840219883272,0.1337145771416683,0.08132655919447364,0.10966153157066878,0.14347213688077254,0.12602831733132902,0.14179865205249664,0.13801071787949748,0.12034315311009329,0.10825346024547439,0.11436452204313186,0.09000418422279982,0.10243039188230159,0.09156127861236692,0.10863857633132842,0.12295325776500932,0.16852832150929856,0.160496037067427,0.10444924637429395,0.08350931131092783,0.14167040407554762,0.13611043746218773,0.14588280357784936,0.13297900132902316,0.1362294924989016,0.12039018173404334,0.13917053874192747,0.09868738205972016,0.1262348820731791,0.08348048088757577,0.17163419457231383,0.11994475630580627,0.11902738490590259,0.15677617005766092
MAC000217,0.08426868274061239,0.2434483180014098,0.24835877690059344,0.5529756778029162,0.15522617095252123,0.4926408470415063,0.18987895209319966,0.10871836843545034,1.3506794649760199,0.3016953465627339,0.7075403906809076,0.6139113505874196,0.6335889755082659,0.5568321513694918,0.6951079843917446,0.7761240672481455,0.3150930362885206,0.4596213144919276,0.26011344315261875,1.10417760545669,0.6645574789284471,0.6562432748441317,0.30657608635806566,0.6514146398902383,0.08389713708405312,0.11016790805812408,1.1495065899142907,0.8887369849018419,0.1986092085302256,0.01,0.1730528734315719,1.2775828264970543,0.5453372625855086,0.8064588644486538,0.3982510353117365,0.7802293137788489,1.1137732845921668,0.7603716832603694,0.4594702475828836,0.1431485465660657,0.25717381269734446,1.193049117672539,0.8341253654949535,0.8944391893190812,0.5330791088047842,0.0998177200399826,0.42614592589676553,0.26454602785088677,0.3860976652911861,0.20011914490921973,0.3210318451731987,1.0151742462398037,0.5327084212068108,0.11080680139007833,0.6078573958191104,0.6366702690992225,0.2588320656217477,0.30498190233623024,0.7867223256631001,0.12399237619364117,0.17911439417262673,0.5408580758966354,0.9809660368943383,0.5703323376321484,0.3030651668118657,0.11289554243321312,0.6476310368005594,0.5831795182381482,0.31342939727548147,0.1489953526424611,0.8500219946107549,0.458724500938718,0.2520843064759697,0.029201055157993795,0.5516449510064798,0.17855139565560307,0.2792217468674584,0.13734545116552913,1.1670364644019948,0.7845420398136124,0.7209124003907114,2.4606124043023807,0.2521542299388187,0.5300001993481015,0.40200531658792554,1.0497282645094723,0.6309058076610871,0.6803942441296161,0.4912151001015046,0.08599417903835747,0.9240288281212481,0.06611904887905101,0.6061476438897802,0.5086856195371651,0.10904899055719557,0.29668744251508933,0.5446431305170393,0.23957507982351575,0.4374080689869948,0.34047455032942114,0.4486595436002236,0.6054980726542323,1.2260715368601538,0.7427482930028334,0.6103567813961057,0.5278121263139596,0.8114836194260575,0.19775375624608507,0.3896109790262275,0.6114694074104804,0.4946297414306432,0.44989414839335823,0.4526515323306781,0.1970900555055963,1.6120995915628216,0.2241564387772234,0.257678122545267,0.25906303940728626,0.7691759539527251,0.7756807879567346,0.4477271998713472,0.6662123239059671,1.384607780375999,0.7367595112508719,0.4278290774836568,0.7842032865688009,0.352995991232736,0.5982028010947549,0.5326866978659358,0.49903314852989383,0.2438556085856471,1.106335002111996,0.1686833483203293,1.526795925342443,0.7619341151705378,0.21849946385407618,0.18299634926565342,0.8853497401265056,0.7267576511556653,1.9571393093478011,0.4002818098103162,0.7554171751985321,1.832272137079971,0.21478879207839657,0.4568391176726665,1.009638572825865,0.49381123412612915,0.7370804112527439,0.6655297528432537,0.8259867216536765,1.6403576498145211,0.3054603340871936,0.2862967192879937,0.3523981798790372,1.0482997221723873,0.15916630700271625,0.0862267365054752,0.9068973596391722,1.5290323584232262,0.7720831073420911,0.4917224609161587,0.47586474522357347,0.21651800528418355,0.6589612499842142,0.29726189505305106,0.5055518872438713,0.70428436934714,0.34385129769451356
MAC000218,0.138122143316076,0.15347997351873888,0.07358483305927488,0.1430954131213867,0.14258667561344673,0.26592995192725705,0.3774343978035085,0.69174296364233,0.5530361507988456,0.34014497444038766,0.2838926945291108,0.33139022264950757,0.2992842830063812,0.33334407199720256,0.300839608663312,0.3823786504092307,0.4370323063494443,0.878331053269987,1.2501962252441672,1.0712259654275336,0.9241675271445692,0.6685839632322023,0.34600756037355074,0.20567725993427904,0.11962383313162367,0.15265938633977047,0.08629590370597275,0.14090198895097578,0.12262591028090834,0.1417330208195104,0.24555255902932405,0.7816870266040539,0.5985917780691895,0.29188333784035175,0.3515796933283265,0.31362007462618213,0.33599858036464175,0.4204713546873826,0.3291918540339616,0.4393848686618768,0.6015078653473869,0.8768703282630053,1.1486710563000408,1.1488125342896773,0.9807891899640875,0.7049422425335576,0.43172846586542346,0.22978195904726156,0.11866315152641342,0.08643758602768187,0.16670202685085506,0.2207943273431783,0.09854533149038612,0.201977683239468,0.37139278590921515,0.7185397151061998,0.5404673259182341,0.32502573709591315,0.24100414935263764,0.30687621302591717,0.35850052067884275,0.40732909825366187,0.2743347344207618,0.3911203737244881,0.6288929903269873,0.8969830317550376,1.0751664586522267,1.0218674050177055,0.9506852599332378,0.6774071752149335,0.3816060700954748,0.3507024334231299,0.16082307133122442,0.14673614528765683,0.1273655134504922,0.06959127910020915,0.1383609126401798,0.1382719936692039,0.36721727550052846,0.6733279902576063,0.5081675854426349,0.31283064292990215,0.27389715942459836,0.2769445635202257,0.34078639673137867,0.2473966946412362,0.16480349270970465,0.23597201539939838,0.522476828014136,0.921322622267483,1.1935008084515315,1.1570097871636438,0.9596732297416888,0.6744396226272031,0.37791558485219157,0.3094600878154615,0.25939587643085166,0.13568894829108047,0.1313734275041225,0.03639488700744329,0.03342924075237355,0.24870378014087324,0.2884553897990234,0.7323555004400519,0.6662899254376353,0.4072737381486946,0.27516036139221994,0.28936409055010526,0.35304210651396994,0.26303175356532227,0.2964384831253686,0.41972220080393136,0.6423335925443948,0.9549853976515996,1.23965154054015,1.1739684896499707,0.8272413472948169,0.698036506439266,0.33224552459791873,0.19035021598267476,0.13825563929849627,0.19785117284159026,0.08224618162536258,0.06931188755380091,0.10819865885461458,0.17691782666062722,0.2897565402958221,0.7535841800314858,0.5617203213606587,0.28451836318798834,0.3298415224373378,0.6105700482303975,0.7274298837775638,0.6689284306396958,0.5763323463125961,0.7455037888887726,0.8045576299928433,0.8889620535057564,1.1086645546179548,1.1395549551707815,0.8939432665843166,0.6924618849799734,0.45094397941732445,0.18164015767552566,0.10030045654320488,0.060671111496601114,0.04245583625512779,0.15617333710904172,0.11792325847661606,0.15821536326758173,0.3110520899491459,0.6695669093803811,0.5510438512086238,0.2832219459220481,0.3037642786268676,0.6143938191950009,0.6211581605497937,0.6054680773946521,0.6266075619374208,0.7841497485705222,0.9522708493302635,0.8219686333871056,1.1343262076659388,0.9882401591696983,0.9276062198343074,0.657318295898234,0.42053241777855416,0.19827403769285526
MAC000219,0.1248823573770009,0.16296730238772372,0.16033577182255387,0.09902309647783608,0.22563188136305395,0.33533097611977725,1.153183612313544,1.950156140038497,1.0324059968944326,0.34212766919771365,0.18043787947531487,0.26610510980596563,0.30266019867754845,0.3403473191928,0.2660526435422929,0.2413600029707203,0.25211962923361647,1.0669752212776875,2.103605101802515,2.1889408137930317,1.6211898307871324,0.9081670654516993,0.01,0.01,0.09174948614000335,0.1332330587872018,0.09390149259023337,0.1800953401602365,0.20628761746185814,0.21241172137176229,1.235563711792932,1.9193432794358265,1.0467411343554456,0.2556846303200243,0.34986769531692147,0.25708998991950854,0.29518729219058754,0.33660816393028226,0.3637052346187758,0.298277180727446,0.264026713119889,1.1499703922701694,2.1261882579132974,2.154243301724123,1.6462088687056258,0.9287913494075166,0.01,0.11376133241662352,0.03189836345367705,0.1376036004761731,0.18658734760307844,0.19913752634629775,0.17405020738471016,0.1710516553147208,1.1776117461216196,1.8920933121496604,1.125936043270072,0.3165304841345803,0.2870749690172258,0.299511414794763,0.37772162494750705,0.2539626609111767,0.292049412171207,0.30518433277227447,0.302090107374068,1.104248029933874,2.1236045247357107,2.2482273230352225,1.6824219229518882,0.9187196871713741,0.02139299844095704,0.055160033659554665,0.21344951566386794,0.07462093442886039,0.19730764195453088,0.20434709173497673,0.15167665909280953,0.22373135496431484,1.1923680690247043,1.949241112655688,1.0751060084738897,0.2760856825707595,0.2669949501378345,0.2923513522483783,0.3020298883830404,0.3096357308754258,0.21468037455714561,0.27138739152424957,0.267313558761711,1.1211865773991851,2.050634442096141,2.1855577012125122,1.6213940746958133,0.8929382405014321,0.01,0.01,0.216403736411255,0.1520629069429133,0.10814371220572785,0.06634183939346813,0.22635786088801127,0.1940366824642989,1.276773862907532,1.9796780604169157,1.1441785515886713,0.2762495142972207,0.20259414832839936,0.17429676850439016,0.256331591536262,0.32277662953585373,0.21069207345272029,0.2515748175999174,0.27828380261073,1.084588337386171,2.0810994556410622,2.232822003050021,1.6249625259492366,1.0262039954510045,0.01,0.01,0.1633165178029516,0.1583299009883275,0.205939095651869,0.15804719476279666,0.1594493328804038,0.22280785262268316,1.248076676679461,1.9874995840581553,1.1778724401913105,0.33901484459401754,0.3237258248680772,0.2508827831294872,0.30046123303174793,0.2011513451723406,0.11663682676075648,0.30279707829396746,0.20437411481785123,1.0508536797822283,2.1032920469691643,2.1134147931798917,1.6370473329332342,0.9348264882980555,0.02466495487671086,0.01,0.18485753366374386,0.2243873154225875,0.2053315935228572,0.10444628180694335,0.13772060528931163,0.21902177473779488,1.2973890042641671,1.9189711458181524,1.1278797872068254,0.2600748869541795,0.28543288695419117,0.31075802006952913,0.2824941368014296,0.2816268421706289,0.24979056474258915,0.25974310025621233,0.3020392247545977,1.06665655085402,1.999730646544665,2.229424763787016,1.709162437425244,1.0341408908162864,0.01,0.01
MAC000220,0.15486479137430278,0.19672963664939186,0.09130066651089741,0.16858160282689416,0.10914908606213153,0.07786858067780335,0.2079613131228605,0.8056371026669964,0.8490016247500523,0.8030603638144411,0.7510746012715928,0.9476587397034157,0.8195986931761947,0.6615205597008286,0.9891606020960882,0.9152642152716424,0.7930029295660908,0.7931835708076371,0.976480320467303,1.0345980429736796,1.040362880288474,1.228104331059614,0.9766174271731561,0.21170733662555918,0.13676532299918334,0.16096456358674271,0.14207583742246718,0.13384081377846574,0.10239413890554608,0.05311326687142606,0.09326067605271335,0.9032853318113916,0.840444959006624,0.7776273665183048,0.7946738309682687,0.9768756311862951,0.7814205645264339,0.7819865843300625,0.9400972600504727,0.8548830819086701,0.7288655769297362,0.7849745264328061,1.003644339578846,1.1264756340430957,1.0291761442644594,1.196358317505905,0.9960106584404138,0.3248577709080409,0.11299676196007913,0.1788075901298183,0.10479623572625205,0.23444638100166645,0.1815789474455053,0.179916920353607,0.16409065018020624,0.8455711860059145,0.7171048684479525,0.7923604198065456,0.7519612362607989,0.9258636870415773,0.7543599514567876,0.6841643613432492,1.0654894546259872,0.8194962868438228,0.7135005484215805,0.8569530227622915,0.890744277244252,1.0743749212517577,1.0593863469088063,1.1595683608384255,0.9922646494698198,0.24862097017567025,0.13342767606825864,0.16618421913826925,0.08620062363410094,0.10373115625142293,0.15472549385057002,0.18594829037299654,0.13671163262043545,0.8284565543611078,0.8287140616251856,0.7683115717677664,0.8268368933866239,1.0170057612614414,0.7123075998620058,0.7558011188145246,0.9873782435172627,0.7371981624080416,0.595446733703337,0.8636399522063354,0.8657670875444159,1.1402350286883696,1.096734724730824,1.1951769953677374,1.0226289842271783,0.23196095325883082,0.08248025068756877,0.12777793195763576,0.07879978668995188,0.19396375338899638,0.1733285423866892,0.13985703849672176,0.16565898722626937,0.8940744516981752,0.7197672477302873,0.7532893378131483,0.7340334931545939,0.990934281228454,0.7142624749444134,0.7748617872703738,1.0247440038259514,0.807708241183864,0.7639786719290041,0.8498815294020399,0.8997185706152719,1.090563348854639,1.0615156489638489,1.225448447112244,1.079891696976061,0.29235657768726997,0.1644663721290132,0.21220453764333758,0.1428385708762393,0.18832610060640073,0.10303648287573863,0.17923107431979857,0.17788870955072456,0.8279535893917549,0.8534263449004608,0.7620409441824105,0.8337816167663195,1.0032937730906255,0.608601222629608,0.6822992867591385,0.9786963989633006,0.7406544983748051,0.7054097719571798,0.8700517786191623,0.9553631268531075,1.1191732494337205,0.988008601456389,1.2417893659244805,1.0401109853782469,0.3679776315312693,0.12374639547336082,0.18714911065815087,0.12054876740655285,0.11671628746871159,0.18708884199355824,0.07478307025326386,0.09776482132101441,0.8514307201962158,0.8037051853190796,0.7758208567926237,0.7548301708140818,0.9783993912009952,0.6405915923729206,0.7514474881482376,1.0208941601040487,0.8391575371999703,0.6224880433830253,0.7962546438178285,0.9555340152974738,1.1502596924280786,1.0783567530337044,1.1145111234285319,0.9898852556806254,0.20998670681456774
MAC000221,1.0309223624687078,0.870321966595875,0.8367086359628638,0.7807407497314733,0.22159209228986795,0.10358721978531088,0.12370190935734379,0.2028402783531983,0.02600652725487787,0.13607435733439377,0.15289919590949627,0.0740043133051186,0.1294115911347162,0.1326980762146708,0.46939047624233726,0.47493531465833044,0.4255661236386646,0.41871335041526475,0.34499190457858325,0.4124158449101435,0.8207085086293431,1.2419775830356312,1.5617111831173884,1.1856578893997956,1.065469054640349,0.9618189700100211,0.7735445991327742,0.6275315662399129,0.37962249770897566,0.04291166405270473,0.2196397890780999,0.11107638145308867,0.10640077689751827,0.16208037994779248,0.1332347759343756,0.2038702115290485,0.16620226541006955,0.1214529767311092,0.38299265348894534,0.47135483844390413,0.3525197376171497,0.40476202814400036,0.4056677189033653,0.3900372127530332,0.9460184805227474,1.3691321764633018,1.5625508663619103,1.3023082437512632,1.1121532435367638,0.9482268003713922,0.7991634897497832,0.6483142305498966,0.3149601454499628,0.1209471808790849,0.05591202971215728,0.039906583605321205,0.17347761561011796,0.04595552709857763,0.11426561801780728,0.1607639343274494,0.11317681167338899,0.0723580943918737,0.4515961663390585,0.35781990803566993,0.4614266549693093,0.39117823731834556,0.43915319671841996,0.42223994721554176,0.8826249240238596,1.259794945341652,1.5487284545293507,1.129228732411312,0.995623949938819,0.9500496507478605,0.8562781431089598,0.7316078198328981,0.3741008812159281,0.11777572772381924,0.17349067873106977,0.07919499898773188,0.06710086815051755,0.14457760164138012,0.08880079491596544,0.07202017449304765,0.1487635545353973,0.1666618146562162,0.4166357996031092,0.3249446864308572,0.5175880700755102,0.4604808902764149,0.2973441209823732,0.32517180433296367,0.8288046569206425,1.3115444652941106,1.484385672274272,1.1751101050488821,1.0882111507253043,0.9683453137182787,0.7683643168686378,0.8039239403469683,0.43121105555786576,0.16178984586055037,0.07038587296456938,0.17508335388347757,0.07178896418632794,0.1523893489965405,0.13498181632203354,0.15821093717975362,0.09593021994942373,0.18376617957309788,0.42532913334619876,0.37168146253969947,0.44417249211698473,0.4296416956339495,0.4528027363920889,0.38018780991068135,0.80499945417236,1.2958955238871686,1.4892228531500094,1.1328354377432157,0.9876064223389126,0.9351301900335267,0.7857837987123645,0.6679269812502301,0.3209147884328344,0.04602298958539905,0.0889416254213089,0.1254124529584423,0.08443024415730543,0.0439780032825106,0.16327602771260055,0.10264605146849264,0.1094015561910742,0.07141362457680922,0.36443994338179986,0.4148984210499761,0.30769727322371065,0.3149745944857302,0.43091824484226166,0.4249633363600365,0.7722901990209291,1.2665659204710489,1.487843884715821,1.102451285727554,1.037746364502906,0.9179574896338358,0.8713575302102895,0.6388290983818418,0.4808046293876027,0.059693909251380774,0.14176334915880628,0.11933068370944033,0.24373726804525533,0.15594909838191534,0.1501428283195028,0.1794329082690368,0.10920328362160209,0.09102726669844138,0.4361461689941403,0.3892217758104002,0.4024217964225753,0.45641558544972516,0.3397728463785841,0.4121530391868486,0.809500225231265,1.2699263393357654,1.544378666043162,1.0926418861486666
MAC000222,0.8,0.7111534628312417,0.42660094460955067,0.40078038982852937,0.3493687374085359,0.46494453789825885,0.3704119181626927,0.30697707292528076,0.49882657514442724,0.4168704719882693,0.4896834035255219,0.5691350932132444,0.4959568864348393,0.7579416397919907,0.7539565129457777,0.7412952698221669,0.5351315134054211,0.6605914440673476,0.571661641201062,0.4509009810797047,0.5878416674460354,0.50081852361625,0.41328242149336436,0.4099429593715815,0.465876511110271,0.5201404642360394,0.5661832351960709,0.41194630853416986,0.3951863423799955,0.6309480771801789,0.6579974863597506,0.5641428510929951,0.5218825824736028,0.5181614903228602,0.5516918887653519,0.40376106437804193,0.3403833696710465,0.3500085675629171,0.3430125384002074,0.4203372863250319,0.4007556896685475,0.3531504960670778,0.43383840922010836,0.34643321937409666,0.505343586361549,0.5482346568296176,0.4747800750349864,0.3735018539352203,0.3062100488729965,0.37411338982129316,0.30490102533070274,0.4844637727568026,0.3700218332627232,0.36044258384509653,0.5231686052584651,0.6180708117128362,0.4114879526201553,0.551380383592647,0.546967066882775,0.624716760806034,0.6830297541767678,0.6190813307078891,0.562373418764337,0.5239416637454999,0.4920021881601459,0.3806399723575635,0.6955600766511243,0.7508749387170843,0.6825472678644076,0.5993913553580767,0.42975408895286726,0.3408153903154294,0.42383069723645983,0.306454052908385,0.35536275486330143,0.3024886210796254,0.37248428782268694,0.34987313361327,0.310952568222047,0.33746248010427715,0.5223321975533942,0.5331948387568479,0.7642619299862076,0.716464317659153,0.41404817776631897,0.47485724088958886,0.40825505856356625,0.31234895517133116,0.36080199994613393,0.34427993881634933,0.3666130292967797,0.4069145420033254,0.362425508339309,0.34606235973016375,0.3718545149293034,0.39307657854415523,0.405436562382049,0.40709148202865075,0.4107968847926031,0.3726896002416309,0.5405161206594611,0.5256835405944985,0.39923215218421726,0.4934765329074505,0.4672799253832624,0.35877878535201224,0.5005341716033653,0.3198605993515352,0.45738888793224847,0.48352005029274814,0.6924692625489115,0.414484241330222,0.49058835782688537,0.47267771701559513,0.3352229115745782,0.32094829496510674,0.6511075609711634,0.4381324697081699,0.5157415260546582,0.3018606444814077,0.5749513570403519,0.6540169300188972,0.6860785127191606,0.4257530815814563,0.41963701729534775,0.31800895609607477,0.32945361719673205,0.554504030817264,0.529080320579487,0.5431202828535122,0.47556120726325957,0.6171647266427199,0.5977161231828176,0.34168884577373365,0.41688410751854543,0.4271371771884707,0.41217259249420385,0.30626514208460787,0.49641423167914916,0.401507108112741,0.3340242928113977,0.36947892740334876,0.3285832329675484,0.40392604459437065,0.4097700455950801,0.3254150058219587,0.35841836128748183,0.3804042512937345,0.4282106318665436,0.7396114167317898,0.4293228272760454,0.33119822156349626,0.3226719557639221,0.36535141099901347,0.33876493510805616,0.39908604939866354,0.32808328328908,0.3432044899759138,0.3282090305364648,0.3163687942160859,0.36731431575094564,0.42858863705452277,0.3497342972380641,0.6921928599980652,0.5863545513048569,0.4630302584738918,0.5557458140796754,0.4785225341096041
MAC000223,0.17574403888953744,0.14105702144376353,0.16441312012964926,0.10112314396556292,0.11363165680709576,0.15988301580266556,0.15090425866811374,0.1277837598192333,0.14837232073891843,0.09379107137023181,0.12579704482646065,0.09932675110775727,0.12424128995157545,0.14347456778928735,0.11178119434526392,0.07930796363928641,0.10946696895165847,0.11924154289580309,0.09181956742287033,0.1621238957104298,0.12656672650504858,0.1666864430403518,0.118146255199355,0.11869998004665082,0.09798700746522104,0.12188062171119804,0.10174133542903188,0.07977637199336701,0.09493853889599041,0.09636723656067073,0.0819736124639756,0.10562065193780523,0.09531189774055814,0.14407226148156077,0.14448688121621028,0.07396616151212025,0.08207747751030522,0.10106165191876396,0.09144793696092082,0.13868154465920438,0.14710524896249483,0.14676986954012894,0.09170634598954201,0.1410891894374724,0.09740458820095599,0.14865829495489616,0.12199791831709604,0.08245178651098414,0.10401693642069743,0.13743648061045471,0.11313670523437015,0.08498999353434016,0.13367206039608945,0.16074521033584796,0.07275079025548942,0.14016626056824846,0.12385383895988164,0.07569367088786386,0.10438874422334041,0.08986198625972161,0.15469090775040198,0.10120253580041162,0.0976842979392178,0.09738990079012391,0.12869163310222917,0.10411620352338907,0.11672074810796265,0.13677039840484445,0.12035292204722439,0.14116622439231677,0.13816291782652965,0.11587387502016734,0.09842959330588656,0.14832039404409322,0.15634592164535607,0.14179825330107806,0.08081517118245635,0.10070258181859063,0.0859007678650924,0.11424064813735192,0.10659149995394222,0.12325462453243485,0.09504475614404231,0.15846107822968686,0.11354452617539633,0.1254538373715464,0.16093933212727526,0.1081997354172505,0.10634786902551019,0.14523192378306485,0.07644460573752265,0.10878860740026074,0.13906512694266818,0.13882940220930048,0.1479328453623248,0.13304635853245186,0.13675899269867625,0.10831991148488693,0.19623965080231748,0.13282159772184438,0.11443878198250947,0.1125311240799369,0.07406868562174612,0.121446170483878,0.09403208893102712,0.10335657661117677,0.09978566006267983,0.11468665973580121,0.09399753406180704,0.14282666563822213,0.1029447775389043,0.1485841678348508,0.15561512267090555,0.12458547015448715,0.1298436505813726,0.1293964126273707,0.12766200629615926,0.11445106473312593,0.07338095610975578,0.12914609049347414,0.08992126065660427,0.1364988506937629,0.14313025989311048,0.12459426350637426,0.0992716495078595,0.13548121200986474,0.09400472951978328,0.11673686025999737,0.16933795246888533,0.08871075905337715,0.1319205531787679,0.1447768392399696,0.09927561964882059,0.12197600747107355,0.12297606231649522,0.10704293112757116,0.09758951871110404,0.13244139787866732,0.13988279291403197,0.10458869154653037,0.09328188172724607,0.15830700834691172,0.15542496397793448,0.15535267683961945,0.08934136703739447,0.14473736576520405,0.13948837591165175,0.13354240066146078,0.11267275031371385,0.11505526257654125,0.14218251731867482,0.11587795934952218,0.15398268195774883,0.10715425022718582,0.07758210686283214,0.10494599853841406,0.1401219862883033,0.15089370249197223,0.09774965914979279,0.15217356504558255,0.1135412815119287,0.0668823010536316,0.08084625626179524,0.08979310702382906,0.13346937028817674,0.14929965468460413,0.08273655213216786,0.09794150376944354
MAC000224,0.643787629965832,0.5976844824838418,0.8501535025267325,0.18438999458018693,0.44929610863699443,0.22300900332968238,0.41457326614635676,1.3999635716049756,0.1624026119331761,0.24509212451327334,0.8732420215332827,1.2907697646402292,0.7956691068287877,0.8614499441596799,0.513357828473544,0.11609249808220881,1.1714988800891102,0.9717918923329759,0.45540280772882674,0.3638940994118954,0.8193639222451413,0.18415845577377762,0.6108165139786924,0.1325115337187689,0.04726474603959224,0.8679951443831323,0.549022585107447,0.32298885670886035,0.6002215150544911,0.17938835258988256,0.3688137700328317,0.18653012353932144,0.3222555501280056,0.3829842391875548,0.4831281469589678,0.6170922075960769,0.8915456712499567,2.0267693468843424,0.8448345313778277,0.2130158228136259,0.5582311328312026,0.9262211381309943,0.2773032529943611,0.2986867360992432,1.0223789985184206,0.67622087681348,1.0480128921709906,0.4455113074630252,0.25205541892362887,0.22688357103411935,0.297040997987878,0.757855143409771,0.2722435437419954,0.7708756561727149,0.4675454507573974,0.4236158268175814,0.8640187430035622,0.22347004984024013,0.3573603879208794,1.020496754696654,0.2721832593863267,0.3207808923361202,0.8403292538305608,0.26482142759711996,0.40365999241302797,0.18521365812603455,0.5841841529896894,0.393736200897434,0.5956221070725803,1.4058973206167629,0.6408674210216302,1.1717605332073158,0.16303630803537691,0.037010391608957874,0.23190417825942988,0.17260378145141828,0.15406954950313365,0.4285685890074354,0.6408731406448954,0.7550597398337733,0.8478972367171332,0.3587139634190914,0.5180988066075729,0.26553590933457527,0.6404317868508761,0.404781888718694,0.12221682017200204,0.7502373741891762,0.7775948459580487,0.9448341210050322,0.544105482841052,0.07976842194995856,0.26834847409914353,0.9058540835486214,1.2995708219167323,0.25555185672333,0.4434904500459926,1.2254468394171523,0.06572400056423078,0.35445214831809896,0.26843613348934975,0.3628441297594189,2.058824449997933,0.16039407548432066,0.41436963066247556,0.6262412253744579,0.6517737593349953,0.36084042886976,0.7783784000493543,0.2321870318209552,0.3271319390591681,1.9660475170530565,0.23920864455444535,0.5568662200947607,0.35051282321008254,1.0989174099449497,0.4728675337190361,0.49985867302085024,0.06330944870624484,0.6766610237020989,0.6632313387707455,1.1620737583700584,0.3538687822490612,0.02041268649489979,0.41729226723458684,0.6560706587548389,0.4704271361339133,0.8359135880484896,0.7623850100863475,0.9131883473340919,1.0773369825377666,0.4585831048820247,0.7867066646206774,0.4823561558441142,0.09382234363685137,0.7870089704216976,1.1200880816191787,0.1203174505896837,0.47065975601470045,1.0389169329417822,0.12601787368663905,0.18467746045833489,0.0384479308312362,0.14297550452827473,0.560670988936035,1.1259678538545352,1.56072561320589,0.6669965027770778,0.35500678630511673,0.6738657382257809,1.0079123423063505,1.050308162657393,1.417570478987003,1.5897143584922404,0.6262875877853106,1.011493981059776,0.6757674567494025,1.9649438352675404,0.755214178345304,0.2286596183169764,1.1937295395986758,0.23156695022310636,0.7477796546948302,0.43766836485226096,0.31838739110791864,1.028048884300535,1.582341203767878,0.5502982422629437
MAC000225,0.2515637203402213,0.1758172945814087,0.18491910551565094,0.05468300793435864,0.15444764887077886,0.2708344802191466,0.6118177816350048,1.077190152001628,0.8197149291866092,0.5312205072011625,0.46390863310551955,0.4870412487882313,0.47944237113721544,0.5048659183072021,0.4941094311392385,0.5725964990363791,0.7521799773164458,1.3602246669591167,1.8109885844229188,1.64998572435203,1.4301543834724764,1.115702590207907,0.6485497585484336,0.3258295072993137,0.2242994291987634,0.16451176582888716,0.1535443529317022,0.23013143690129514,0.1478096006169834,0.20225143677270882,0.5368976622716171,0.9819992117891555,0.8377583040570923,0.47546372297627754,0.45355025964877105,0.41169815553504735,0.5586126962765665,0.41238791892580046,0.3896725154432193,0.531097509367108,0.825401127463703,1.234139645302302,1.7631508013077053,1.6288515197822193,1.3588713361583444,0.9961263771329335,0.5875017211860905,0.42545385093868704,0.3141389011804082,0.15547288944565993,0.13634316332878654,0.13659804230342995,0.1923540816069198,0.3490312622224828,0.5212854620044579,1.0474686939390911,0.842758029776106,0.41310589482785093,0.4733118529378003,0.4920168351490185,0.5653344106709058,0.4147176036353401,0.46764387510036937,0.5873330745968376,0.8075197406324556,1.3592275989823261,1.8198957450844828,1.5742331149500937,1.4358038043672006,1.0250274466228384,0.5279495921875631,0.24935017519040337,0.18696762018602528,0.23522284014275513,0.15005219989592625,0.1392881424895668,0.19785726407474147,0.27319746315833426,0.5068567713513243,1.0763775210177475,0.7584792595429833,0.5490582270656688,0.3416114102651586,0.44118235049876886,0.4421832128951725,0.4354019548637031,0.3941042695941244,0.5855033932700197,0.7751844416978542,1.3414912644035328,1.687613854420463,1.600617145215394,1.4351543723109041,1.0421246523849865,0.548091146504185,0.3435597826836188,0.22758209435028556,0.27652543145436037,0.20174095935959538,0.2534857543232771,0.19472460969257643,0.25043719155754374,0.5815708463157647,1.1237572021351765,0.7961854892878634,0.3959757630626588,0.3193397934404874,0.5441750707782811,0.551904018071909,0.4858003165041156,0.41811252380346897,0.5774889814790843,0.8038670381409122,1.3231039295555052,1.7063038606195484,1.6012365392040444,1.4318210835662941,1.019355144489738,0.676318599679322,0.4115802863461615,0.18519726664809613,0.15858723017821805,0.19448203525451685,0.2031730823358326,0.1805932514367429,0.21580637189259916,0.5314787611075371,0.981451369165574,0.9202489315400999,0.49024618353464067,0.41074527939906635,0.7770713434328643,0.7508289101340065,0.799982630056616,0.7973585611863315,0.8488301052370123,1.1743309764905205,1.2690046151136078,1.7593203374583417,1.6577716185449576,1.377110773934799,0.9739402764440113,0.5970784316880702,0.30892524838635216,0.21121960962135344,0.19491448357459012,0.14117330014010615,0.10592577950664506,0.14051988777599342,0.3427494796863137,0.6205840594254616,1.0118349330982936,0.8138259120875596,0.4760825661786782,0.3604283631432055,0.7735336922746529,0.89876262972087,0.8749843861555163,0.853120481443811,0.8212420762198518,1.1511732601057532,1.3436320514566147,1.7213723652806108,1.688417829528831,1.4974139795869426,1.0121139016388794,0.6791506493470234,0.3056692860634417
MAC000226,0.08685570978183402,0.11560140278917948,0.15126544704965975,0.1591524756653973,0.08279650934050452,0.10761482648936059,0.9211021192509482,1.3665515828606096,0.7686325604770714,0.12323467607821968,0.08311127323280386,0.2185298985176089,0.31246290361372686,0.12042670597937201,0.19891895230754839,0.15939178923165948,0.16367551126099733,0.6274145304863841,1.3915576389106317,1.447533394858555,1.243302803334872,0.6772746130388354,0.01,0.01,0.035506387234037776,0.09245241077187148,0.16675933484775338,0.08477749740161708,0.01,0.10579706818639185,0.887134591697295,1.3491432613296375,0.7791900485899491,0.2827824299153803,0.2569593494873661,0.16592232038054489,0.24821942059568441,0.16641559937481104,0.18188349488071212,0.2250952343935048,0.11385073096424411,0.7468966123859982,1.383507050631013,1.4391958525924593,1.1435299848793796,0.6789099401512324,0.01,0.06279788405573858,0.04901311232985006,0.054550485450189895,0.1529149316190831,0.10401428874334272,0.13424032094006483,0.1418597542624439,0.8699024485008113,1.2914941574088439,0.7760538430428556,0.2740343091231999,0.2293344641319654,0.15463007783862726,0.10667357735495535,0.22234856825905724,0.2721453520472771,0.2854952737708115,0.21053941768189047,0.766199156603995,1.3777118956038903,1.4569131983195156,1.2103695825086218,0.6761284966345016,0.0865749197173951,0.01,0.0979798934562917,0.16159025085891118,0.12389523426427751,0.1418572579164249,0.09408730036418445,0.1136858802676494,0.928381313086173,1.3140284353525635,0.8395732398456731,0.3081124052849349,0.22331965395531053,0.16277748392006572,0.16588585479433327,0.21512450853899953,0.1466473682084019,0.2433023200206734,0.2052081593205108,0.7068195471768283,1.429381639420405,1.540737695643517,1.0937520930455067,0.5843030458438541,0.03853621102576407,0.02927676149433718,0.048731990034537764,0.09895657238470304,0.26710351527341636,0.16019970069477651,0.0739149024411084,0.14864775828831311,0.8199784098433505,1.3912206358139885,0.7522792063433678,0.1598012664361503,0.15643596038139435,0.2552462910553457,0.0977704602876304,0.13967895186707358,0.17910433027302675,0.1778904233121052,0.21977557775342188,0.7347942332089789,1.3856741894271583,1.5399550228153758,1.1503747408386054,0.5770108096279993,0.01,0.018129804078856594,0.12392618810605081,0.11433117675178135,0.09808107192571966,0.0833133422298466,0.1323980431220767,0.09835116123187825,0.8747157928931862,1.3213965192340706,0.8230997397913259,0.18903857607489827,0.1935860587109972,0.25008966007627875,0.13560854651019,0.137811914723252,0.18871423444617172,0.06482802366614909,0.09791531500041444,0.7760931909770702,1.4969296433368433,1.544017895592514,1.193832693177829,0.6013048126494647,0.01,0.013544718885951405,0.138970897691937,0.12200174201383018,0.08318830182112628,0.056855433432381024,0.1345354797782968,0.169673955944314,0.8997680804577883,1.4420997492326677,0.7463798651385158,0.17648576730728033,0.1952588525466108,0.12043982582036558,0.21290241221531833,0.2094376364240754,0.17931041527247865,0.13123334131677897,0.1657663048323291,0.7505059352686801,1.371130949606978,1.5056814132797207,1.0337351678762579,0.6019187455428486,0.023858444392216616,0.01
MAC000227,0.16824857716247227,0.11849996552350252,0.15064441060457273,0.1487083467181292,0.11891063270106575,0.08485018343058556,0.10789977526616948,0.8937395972979615,0.7276039674022227,0.9078724078030601,0.8934003897615239,0.7496286910503562,0.956219144524319,0.7423649742002613,0.9535508453724016,0.9632633457910464,0.7673634674217871,0.8073334239400161,0.9463833872362563,0.9407708987317689,1.019655801592572,1.0424721017237486,1.1912693931079905,0.2685299379036897,0.27182672115145784,0.21235991340420646,0.04997722691273944,0.19038241610583032,0.287301455899789,0.2038884374283238,0.1146999972226294,0.9382270943078947,0.7363446566426143,0.9232644333202018,0.8168060429172155,0.8147388329293581,1.0200136130085435,0.8051627686746826,0.8776131593543702,0.9615295049909993,0.8136887638852097,0.8063138864604604,0.9150393700699544,0.9628405310218293,1.013045744875463,1.1345090230432753,1.1536364311587468,0.33821275186771044,0.09995365416780308,0.09773193285604784,0.1536683300241209,0.158283001644852,0.14888421809694632,0.10957835308294116,0.13900150764723945,0.8684444469754004,0.6683823069885003,0.9505547446147313,0.7942157010942272,0.6709097582964965,1.0038016535811913,0.9005546974553988,0.9056479689341204,0.8178394337968459,0.7396414372880901,0.8174479334601776,0.9594747851450909,1.0483014482155957,0.9950174712612458,1.0733591251037533,1.2055170890999611,0.2878395256965848,0.2056593529747573,0.14989720968487072,0.14885741262323954,0.15905065683702313,0.15019055312520185,0.11151613457931836,0.1604070576133548,0.9187866779563303,0.7235750442902016,1.0010389047891077,0.7728053296428278,0.7296250293544395,0.9515471808055151,0.8697521117905057,0.9192400885596237,0.9264811582580184,0.7630571658982755,0.8496338622768735,0.9361557797998,0.9590587092807595,1.099555588242582,0.9824220057105103,1.1653604856824957,0.2590275952518245,0.17593911943846105,0.15964172791023953,0.15446815480972864,0.09915266296548891,0.12369048165063051,0.21385291584747357,0.23226094855994645,0.9286475115974191,0.7118739313650618,1.0209650874594982,0.8450960657997352,0.7088065068987629,0.9589840467680562,0.9778815864065218,0.933707016218587,0.8743137474027813,0.7037685012029048,0.8307903748539228,0.9848216378772681,1.088324492817063,1.09068728390389,1.0766655033351187,1.2209932192206,0.16233753932405404,0.08370799592174914,0.15073270018902168,0.16431072532999194,0.028732122061134457,0.2563753446101608,0.11002307296404915,0.08335460871292778,0.9240876018824661,0.8627328134640637,0.876125008195929,0.8436033474486685,0.6419508970183582,0.9701211956398476,0.6978967872558997,0.8565160371922002,0.8964846332414382,0.8010879225724534,0.8678177697447876,0.9912947668377835,0.9456767177992624,1.0310667952593788,1.0786509922937115,1.1531233983599751,0.2523586442096915,0.15284684837389925,0.20176654395575555,0.14422995183184784,0.1673191828605699,0.14519950309054433,0.04491900274493324,0.1729753013504128,0.8485020488834444,0.7515380091651847,0.9684702405380986,0.8331687313590352,0.679248348096122,1.030899987565309,0.832054820090946,0.8927558349345381,0.8900932359952287,0.807592005583418,0.8273489207257099,0.9475786541121655,0.9642859453404461,1.0925475645861396,1.0340062942273267,1.1745186850918163,0.2607265712235478
MAC000228,0.8165081450418937,0.696231832096111,0.5880962344172088,0.562070371816038,0.264307810711969,0.01960674697635681,0.12836281635170899,0.1549104254072231,0.04885659697588872,0.08108921883127661,0.18566900249571128,0.06866091856370332,0.03279295195755608,0.0556433000855867,0.2838103421282697,0.35530008390051027,0.27673997660950933,0.3371532446390101,0.31609236507876076,0.30138007798534083,0.597253029611465,0.8244033313559969,1.1327242159811908,0.9099670235618247,0.7371495402466263,0.7410082248565313,0.5758279378276882,0.5074097453764331,0.26817553069344474,0.15381526276333976,0.01,0.11963889615690823,0.10092939834881734,0.11487648965305661,0.07971287918421485,0.06955217489586735,0.18892067338045282,0.05429113474957532,0.29929603158559537,0.400918896797427,0.34616261854511227,0.2149664124762705,0.24074222466514847,0.3481432196512388,0.6006682344677633,1.0655157782430293,1.1175997363368242,0.8904435860384935,0.7867851478259731,0.7462529626960622,0.7048324078407944,0.527460331422042,0.33479012758286797,0.12360071511337668,0.10056199732957506,0.0890679319879555,0.023471992721016917,0.1759733400004551,0.09199989245249085,0.036692795862612704,0.059425252888009115,0.03132416834365763,0.32837041052514165,0.3738393036650809,0.2670345472388177,0.2430889076502014,0.19084110727926637,0.24407615559100776,0.5382811481981347,1.0303612211005935,1.032435705776218,0.8779944290684819,0.7865516307225585,0.6771733431223643,0.5762608777576625,0.6015245571306236,0.2747311078481705,0.016097587099766178,0.06889507155481057,0.07937203797207201,0.051569835990509384,0.08787393935310146,0.12698872022472624,0.09381448497040218,0.1191267128557181,0.11359995060561498,0.3372637961865717,0.3739949265905351,0.25991864278953875,0.2139586442108259,0.3323409929018377,0.40082356661127183,0.6031101396456482,0.8835668264873825,1.1305128749727484,0.7711013213310599,0.773574618781766,0.5871241531735487,0.5661725459463532,0.6236195830588984,0.19199581787506215,0.10876964073327826,0.11730647451458537,0.035254226390820737,0.16694734756773127,0.05767016815064553,0.0872387755528314,0.08222954257095547,0.12332086542855134,0.21150030727037844,0.2539068699904234,0.3165474740481038,0.35896306383429916,0.246545019321884,0.2811412894522145,0.34293091236531864,0.563924043222738,0.912448410809743,0.9644974500211655,0.8121616330341188,0.6802873944610199,0.6804015799912044,0.4894798827896662,0.48933178255538756,0.2635460623156211,0.07554407809095132,0.11725473076610438,0.11258124373414276,0.01,0.08423633745985655,0.01,0.07596340324030795,0.04290235850585583,0.0675691856082348,0.2824423333968639,0.32165172661412056,0.295352737158651,0.2667752420638455,0.19322639432557584,0.3301497588540247,0.5311678401798756,0.8563303821562822,1.05173456725881,0.8944634511432805,0.758889704674195,0.7109970636531792,0.5408886838480927,0.4985357852822258,0.34993753232697544,0.06838424768262506,0.031794949097984526,0.05713830336523792,0.11036693550418748,0.15609020924043654,0.01,0.07365685421921701,0.05403669846296201,0.06778365368874875,0.2526595227965011,0.25098254255961383,0.23661887963496536,0.25375931312761457,0.2874698576135648,0.2894530820995421,0.6209779316615524,0.9444607445720561,1.1123493463883294,0.8920757482620314
MAC000229,0.8,0.8084540259253961,0.4563439417446264,0.505617933452194,0.3856978910879736,0.3209440690462447,0.5438073516904125,0.43149620574521913,0.483817514260184,0.6324982086555988,0.59466605648857,0.6563300945336508,0.612828840858028,0.3399678585575041,0.3515158148048853,0.3072738579749297,0.4558578086115809,0.32089365153352795,0.38128252858888634,0.35988028648391734,0.3467103765537138,0.34362931387078305,0.4699231116947962,0.377759859150685,0.3939362478851338,0.4270600464554024,0.5186167683981384,0.7352527903683275,0.42734694828451786,0.5061564422777629,0.6662542047008848,0.6728934114099829,0.3274209398720177,0.5885869176198701,0.46994321806104616,0.5219724745156202,0.4632458953383827,0.4532308403995268,0.339155551119888,0.333517541850376,0.374255206782348,0.5115813854098816,0.6565500922749647,0.6070049670615847,0.44133843966356195,0.5910217991660855,0.49297517994506745,0.42762339049851206,0.4434949909083683,0.5348251778352688,0.4613413515846312,0.4337322331551518,0.31704567641705356,0.7079603288823519,0.900032684201451,1.2113747484010224,0.7098653269750367,0.6243633774777433,0.35595648640360067,0.617160251279508,0.457684695014403,0.5243139703040618,0.5956298487289367,0.6256146842667567,0.6163066646877322,0.3967247423321796,0.42871823452475183,0.4246524105585536,0.33363881227244396,0.39618880556950586,0.3289417010680012,0.34062811221873457,0.37962913041565594,0.5910111119830791,0.6576677837476825,0.556353661155867,0.7243995809476946,0.6215651672592258,0.44425255743235414,0.3544818531383266,0.3500042349574889,0.40777348181290074,0.34726552593319465,0.3318886125429368,0.37460032691337597,0.5383234869105419,0.32891327032064865,0.4334414427485481,0.4553675593374257,0.36540328816605694,0.4942560403814594,0.6779079568827044,0.5422798092240337,0.6103048406563467,0.47940748433685776,0.4121306021312648,0.5496606941875102,0.5959660805109592,0.5464995026445858,0.4892178033999328,0.34574691363954557,0.3625004564740153,0.3713347819083353,0.4426134532134186,0.7480854331738698,0.7366758847216542,0.5970940012733283,0.6219075892336106,0.383733789034601,0.4707305038568632,0.4061534278897905,0.55963814852663,0.4120121960261655,0.3304408201012245,0.3814747636817105,0.35519839593316205,0.5861894117264135,0.5094174942055912,0.6353775076186647,0.5744200215500463,0.41199894335251913,0.3204398446935197,0.4546972662699297,0.5912293293929425,0.46799824308299703,0.36568823345505425,0.4320885609623456,0.7446024062683861,0.455129042705667,0.4073672368690249,0.473349265806072,0.47035868264516667,0.502187587237104,0.516320693566958,0.4553390585272606,0.4134718235985178,0.39328774135098943,0.463828517812973,0.3547922071239189,0.3445117268194689,0.3071870631004485,0.46362573531273343,0.30390108249730163,0.4459809513026969,0.43201476248928683,0.388499113342414,0.4046993259014434,0.51914855578047,0.4996610135226542,0.4099622683658799,0.5633084407107752,0.6854327767909418,0.6301212058781478,0.5730848635563683,0.7100714881426682,0.380107915169413,0.5848415909501976,0.7234187739815718,0.3599242224847987,0.40877232970645194,0.3563056498805517,0.33691863356826235,0.32196024209321294,0.3997286042267191,0.3641419902443871,0.5788296331634681,0.8551619239350463,0.7639686002383674
MAC000230,0.09047101421907494,0.11153295960018099,0.13432628379251024,0.10827384142437155,0.1563354211230231,0.10689413489436078,0.11842481024866726,0.1012177856270142,0.15421037179148855,0.1347039942314263,0.10563084177166944,0.15208754973999541,0.0767078058066271,0.14962023701695593,0.07870051365452566,0.17465497151487264,0.08778836945024818,0.09937042294766597,0.11259837722010779,0.15258567245013716,0.1026461242156032,0.1200388325081476,0.12461164887031219,0.08746166302407102,0.08368068460869481,0.133807238874694,0.11532309980917849,0.15357787688055607,0.16117572067610936,0.16424176634817808,0.16985415376523622,0.1458619269120726,0.14158669364744275,0.1628884763433728,0.07642845497527725,0.1507017647734611,0.12796765372617436,0.1082595341715923,0.08984159872837177,0.11787005085959934,0.11014923515496307,0.07778146309855763,0.14891928236597907,0.131856491794613,0.158178715564547,0.13884129288394803,0.14708574979258793,0.08645608860229603,0.08693537906982172,0.09867622483050699,0.13745307337910465,0.14313960648647117,0.06489329549071635,0.08758957736727187,0.128487627160236,0.09172071448694459,0.08940660413634745,0.15287197101418606,0.1481569490587914,0.13861622729828663,0.12428624486190967,0.1223320074230344,0.11709517010853478,0.14085445211236766,0.13646159234227395,0.10223679677116351,0.15418895425497692,0.11685986311034843,0.09613062462013723,0.1028666188967683,0.1017912870520272,0.08924437363074358,0.15658599451622157,0.1536338366136693,0.10191922776556654,0.10287120105283115,0.0870839755675875,0.09767997263759372,0.09841303664300426,0.14361504055207466,0.1065970702625983,0.08816684514038678,0.1073369324433236,0.12646663289993354,0.09103503675989681,0.09319021969860866,0.09395164064291257,0.08916515945495124,0.1320178916305994,0.15207968679301764,0.1093314078244854,0.1534228068489779,0.14879449115101367,0.131240525814154,0.12499635891820784,0.08848270874496773,0.10859794069492035,0.12592369565960185,0.09965605956620631,0.07475032670636073,0.10281579944393253,0.13478319835816,0.13969137434003476,0.09117260880081333,0.11647980853068518,0.09643939576067734,0.15314692633663787,0.08495987306009546,0.10885528212765573,0.08997497184441045,0.09574442485314523,0.08634671378070717,0.10072653266346399,0.15284069578318416,0.08618034174726671,0.08593172194689433,0.11505780681135244,0.12450764417804124,0.13970605055368263,0.1632833284709112,0.11748504409436243,0.16362303504855438,0.08564352440597672,0.126143166544884,0.12227859473671394,0.09909518871135146,0.1581343548192799,0.11300656288306529,0.11578701520180318,0.09466868607584729,0.09966924514903396,0.15139009164237488,0.09873204735664529,0.1247417037279511,0.12902592892238499,0.10500827382786257,0.14316924016109037,0.10490738981677476,0.13027434794688697,0.12441857655329884,0.1382844004578102,0.13511181167656605,0.10861287400037298,0.08839517393604825,0.1351368127108313,0.1598680148601076,0.1270217864449563,0.17427467693536416,0.10298098941137088,0.09358829189750857,0.1202323581887785,0.09555036193147406,0.14023708349614394,0.09348455321704925,0.07968793651830869,0.07534676878283811,0.13566123735456234,0.13424498124675185,0.12509857731494292,0.09689835275337956,0.09554853558806672,0.11161055288019182,0.09141644024261082,0.09646433529109016,0.11670043549016229,0.09036309385738095,0.14558615732047164,0.15405503816624558
MAC000231,0.8523151802541408,0.45481887985823766,0.24971408556654356,0.5619943477781242,1.1625550945630556,1.0912970994144715,0.675251324823129,0.2301859323174611,0.18423673692784182,0.6940560075907415,0.19609133737458154,0.4397056766837077,0.08140574338446711,1.0436613369251366,0.901109786154066,0.3465010002885403,0.8152227826363039,0.08692393073050424,0.4482054089238034,0.9343268176216087,0.7697089904109607,1.1126784040551512,0.3375695297764358,1.1580442772583115,0.4237011697184955,0.30675819901111795,0.3330275210636443,0.20888151869565375,0.22880511420366112,0.4973858218417421,0.26373965070317884,0.889690335658133,0.48181506149245634,0.12565512143329052,0.4973290388198068,0.5786841640981677,0.31032563086999304,0.8082400615303745,0.047401789852218955,0.6128530343551755,0.8244796855620639,1.0257082837060019,0.19621724283269928,0.3223660094183671,0.9713502209027383,0.8257372692436963,0.5760068729166553,0.4497524550972276,0.44948617640693056,0.44182115863758137,1.1210120879788297,0.3377487871177539,0.8555356849484961,0.7077190590012652,0.2936254201091916,0.6906399770880428,0.268695480126774,0.20093638560992452,0.14518668753300926,1.1798437908777344,0.8826773813267351,0.5136052646869159,1.3565350958661606,1.374358538152762,0.2878602061193137,0.47091479030053346,1.0097007688455784,0.47709306471792023,1.3421473990130364,0.22711874990379,0.25158089277616275,0.4758363188833877,0.08073065115430093,0.5222021524635647,0.8140863289057032,0.4487682236702409,0.5638477511679373,0.7734131118028539,0.13385678216523678,1.4121962787257785,1.2288725264088438,0.3221220131043753,0.5887448020357853,1.4028642462719303,0.6108076571352328,0.5630061643158507,1.1827981836011363,0.5199052695203075,0.4056985437625598,0.34139436809497503,0.8002028806167122,0.20230121720062935,0.12158306908417313,0.2384156653220028,1.0877596290733968,0.8518728374486405,0.8128406460012292,0.4713596271007855,0.8389207896768159,0.40723977038646614,0.4639656583894506,0.40148885543629215,0.04508217496737194,1.3114701309159398,0.42842775671391736,0.2673364658360108,0.13193507597959064,1.4086615369383462,1.1934598433994905,0.1724004173073744,0.40655031347810483,0.5859776845491442,0.22902198089270287,1.4454671828128307,0.16192122901556524,0.5457591004189967,0.43852328306080673,0.8341722396226012,0.6144578144253783,0.6965463298411089,0.12120914182654603,0.4713198008088528,0.9734994242135906,0.2068159803683687,0.8321887493500438,0.5484031278541369,1.034295278907859,0.42794320612960507,0.5482055463204218,0.3658791868728779,0.429777687977907,0.27857068117053724,0.2842547322106246,0.785316148236523,0.16613944501044867,0.5490577839523862,0.6411252942728319,0.23426779183024865,0.4004585784932842,0.3135726460604521,0.19784844301503887,0.6556635165250925,0.6243637266733529,0.23160917929803182,1.1311101776709933,0.3981899587187304,0.3922145531535617,0.515858809217332,0.5923614678003424,0.35853919978999493,0.2990886680424332,0.93823703154989,0.6743227701793036,0.6181702973060551,0.49235474680330105,0.4663110258856227,0.4884946992560413,0.7951620567798746,0.3216860156223929,1.5512289916877746,0.10842292067721586,0.10282712760776913,0.4472397696974532,0.7206703237836475,0.4342795234621791,0.712949891624213,0.27125967660196626,0.6406903035343955
MAC000232,0.2210484874440794,0.12424105006525996,0.05883907451634293,0.07577008039542867,0.1184491941792321,0.23973437653035648,0.3903290491353377,0.7614089609592851,0.6578743923165478,0.39448127548136924,0.3546167154203588,0.34364238403077796,0.401499230256839,0.3074074932397662,0.33853781836871366,0.42909943299234116,0.7008158304375187,1.100762175985767,1.4017998610472653,1.2213725709106094,1.119665960672906,0.7792278622831894,0.35807140861575887,0.33420383221450084,0.20395757837702533,0.1052552138847399,0.1404760908777419,0.11533736861056201,0.10757009844009767,0.2368739809563183,0.48794133342474894,0.7888040457437324,0.6252626502547146,0.4416775205115969,0.4152208022457129,0.4489207098612309,0.4449013378397644,0.3221554584135941,0.28626186886113336,0.4919134063785193,0.6419333861580672,1.0828321071244407,1.3117860590346033,1.3169814540679523,1.146713289580395,0.743875271350055,0.5109317977136815,0.24694739703533922,0.14285104862588988,0.15575855016645596,0.1450756186875113,0.08494245528482469,0.23597495625096132,0.25583380572359604,0.4521067542018585,0.7809405026987503,0.7209606561835094,0.2993628390545042,0.2740744744362984,0.343810412306374,0.3861607217623556,0.32200303154767834,0.4021517009098171,0.3701188658807028,0.7018593574985547,1.075581555930323,1.3862295314718014,1.290513637987278,1.045879398306171,0.8906195495270639,0.36249203405768,0.2811719283824432,0.16534155773671988,0.15949161548379615,0.1318883984682167,0.03071749046350644,0.11636432015918059,0.18018292555326976,0.4880836842082783,0.797448186294415,0.6749319802976933,0.41818541216305005,0.2396461422493093,0.2583323957088197,0.3941854417019314,0.3951117083142455,0.36820786400703687,0.37342226519469995,0.6371593519333829,1.0196585306554784,1.3644044975366478,1.354220126935445,1.1364016261543306,0.8617302761731416,0.43289543138429865,0.3740572176807095,0.16062052451712058,0.17674831204892166,0.19006709110289594,0.06927190367215931,0.09185258210751085,0.26558948347620265,0.4558272605789545,0.8352336463821327,0.6662288944406021,0.3514331003641987,0.2731667892616515,0.4017791262772621,0.3500447876182272,0.39788041171041066,0.3546320617239906,0.4210773882071083,0.6164373944528315,1.0133187991390011,1.4139768570530353,1.2844602305930897,1.0979353584861442,0.7588964608482222,0.46410517152756886,0.295977407215429,0.19094479055794428,0.14907967357234278,0.11345226665760612,0.09785897404860092,0.11886609141802493,0.22657457861884847,0.48684597579873323,0.9117571202483059,0.7239655940255962,0.42787192592573636,0.4042520592354748,0.7381080043752759,0.7739234851310267,0.7056810877295303,0.6970953350211669,0.7888788648013978,0.9588017711913372,1.0087444858527823,1.3832733794037648,1.2786286872402495,1.0463247235654969,0.8821656547157324,0.434618407096771,0.30637979691026085,0.18490824056117172,0.0874547401214901,0.1285957056519243,0.1343640995361407,0.12937948369128624,0.2069152574361214,0.4004198954997497,0.9419313742626395,0.6648972441337994,0.40472156224536676,0.317012951873324,0.6622048531753723,0.7490037157533085,0.6907861150193363,0.7427402486274175,0.7681710234860103,0.9747393227630047,0.9550524195063526,1.4120600896097641,1.3340875235302412,1.0939080104591261,0.8563132533692509,0.5157087796312476,0.32660267586419933
MAC000233,0.1302437255963333,0.13768556346904898,0.145419043631175,0.16033434867783783,0.22986761645346546,0.19233094057797154,1.2755041842793136,1.9319362989378075,1.1113935240105264,0.24812481352544577,0.3032342770719298,0.3197232545908847,0.35720497335505597,0.2412799610594473,0.2734145550671813,0.3598600394628938,0.2487118803292182,1.1038090635408895,2.015370904893362,2.1879908413051625,1.6771833035372037,0.9214027323613317,0.01,0.01,0.16533374753168126,0.18666804610259577,0.19392561273153253,0.16203461375298706,0.2377113044635928,0.15657072408026862,1.3447375290138683,1.9258241809235654,1.127910254603215,0.31116978941022105,0.27522200659328533,0.26442119928042224,0.2795029928996019,0.2813033821236552,0.26271791900259184,0.36221320846046984,0.2548201738677352,1.0636407626549094,2.1074637750693235,2.1586132701863985,1.733146224074715,0.9715550597158562,0.0176809845278463,0.01,0.13209288815237574,0.1723433929971546,0.2208514012222096,0.15738340626829272,0.19250594372119947,0.07474606785727081,1.3169978550575894,1.9522992774963093,1.102118534419344,0.3169650940755908,0.2678857970206537,0.3210560341356932,0.30025816559856605,0.349301174181165,0.30003689234035286,0.33961120362968394,0.29743396864755134,1.183827355282669,2.1058254743067266,2.216749535927275,1.7262510416548567,1.0128390634026851,0.014400917715474327,0.01,0.1373344024135015,0.23115609206375176,0.1736243310286541,0.18313978102180162,0.17608352199638982,0.1449068764067296,1.1773408838665653,1.9015049183177513,1.0683206184605425,0.3325825180727886,0.24286494491908514,0.3240162315770133,0.3834820537617748,0.31920860297092124,0.22937595475234512,0.2472751738963238,0.2640264972991817,1.2125710404038799,2.0523962363992365,2.2367005111760117,1.5856413395912319,1.0050734171584337,0.01,0.06260429244600309,0.11354480583649909,0.1071003525995847,0.10994276968065639,0.21856534678239364,0.18281591840959632,0.24367723408100783,1.2026036043388182,1.911064101505981,1.057169233247937,0.2238539585317473,0.3477065654138044,0.30087543023716684,0.3134933830022964,0.24564874129222478,0.2774209734404867,0.2748344828863856,0.26064963660074975,1.1103371112017135,2.0606102259839734,2.2360474103832355,1.7401539658315628,1.0409948665252473,0.01,0.01,0.18717306330311118,0.2371347271059781,0.1532339545916188,0.2967912079101134,0.19376370550547484,0.1735732340357115,1.322482966584916,1.9239140505751064,1.157508669807093,0.29164812435286847,0.2065943486969554,0.20818148919304086,0.26457040318306957,0.2425256684548383,0.20129775738366468,0.26795184974689146,0.3099301824246867,1.075728383591895,2.1129114828188906,2.237793009078267,1.713026202606585,0.948811250066968,0.02564414631971418,0.014928923153611856,0.09108504654616131,0.157520842130859,0.18484048951783186,0.22051694341832564,0.2831644000059582,0.1504988071222948,1.242027573183487,1.9427815462993,1.0562346439605699,0.2964533877223171,0.28712133877189766,0.24531470213028445,0.3137269606844466,0.2048972162288928,0.20369246557475706,0.31450330800342136,0.2948344718647977,1.1647319333884865,2.139591667844524,2.246117310246733,1.7321337712199458,1.0979806661378873,0.01,0.01
MAC000234,0.0927194937899854,0.11831519597703644,0.14147314412623338,0.18122261810901008,0.15042457304216797,0.18111060464897108,0.21613331652167955,0.7172113099149116,0.8105522553604084,0.6709282196519153,0.9903005708391972,0.9869693977705295,0.8896542838216654,0.96865349534617,0.8399699930668363,0.7870869411275254,0.6123818306915578,0.8014946362771028,0.8284964262513705,1.065894739140873,1.1070700336963837,1.012559794041312,1.1314190288878896,0.20017963393885047,0.18149370829392986,0.1962349994269284,0.21144531036289813,0.08840054062624793,0.10989703862624478,0.01569886891915087,0.19241149095634766,0.8103182668210136,0.6867789105205236,0.7690343671599456,1.025249518284017,0.9503710318391673,0.9208213226909521,0.9068149031510513,0.8254970838824089,0.7101436430737444,0.719513521478638,0.7032565731236924,0.9379185093761566,1.0569908497363185,1.04854832144242,1.0338460796234927,1.034509967519123,0.19613345055066345,0.16883348858668124,0.14981367792424427,0.1871836022314014,0.09664852131325463,0.21647594805877873,0.11536775080178832,0.09809380490800423,0.7176602855652331,0.8131030531883281,0.8498606492821208,0.9241263438318087,0.925718325700065,0.7439448155614089,0.9326472054006169,0.7853690211795837,0.7049665402194586,0.7908546283296508,0.9507611141794783,0.8614972322114209,1.0440921215592485,1.0740093433848963,1.0561446996903086,1.036895225468705,0.21301263400595374,0.14813862080047907,0.19529124096611214,0.13299580949566364,0.22924021717998566,0.2046682167221203,0.14829179564422101,0.14046101163639632,0.7579418478669054,0.7657077491257894,0.8142492653952096,0.9850175030264837,1.0133067398105025,0.8598355376944821,0.9555630765231324,0.7817105618184892,0.7046570140700615,0.6923458123268649,0.8187105745746531,0.7852482241583254,1.055457363761602,1.033734766623188,1.009768275408017,1.125413727968649,0.1711741137137186,0.14813316348023658,0.13444486985326237,0.09680033341765933,0.17703729048699937,0.12176861254339592,0.1869639717063415,0.1656889830301273,0.7194094976861991,0.8247389582902624,0.8191280723770552,0.9581673689238005,1.0544989894571,0.843731788382426,1.037253541393127,0.8281623780870382,0.8335724052607251,0.7757678475925773,0.8057916400991197,0.8696534008078056,1.1064262559254732,1.1729334006029135,1.068299107473628,1.0460561935955601,0.27435679921154593,0.12503302846712072,0.115665131297605,0.1975426615081909,0.13147505962226372,0.16614209886912967,0.11304065012191238,0.1357945750755351,0.6999816545831301,0.8142122369717513,0.7733649696087511,0.9886219852326668,1.0047461349341429,0.8492224640511037,0.9480688716828325,0.8197130683103665,0.8196928936632228,0.7561874108547854,0.8903008773745194,0.8750965260962703,0.926098896318928,1.0103640100485702,1.092405331257104,1.0279820424036887,0.26959503081490704,0.19115596836379656,0.19444180846284456,0.1021969428546432,0.17700738390016996,0.17491708014064233,0.16586757260391521,0.15707006833762294,0.7295451924967045,0.6536984340339226,0.8970527388913372,1.010727708406761,0.9872426697044183,0.8867754507127174,0.9777324714701514,0.7360281285998993,0.6782609823350324,0.6228071820329155,0.8147812908937089,0.8491383390926409,1.0281794297665554,0.9805978183507509,0.9991719587706136,1.2005089787966954,0.2368981944187788
MAC000235,0.9294344758386527,0.7116613827625504,0.6893590169458054,0.613549216285348,0.34871430686701727,0.12142627547495827,0.09099948179297696,0.09006605444191208,0.08840175549075735,0.0921489597864933,0.06769499238817055,0.13207636379042226,0.05372359774580612,0.11873806366588899,0.33068875073065285,0.22443468010841794,0.40786894589527944,0.2676771787466666,0.3530768816211002,0.39884160898783194,0.6752519080500314,1.22913602920946,1.2650091062730435,0.9343528205550279,0.972068145933789,0.7415952429467363,0.7086155304727112,0.633523976597284,0.2872791763483612,0.10756852049898855,0.08903711590094399,0.24893707132153353,0.1820410541025259,0.1438830141900099,0.12123412189569302,0.06761536024384208,0.039258901334804606,0.11857913584124793,0.37621176883272556,0.2297511712426522,0.2866516702749798,0.35207806850868734,0.314425581884003,0.3612223719876097,0.6704768574856095,1.1036965307301712,1.351968453669891,0.9169102633161861,0.8893620077540384,0.8943569199293753,0.6660830746811451,0.5498377767250215,0.3373264106817465,0.09607375106116484,0.1551796105459835,0.06965244694039606,0.12811806159152506,0.07726099532773505,0.10555037972166265,0.09239932716602106,0.1637543172897758,0.1033154354376078,0.2767377630323928,0.28959467187380467,0.357924470233436,0.29986534984441077,0.3647567753415142,0.2940306945969375,0.6734174429783906,1.0336664735663001,1.2717563807089325,0.9239865830885375,0.8731185815036759,0.8078507632788658,0.6641777931567586,0.6036351812462648,0.2297050650417321,0.04997914628291192,0.06834541191963447,0.05471482795293875,0.11171952583621857,0.16954365865442478,0.08222288826581393,0.178309900686688,0.15154222534143963,0.07022626634291822,0.3376341334674273,0.44092878419699666,0.36763321471275073,0.3026662845276922,0.3867849210183081,0.33851665341646753,0.6969824683635321,1.1463195415503173,1.2924716356206214,0.9862880058773512,0.8751097983731787,0.8119736326002872,0.623931510903748,0.5425163390574307,0.3489684396184537,0.2387266186149154,0.12015710299130937,0.171960821943335,0.06829865277199951,0.11819068382825235,0.01,0.09339246519471334,0.14238297812534892,0.06371687448286384,0.329122175079015,0.39634153108096803,0.29237223058270456,0.37080954462629795,0.24329229988406248,0.40201472578388536,0.67330196924925,1.0810330044396428,1.3015924940386963,0.8597717398815863,0.8157394489038182,0.7852336305020231,0.6360642096503827,0.5198864884886588,0.3308806951575425,0.05701060082882822,0.09447771293344223,0.06484712748239126,0.07680404178931297,0.1134816816034732,0.05038996378908054,0.11319603582979337,0.05563723557275567,0.10227620055191988,0.337039539526773,0.26434348264437146,0.34370867907331787,0.323447385961067,0.36087885773262185,0.2865696056886546,0.7241041719033429,1.049343140454673,1.305241296142021,1.0727543396578658,0.7980235824832452,0.7299289681327246,0.6480171631466681,0.5936599415936638,0.3028177784322944,0.064166621374694,0.14433454138729046,0.14067110779398803,0.15583370504246097,0.13851103519757746,0.16043010098992375,0.06583453178729456,0.06297550509543509,0.044785360380198674,0.36768537605753293,0.35407773433198353,0.38169490685102303,0.32512807504742014,0.411982228699176,0.35652473084754704,0.6660167078486345,1.0792528496692175,1.3549596097653385,0.9789722861729905
MAC000236,0.8,0.7182804385267978,0.34291357849765697,0.32085492994144593,0.33523416979867726,0.40336274205757483,0.3052471000945073,0.47977088095957116,0.7837660366195742,0.8779260135424134,0.721050237589175,0.30065735167457264,0.4869615781844522,0.4375801002662367,0.44256848020759654,0.49002745121555435,0.3172753316859973,0.5372620551737914,0.6300253018640043,0.5112455329696897,0.345857749788942,0.34761701248027616,0.5481123978726193,0.31391759801748,0.3056224468493192,0.37635177552707477,0.4568313858099945,0.5117815806507106,0.449904308208675,0.55489986187431,0.45784919630251364,0.5535189599794024,0.50285349181553,0.47486956673328606,0.3907360729745185,0.42226658817520213,0.4819303966201887,0.5507950721356101,0.6418155869234179,0.6156712815790955,0.7304262517333651,0.31954724063332945,0.3739080964098185,0.3248378852118525,0.3008519518306387,0.5536213148362273,0.5303746578518164,0.42201227929868546,0.5015016759907862,0.645799475601849,0.7225785007405867,0.4934561319939135,0.5186126214076615,0.5096462810455047,0.36947882811171606,0.5818177449458237,0.5487922497787026,0.3136931206579632,0.4313928418037829,0.3151146356603565,0.49147994428015196,0.5887846218261368,0.68910089323618,0.6052736009970519,0.7433333126169677,0.565681121440865,0.49521428732911943,0.43878889484532263,0.3901171114346403,0.5099068055465372,0.4620315501674933,0.6069675063955269,0.3663525982230563,0.489656022732914,0.35616302734135963,0.3944998014527723,0.45716363591727005,0.5999320145137057,0.41489721448439987,0.38354299496916094,0.3822927488758163,0.41952099425504347,0.5320744650877568,0.604525704210098,0.5122128582431189,0.30869711992554616,0.49718622356815767,0.5180753895280612,0.45428793055952493,0.3041473511327902,0.4237279892505588,0.38142263294230827,0.3899179473211919,0.4450363001049943,0.34562453486654365,0.4597514224442312,0.3778606054198257,0.3812277913956213,0.33592097636260954,0.4026040178053798,0.8141401382438291,0.47837476633002257,0.4647592512970952,0.7320869363171556,0.4004757391287104,0.42814986903591074,0.3652793852944257,0.4831152126872074,0.3868265817992538,0.400282072292987,0.42890649816772286,0.4431288055767334,0.3127399450155876,0.431621131068147,0.3184378482100483,0.3344866108228375,0.30729626700839896,0.3594012806680204,0.4386816749272621,0.5951474651485078,0.6225577255315029,0.3483360533937703,0.31371242679643935,0.48410336559807476,0.4426923973839938,0.4502115906336096,0.4168281757821428,0.4485826118293969,0.5402313041941957,0.4859454020747782,0.3069780336830861,0.3453376616920094,0.40659374403534493,0.3783676451639889,0.33680465023564116,0.36944641190521177,0.4638046255323517,0.3354114074583605,0.41282539754248715,0.34976979006378245,0.497290240788027,0.4988906395889452,0.5093999999872062,0.5554634278181456,0.39582778572911237,0.4594635941476544,0.5008393370741042,0.40237107783202597,0.45170832069270395,0.3133353365393246,0.3915617154443178,0.47733555205051453,0.7398315769513735,0.6160219510575544,0.620004304063932,0.41628700580410055,0.48171176775624047,0.5346501279062021,0.6103947332068744,0.5569344831099847,0.4831726376817811,0.4811733120753031,0.4945501723468002,0.8811251252224259,0.7776083198827777,0.7113195220732607,0.7701670891208416,0.343311307402578
MAC000237,0.0838048960945803,0.09745518329446934,0.14020334876734655,0.11019142835233134,0.11384245226698218,0.1395463183044867,0.11631460428327191,0.12494188165118669,0.1382050589130478,0.16172957890608078,0.1535348741680598,0.14597320915623316,0.11378345834426067,0.10828493124552704,0.14032091229262725,0.11527180965621234,0.10566822053015783,0.0999646597308769,0.10801730707659479,0.1446469170929194,0.08572001902743917,0.12650594022506895,0.1194873718483711,0.15764956924439016,0.08437978448813561,0.11946192483303142,0.14523765295858815,0.10172569771252792,0.08869899714817456,0.1213518539572035,0.10098602817960844,0.11878830920018911,0.11279886761714471,0.12692171104252836,0.1210299822720971,0.10007107409044569,0.09043478571490465,0.10134756797307418,0.09606923681411075,0.11272548044511817,0.15177965044328284,0.09299151660961578,0.09357743017152255,0.07136980596375897,0.15879857593316613,0.08669506188118244,0.16645024889338175,0.08696542589060652,0.10534135261396331,0.08400991588300599,0.10761595869685649,0.14627181684480375,0.15970035067833224,0.07915710822570085,0.10933622641129635,0.14433537621432052,0.13176801569337535,0.16416562853436373,0.1460718327687491,0.13035058396376492,0.09823158684542205,0.10523380154936017,0.13852274302485917,0.08748412874110606,0.1536823153824949,0.11573839947947485,0.12174296022514652,0.12236524375978355,0.11793156598583374,0.15250042365664732,0.12289433670015769,0.15485607660338543,0.07700875779316536,0.11666277022192258,0.11796199118060278,0.10511204681383125,0.12167653840978884,0.08816741633413948,0.14240922598392683,0.11082780128885641,0.08439961094447804,0.1175389544361538,0.14500377394485992,0.15848950473658815,0.16233330018184638,0.10436459513091281,0.12365457021512904,0.13530665464810696,0.150488654576058,0.13920982429597853,0.09394599556799715,0.08297780223466682,0.11470246604182911,0.11351204216648439,0.10532990178226066,0.1155417663312921,0.13538693438579774,0.14742712626527613,0.10321854175551068,0.13097612701538222,0.11586412547959846,0.16002056385580435,0.16462033877914936,0.13979633726439644,0.1394968354515384,0.15769772015653616,0.08815196217379523,0.10882680212782256,0.11178828061283885,0.0874809108918583,0.10328664099930454,0.1115424877639418,0.1074910649107099,0.12907291992486375,0.12159875028696114,0.17424056364596996,0.07533412566329865,0.1283014545856695,0.14122660663374337,0.1409117397520862,0.11484149608384439,0.14762514859138717,0.11312941145221822,0.0953535706732638,0.1515518595468334,0.10688129144051767,0.12165577152441329,0.09403518548734685,0.12130344096324304,0.13182616119102095,0.0931917687565087,0.10365906611090421,0.1053966286524486,0.13871157249345115,0.13669412434421552,0.12489472416050693,0.13893702158627347,0.1406576348094655,0.1200302846986489,0.09901574879743494,0.11940945537195552,0.1262637534490016,0.12774025746189188,0.1201820559498986,0.13962114308124315,0.0823882707441495,0.09587215167418493,0.0872985823796555,0.16334135195611926,0.12948942166430844,0.1300936127147543,0.08630510549653496,0.12431504860823644,0.12385055299914062,0.08318788213867076,0.1235021198278205,0.07608969985534875,0.12147357769430894,0.1623395686220939,0.15319364465283056,0.14588577825408985,0.1292716471191922,0.07902504971294012,0.12728439998057878,0.09524591862844177,0.09158844069353414,0.1278882061522216,0.0901272060764027
MAC000238,0.5928436761642698,0.42787887597527235,1.6628101318349082,1.2128704567661464,0.46025301705603705,0.7661027529445811,0.15063937854538545,0.5822355188903052,0.19480771211744183,0.17522775803286425,0.0990429619905402,0.33331796720180495,0.514235657411923,0.19881633533629198,0.19910440617468747,0.6104827828260001,0.34285091016586516,0.33449770558663433,0.3614859219455003,0.6800751931010879,0.48372672759586977,0.04648265257242012,0.9849086224174949,1.0254602221912927,0.4310194218689835,0.15797504905892437,0.022060677353385,1.1525310849996462,0.6578784002845827,0.8311227807529323,0.9369676428711857,0.9236848036322398,0.5047539265681026,1.0207457558154203,0.7339222608028998,1.3386382874198153,0.7602436175724331,0.39057827034168885,0.7356643678126135,0.8518760291441029,0.9744232877703097,0.767787691626081,0.5618141466236717,0.43030165807660004,0.34216694600039493,1.5349069081156257,0.41858779789786754,0.41104859658306514,0.16118778140533116,0.12045380824573683,0.4293472173636968,0.7184072550993915,1.079352122496582,0.6094378681166515,0.32482867728825465,0.4831829665506677,0.5096975133964045,0.6169270474577078,0.2855092373917839,0.14653835287694175,0.3260683634219906,0.6000558396940652,1.411564976916583,0.25178241606880564,1.0689554770375238,0.35687804795711725,1.0431584636380962,1.516373767709425,0.08271625781861802,0.42443311174102494,1.0454500682059091,1.024562774467402,0.28592443389969513,0.1908307285299182,0.3520585916166116,0.35659345951836585,0.2043948142783001,0.2976561947896976,0.3566708103276946,1.0035647659639124,0.2274556722711151,1.5638108355608886,0.7472835993549592,0.7695435021676382,0.6270178444601696,0.07939092666527706,0.9544079387533989,0.40355744809064376,0.34029578081983797,1.1739825856186283,0.7981625549720197,0.475586350530798,0.20138292112725892,0.7077730502898157,0.3188273248647955,0.7710881874945318,0.8378959223449753,0.5414304258023748,0.4581402314367853,1.6005204954467684,0.9053097061666843,0.22428804007062325,0.1417120228400749,1.251364168846141,0.07407552587314307,0.17651020078310123,0.6403258802558598,0.10749630575020865,0.1672529160692606,1.0138977503979272,0.5592562334439792,0.44232913077245767,0.822467917324922,1.3899264448714013,0.27802191188918923,0.2524454482843592,1.1022094568521086,0.6704240360071082,1.116879856494389,1.2636200632854406,0.20146625918539168,0.8835692123730441,0.5836211698380624,1.1102029873526942,0.7306740015776659,0.2576520396552936,0.08416535464552471,0.13605555957577317,0.020850496955336358,0.1432348347636177,0.2975824086713133,1.7517557900723086,0.7115764610165997,0.10462857624420006,0.7413582354020815,0.287871688876666,0.35693243997687146,0.21070459334494498,0.2550051475223028,0.6897096735277125,0.6574499171282886,0.3097935055578516,0.03528711174426414,1.1327363690935852,0.36001472591339945,0.7438772826762114,0.7938452800469119,1.9481798114646787,2.593616636213739,0.10997965860009318,0.8540299612869665,0.9861228497971438,0.4950204817279251,0.17767531008758305,0.339545127030126,0.13414774989815012,0.14202589168132157,1.7079503644476406,0.19667095128992154,1.4238795321295017,0.279449358571913,0.13620448386846126,0.5459345116465765,0.5480477195184812,0.6340616530642774,0.3091073581278397,0.12512923519982583,1.142752459777794
MAC000239,0.27069149663291736,0.17327899556872345,0.1947448387211977,0.18716153614047587,0.12755674020389718,0.23114179359377018,0.4536917041392142,0.9951810336557547,0.7639164747121503,0.4024777737538465,0.43152984301959685,0.4918109886636476,0.4961338335044248,0.3836217759581798,0.358788327876583,0.5197578591032993,0.7882898024645606,1.3232934809260442,1.676638740728673,1.5303178866056593,1.3768715914987628,1.0021411024502718,0.5154199611874248,0.4179758510179724,0.20801572211370645,0.18722641695881945,0.1694927340805053,0.16507055392398345,0.11916495339120464,0.1379572289137031,0.5262954061696744,1.021466742946059,0.8588142029494585,0.47718424717438834,0.3768237428779322,0.37314468808898504,0.4742045779056398,0.4047891756361378,0.44592300729710266,0.545413704545298,0.6796884298306743,1.3424721317976507,1.6027789195799091,1.5287032655874198,1.3494065531112107,1.0681533703050448,0.5821559383028624,0.44933502572751355,0.19257699773541617,0.12452278845069051,0.1928346209204526,0.1803951273786905,0.18219973023932462,0.20637044744888286,0.6607559102130244,0.9856020857336535,0.7877300583449152,0.4741819007635563,0.4249820661240937,0.48209449880303096,0.5015775629491,0.4685476913884873,0.35307920021024813,0.4697340316749118,0.7581800831020334,1.326798773724681,1.66407357802783,1.5633955250933194,1.3321980742948927,0.9704779485132196,0.5530593890668806,0.3014242902210703,0.1509495849091316,0.2639537547670308,0.08083138721403677,0.16116511210241977,0.16464035948618855,0.25228206708201384,0.5660544571871647,0.974665830374338,0.8117885570156329,0.42453902890004547,0.27149514851926704,0.5169698202837469,0.4981215195642888,0.5341259782376193,0.3959219677275384,0.5062493163763994,0.7599744031181851,1.2326554133981653,1.6619064510026489,1.613573182481152,1.4508394984547603,1.024021739899095,0.5486790576206385,0.3373660721786523,0.24351550853434553,0.21087209118190198,0.10517674590568557,0.09508125665945816,0.22280164379087147,0.21404083484817915,0.5265799702847135,1.0428417383331343,0.8592598045072695,0.4927602520704428,0.37433303408521945,0.45658609180797344,0.5145210034616104,0.4485300115783275,0.42701552807113047,0.5131047501613851,0.7789214476852456,1.2104058720068458,1.7144040257249453,1.5775034426828,1.3168946157390364,1.0076654548540345,0.5357760004602533,0.2730679349053509,0.14746964714039257,0.21412953926065167,0.18733654162383648,0.09226273660616024,0.1434999471293793,0.3243323457592912,0.45469978106735376,0.952474824157235,0.9139315591418755,0.4727359498684642,0.3855670717155521,0.7114830063765858,0.7974534450940312,0.8792502054363284,0.7914958711447315,0.8917192630474078,1.122754926948227,1.2749897587851606,1.713395244900005,1.6505002089402807,1.3033407331949536,1.035564213150796,0.6351661351634514,0.3570942507484959,0.25410458489235394,0.21280638130566137,0.1018109474632638,0.21708493558348058,0.2134364097593813,0.3556576290077385,0.609573289424457,0.8829865642172543,0.7960083184869705,0.4326306548666289,0.3782474739223934,0.7785190394980711,0.7928754304804411,0.7927003595603835,0.7899336143682509,0.8707231058776387,1.1409018214741644,1.3075456245246753,1.6867257024619555,1.5769079699264954,1.3363104984061105,1.0849058539002896,0.6262067892980705,0.27541313940298623
MAC000240,0.09002542395885325,0.09478618560446792,0.12677461718811867,0.0990179079445484,0.11312722714699197,0.11281473997614366,0.8923016269465994,1.3439766924730443,0.7126277346918437,0.16397124697881177,0.216648480086122,0.1538251586770333,0.2078788837379987,0.25488509875034,0.2406442901029331,0.22512421890036494,0.19851303727541786,0.7131160041394854,1.2792106104133956,1.5072839304859336,1.0876275032144929,0.625633031462428,0.01,0.10156843360239348,0.12180263134059624,0.10277415876524257,0.11163358619369342,0.0770957486985374,0.10164213837459679,0.10358626444543718,0.8424622661643258,1.3398710634226747,0.7810574045498995,0.1509955172739543,0.22156652775836244,0.1874297015091785,0.2658940655699289,0.17198166299101972,0.23715477628749,0.2071177323418845,0.22393302392410513,0.8353570562743059,1.351784072727312,1.47387971044289,1.1517510088049532,0.7541175613997328,0.01585385669225575,0.014341676234259243,0.058966800134730886,0.11533110466810423,0.0997393628553877,0.04441095408203456,0.1331893118061113,0.20687248573607658,0.8937694769466963,1.2825868832212906,0.7603409097111471,0.15800668162976367,0.2597109129016916,0.22994359016449384,0.26056065239940895,0.20702903107894696,0.1833749471129392,0.12859886448194086,0.21296588519230547,0.7217566972699632,1.3837105407241943,1.5469857296800362,1.187129730781059,0.6625207784229714,0.01,0.01,0.2136409226673628,0.09899880471114128,0.10050811254686864,0.10982968772780467,0.08719910213502614,0.1358794907180074,0.9009624622625716,1.307261851237243,0.6899223684064179,0.2757854639998254,0.2585151830065273,0.2522836225574985,0.2432346672940202,0.15986448133291692,0.1508663449341865,0.25612961008805823,0.1510102056475462,0.6619766536145796,1.4500371190382515,1.5408728965940193,1.245126659729145,0.6203733765763344,0.01,0.01,0.0722226705971204,0.15280273184115767,0.10573299663300688,0.03289234232314771,0.020130739112704438,0.018301592460064714,0.9534462181592858,1.3901173958810187,0.7421902507779854,0.2644060491736134,0.2638237936682139,0.1263253493008249,0.1042151495103963,0.1685156324662184,0.19355323469568317,0.08814239906770875,0.11682570155432487,0.7934048255262066,1.4616223638286299,1.5776185003900876,1.058528055801682,0.6032777602714054,0.03472423576879477,0.01,0.11800007020832269,0.13097246714998778,0.13604036081972903,0.14496321668283843,0.035562255894077494,0.06458668615014154,0.8952485653640865,1.3065517445870138,0.8814128360430646,0.22865137545448333,0.20562994934120984,0.14898855784596057,0.18147887762761045,0.1942497129471363,0.19517354373648715,0.25160208843426235,0.19886480434645937,0.7733271572036491,1.4838747920771787,1.5178186694664455,1.130687562717629,0.6676166648006928,0.01,0.01,0.0958657839659797,0.128200606859914,0.1813251529671071,0.0819784203812347,0.17775108845582194,0.03222596221820587,0.8529259906041635,1.361719269110667,0.7164411451852928,0.23495791078198347,0.13194529916878608,0.14359168431461367,0.15098881285772547,0.2465934813596179,0.23352884021976422,0.19631194832892232,0.22705664921262408,0.7889833361440977,1.436924757034862,1.4910133701691042,1.0949789768427014,0.647748154192104,0.013219718291370301,0.01
MAC000241,0.1338883702249977,0.19817000180067645,0.0987354162260781,0.1312831051112191,0.10047311030372469,0.11727039807193373,0.10467529478742764,0.8733813602357955,0.7013130273214845,0.7113976625491704,0.9242308349203202,0.7768867837144444,0.7974340155608811,0.9818246921294388,0.6806398187370009,1.0137519231215264,0.7971227387841615,1.0843642792822874,0.811451350256884,0.9410729187551755,1.0980301099827934,1.0614838947853176,1.039719584440063,0.21566763452175625,0.1634903633076763,0.12887254219679328,0.27231721116287677,0.16812173234188635,0.11336929849040253,0.20088722612750481,0.1357095938630764,0.9250871468486193,0.7377807819084652,0.7497541630486518,0.9411104862584089,0.7841105000277998,0.8235040307629574,1.0037215088652254,0.7752673463374398,0.992655335110399,0.8065083251841589,1.0402544727669292,0.9109089864479294,0.9066945878789467,1.085946184561052,1.0478894196420083,1.0541006875806125,0.26614765941874785,0.1315513661708362,0.18825405561422637,0.25119444631566407,0.12339226872185782,0.10716622724795172,0.16414769393579542,0.10779960249448348,0.8973579108679187,0.7569709912334188,0.8519567680725787,1.0018234955190635,0.7150756285665731,0.8425466561596304,0.9658948688233945,0.737718859488208,0.7931598734772938,0.7960994950620542,0.9730281226905726,0.8766366040589936,0.9311280274442063,1.0876657444951074,1.0620967805633714,1.0185184572288815,0.2531274058471975,0.153355428186172,0.15301284572093254,0.05606631969287436,0.16679125415827012,0.15159700027638678,0.16904120795949149,0.14346105761823869,0.9873622267142964,0.7362768141171997,0.7609933845746862,1.0613951923569944,0.7741458990501292,0.8698397151805161,1.0722069253606374,0.6597729920131956,0.9979857771383562,0.7151234117843861,0.9935241310485191,0.8110058592089018,0.8616387855988912,0.9784852690617317,1.1684968024668771,1.0396534768654906,0.24319861485536734,0.12165462521774048,0.21318220902397667,0.07625554326851812,0.11739742893847119,0.3214484974187255,0.22207497241062107,0.10694635367772687,0.9393748340501434,0.7193584646858028,0.7493210044404395,0.9242467200278454,0.728890624927273,0.8889374309815846,0.9349661826667719,0.6929682119032393,0.9713598905815642,0.8010910618245362,1.0008219125570683,0.8854279284829214,0.8480435328255762,0.9438069311973113,1.0843110465473267,1.1436977110203452,0.2298517598203671,0.10076501153818754,0.045052524715073955,0.15353615853465774,0.0744422327446039,0.11408453595974719,0.12002069559695032,0.04591095980275531,0.8634478984420769,0.8280287318810675,0.8299336847591678,1.0557153829436499,0.6834071485139652,0.9505617003080523,0.9669251012010353,0.6511994037727578,0.9350057811949004,0.7997526544729764,0.9392658662527312,0.8559498947115014,0.9038560061467578,1.1318141034403704,1.114559774383796,1.0551280314746565,0.20787897156816537,0.19370247858726986,0.17853854085964493,0.11782213483068747,0.11150889428962911,0.041796750450698986,0.1549500558492322,0.16923324022075317,0.8357839058027895,0.701244771615939,0.7911787856494731,0.9724153818918576,0.7387022948734052,0.7951603889033187,0.9476343291610617,0.7197717726954831,0.990057418777583,0.7853027395209194,0.9417153510207874,0.8699010803621712,0.9050783721105796,1.023895622742727,1.1044146838801259,1.123947389209784,0.3543500215233879
MAC000242,0.9046667397699687,0.8877282101011845,0.6525427760176514,0.6262848675708038,0.2755183431518902,0.10181550554445784,0.1253820184347911,0.07534853520550247,0.17244766151645743,0.09787029328397084,0.1286984624953373,0.13159900913147338,0.13421605128580813,0.11271213574705007,0.35552282132655644,0.32184571914871557,0.3907118255396991,0.325349213427676,0.3048759343822369,0.3655028222539407,0.7216646569681734,1.0905518412081903,1.4247326750056217,1.0995198544395874,0.8934990289539458,0.8014026022706077,0.7147245456587906,0.6962920269476023,0.3233794690436593,0.1849281823933409,0.14249616672517074,0.0920478873050079,0.1702737478853794,0.04125106371590541,0.07837413617248493,0.0470883167172285,0.18433807924291937,0.1371659604295655,0.39969356247545235,0.2501557209473365,0.32452110163094405,0.37534045943107835,0.32288790136783524,0.35800018965147007,0.628053633373866,1.2785176871680344,1.4339743738676252,0.9650870438212313,0.8620497800592776,0.8201928254130001,0.6891166704176415,0.5917062450096356,0.36624563228709095,0.01,0.01,0.07165599005979478,0.16892367511416795,0.09012715493830195,0.18199746945187675,0.01,0.07436409572050555,0.04698410497738901,0.3524142972084658,0.27974331478779413,0.29339899551919585,0.29834233607737515,0.37323839893575406,0.39340316267018044,0.7189078794111318,1.1493440280857854,1.325089669600818,1.0480258084202991,0.9919349562479053,0.7412202028161119,0.7382961556255548,0.5957369387955741,0.25442048878947826,0.0970878973946514,0.11192216289798411,0.13163454323043905,0.192680057344183,0.20931971367979016,0.14628431202238623,0.1747441245101916,0.03241697206998931,0.11193546382259825,0.4458690176293117,0.32353964624979253,0.3589669587731089,0.32781054373063495,0.3797665304066335,0.36354524869018007,0.7795930011510304,1.0758177259610324,1.2503200832239894,1.054882397313328,0.9565044316136634,0.8111357114129187,0.6649720408003796,0.5517697989871886,0.3343344261514889,0.11013489520698051,0.01810277459935851,0.017976371031614924,0.16388942505744858,0.16212321302676577,0.06889465022473394,0.06072489668673579,0.11771180698296725,0.10095947548609017,0.2729300453553253,0.25477181564033247,0.31651704935654007,0.3292438169862426,0.35507417902310506,0.3649990430603483,0.848225125184434,1.103954148250508,1.309823892969781,1.0133178597636037,0.9255112345894408,0.7750769169768519,0.7776967604258878,0.6140678404370462,0.34038381612736857,0.07747484825311779,0.135051224245841,0.15613017834134615,0.1110615934414043,0.04683733670738946,0.08671517463855918,0.12179449308075878,0.20745384103942943,0.08163455154431656,0.33947002624179096,0.25381834471119435,0.46480144640022547,0.3605072739524667,0.2947667710969054,0.26232444265845534,0.7052889822060819,1.1318076490042268,1.360065445709163,1.047816048800496,0.9489395034646388,0.7807324085998839,0.7479102758317419,0.6188092822696523,0.21439560643961364,0.06833473075471047,0.1364226288926097,0.12554033849944415,0.12801058345839184,0.18037181141420805,0.15502879170035214,0.06913436276867994,0.059244159418134656,0.08799729027120058,0.37144150173280954,0.2540135509269812,0.23063779517074368,0.3271669255213061,0.2727738968516017,0.32196646899369086,0.733654849736902,1.0265897610485426,1.3146127068650677,1.0431911551830775
MAC000243,0.8,0.6452022395652404,0.6725927418959317,0.6062339532564136,0.3755986620109834,0.4935364998500593,0.6523612095182119,0.6163244818322648,0.37197087233349885,0.37834285835016773,0.43850192425340045,0.3662050115957379,0.415216255703386,0.3205760404037352,0.4600382509055787,0.515016041370038,0.37172061273662216,0.42870689053413147,0.44524631207603743,0.5529966425973181,0.4432585696934131,0.338371304797796,0.3750728166223833,0.3910553349294663,0.31888621689365637,0.4235676030245644,0.46119104855500165,0.5400698668063487,0.5010938782753491,0.7285529907739701,0.5726089188464065,0.31322543536641884,0.4663235029950582,0.42604144936295385,0.5418862074877541,0.4029219306398157,0.4647188984568605,0.33958345261063344,0.47139758621513655,0.3311193896572677,0.38899570194344224,0.43192617070471206,0.3380488445174128,0.47665513249729086,0.401410419749349,0.43801955775169826,0.3817094861448893,0.6137752596066265,0.7786811411576726,0.7539943257467792,0.7575053197456312,0.6682886588408037,0.6685062488648018,0.3776895181165335,0.4111554497081984,0.34742722506398455,0.3793287533155901,0.42934054800568444,0.37729250067084974,0.5477853450761667,0.5415515660941654,0.4816200946873188,0.535523910427229,0.5543967862370935,0.6616587551608344,0.38657568897313077,0.3586663252881107,0.32539955588814445,0.39585609933242705,0.3773729240931051,0.3780144077656492,0.6013355560792899,0.5980388733595489,0.6381085356379212,0.5821844397027881,0.32077722452414736,0.4295040980632705,0.3194185631246603,0.3216728422926764,0.4341692206548297,0.30551849299036543,0.47279704830818226,0.31232566063367323,0.505851867360277,0.37132211351162675,0.3049901217914816,0.3663056627292231,0.4393753091409472,0.4542347511708569,0.3737719954659402,0.5506758964628906,0.60326984947044,0.5291408304714257,0.6710690700121464,0.30418463305121335,0.4234765817128767,0.32537543656470436,0.31884529213878976,0.3530356661616784,0.38398562026638183,0.5590201613363179,0.6907417583089465,0.8212633770557836,0.9416819467316877,0.4894847797860411,0.6631348968959685,0.4850858228933435,0.5497671269787693,0.4700313560342958,0.383416038200434,0.4754756498858635,0.4559457753903252,0.30398319373660715,0.49920285359595096,0.4583900152578861,0.41728100745769403,0.5550211982609623,0.45469076920202084,0.3038887610130511,0.496440183336452,0.3059792839513189,0.44222684796410383,0.5387145341342695,0.6909273405503229,0.6980782023839756,0.3140650098210787,0.3588087383204368,0.373229280014901,0.5454345594622512,0.4129537507368272,0.4588183043160413,0.4698908139736059,0.3132595256673716,0.5858412788212077,0.34931511761845924,0.39286506637404234,0.39037338589626747,0.515966728211559,0.42169204216251577,0.3569926025628403,0.3558956490831954,0.41698991237562055,0.3691186178714164,0.5375287314553456,0.6609883243358365,0.7107899747521904,0.7378691622765707,0.7357361529817315,0.37087242666344217,0.435564029131148,0.5195350726543289,0.573773888508172,0.49637745554333945,0.8322392793606026,0.6813976178151212,0.35522907497949563,0.5723812930353325,0.4101165495350849,0.3358850767364166,0.4317309547203678,0.4640734556687091,0.3377984817345162,0.3081427575012297,0.5421462603367985,0.443783072826188,0.5999651181867427,0.5964826302110955,0.3618710345495456
MAC000244,0.14173079935135666,0.08241516730346136,0.12960206142090766,0.07847336289212536,0.12432273816271212,0.15616238201800425,0.14654505207397972,0.08018162151829923,0.09501629723114956,0.1316015900494436,0.1409311934923157,0.12293312973694837,0.11494557851180717,0.16658836474272642,0.1164282423254962,0.08651888427782156,0.10398324740765887,0.1394477100237753,0.16085732431849215,0.14081816094705735,0.08556141007926844,0.13673765015828038,0.11937454865816212,0.14502919902504693,0.09885688698024926,0.14306085028632978,0.12122604780334266,0.1355031370841326,0.08898808751311482,0.11663817555962583,0.10098694652891683,0.10098638065377954,0.10339334860878197,0.15673706206860216,0.13462159214351843,0.1274669647818206,0.1661547232793875,0.07445793561752892,0.1019044636764648,0.16560730417202854,0.0930654090967207,0.12848889506600814,0.10574343535975682,0.1113543500537703,0.07274245037557496,0.11138460756061452,0.14436819258656602,0.13883065637433034,0.10266653771194295,0.08148192528068819,0.1174796961847894,0.1280486072142554,0.1097289449946655,0.15767357875676544,0.13052416050227444,0.11308387224557095,0.10298013543470562,0.09303785800303525,0.10834649855754375,0.1599687707475311,0.08684819850015427,0.15658141700554654,0.09785131339157019,0.13129415798579203,0.12160965603332483,0.11716215612110761,0.12487724208192223,0.12293506370952001,0.11693797867325312,0.11419806807748614,0.09402758849851313,0.15524814120841848,0.06232873560519827,0.11113650445002754,0.140667726385892,0.09087999923873594,0.13391228379761894,0.10229362550063173,0.10897400634631528,0.1514148673624406,0.09313775648695846,0.07352253465921707,0.1327848639507198,0.14793202574503989,0.13613083385843602,0.13349528431796445,0.10243510137251505,0.09268103578407419,0.09932709833510076,0.06681860330207381,0.1119936120490269,0.10146621425689388,0.12437677131804033,0.09158894388544674,0.07064493349532101,0.155532305232247,0.12446928261593031,0.08500685568301586,0.1504616913920781,0.09127319925540614,0.1197794353411264,0.14278277524920882,0.1272887809450356,0.1393002491101698,0.08164025914831735,0.1150837375027057,0.10898563709311175,0.1592083473718765,0.12510199347152887,0.1417337142011602,0.1500665789493366,0.15350285555209695,0.16246824006639274,0.09951966694965883,0.14261656831002884,0.1199703005536933,0.14123268940381448,0.1736035646580173,0.14061659399432477,0.1303510620767178,0.13306393749434448,0.13289935565162356,0.09917906394496355,0.07596079860408202,0.15103353476536743,0.13181768015042744,0.10873137834894837,0.10967515449996311,0.10438402512023982,0.08257113479265032,0.1258411344723588,0.1331055304835577,0.15842040282559156,0.11569438179291337,0.10292276011146198,0.10366568054095915,0.10663330284131799,0.13718583895244935,0.09001398154217097,0.09976878126741737,0.10790340697261161,0.09704209612130701,0.12980655158909782,0.1672656124519715,0.06646226326510704,0.13003514490251036,0.09101699611822806,0.13191475501880215,0.1149036360779706,0.13311064008047893,0.14237436579188004,0.13301582352688987,0.09623008040542769,0.08646286835250512,0.10373967838203924,0.15139561407918808,0.11123251648053135,0.12400159440850604,0.11879446770194164,0.134451071154899,0.13144406997059102,0.1493005491900947,0.1097575392309172,0.07045033321900386,0.113853771391028,0.16216392539869026,0.06993547377237427,0.1590859103695669
MAC000245,0.3566614326259748,0.9883646500177187,0.2483541549904928,0.392405019499387,0.5019578194855538,0.6515554734004448,1.3281639562313565,1.0783893097429513,0.7116222195553524,0.9696848917818254,0.8335668003022098,1.230219128225509,1.424303774790938,1.2672976834365424,0.6249131821080335,0.7451598683358022,0.4952719535133871,0.7958351027230134,0.554698385885009,1.6429364525527677,0.6361486472771828,0.9583270727999911,0.48157194715653595,1.0900122322477455,0.3677007127576732,0.6096541430730128,0.4793147197973329,0.5640625285727608,0.3037028131704597,1.1453064290768344,0.805330961489307,0.03103519219291441,1.0632293588778776,1.0097250548021048,0.22613070152952133,0.7251769733935455,0.4637090225375339,0.3914310083815238,0.672037616712628,0.7647453152528411,0.03534295275895455,0.7901094653192646,0.40062000976302264,0.6560033972074061,1.1942313838933962,0.7237865109534024,0.16966392216103013,0.9888600372528742,0.5563495170625756,0.39133359901926495,0.42332221041139767,0.10350167738866867,0.7742966053757457,0.5213756955800068,0.4491988476935256,0.06746808002367628,0.7129942732950453,0.4463736712190638,0.6439978220660038,1.3785177034881382,0.35675755665464415,0.20373510320155805,0.8628724779862861,0.719845333706598,0.21378398733425721,0.31145465812581624,0.23324038484025297,0.5577373834678815,0.8140791617240969,1.6509836641130151,0.20092906501497845,0.24345752767876508,0.46018085858840235,0.270521193145247,0.43254862771368574,0.31196279377748665,1.2566347330036967,0.8490780438893789,1.0212954350362706,0.735882916094353,0.13633768718627406,0.15523790986377053,0.7371004511548442,0.16411024426088724,0.3849363720058774,1.874990215171851,0.5797918462293663,0.41047466807876315,1.4705134727766487,0.44375727342230764,0.3882384680376331,1.1329620996714964,0.09768054903452576,0.16669798208060735,0.5352578742427598,0.6280004430589602,0.22121632013063533,0.05864993537193027,0.5822607281300086,0.3161947889854125,0.2160759030617511,0.22226786636021803,0.9778386987437359,1.9968483405989477,0.26370455947965316,0.04665842158917358,1.5370667243218876,0.8506017785585775,0.19279773907670775,0.6407602453611746,0.37119790804970404,1.1896374360899544,0.4823925199666844,0.8435195067759985,1.1960641835302126,0.3775142980184071,0.5575148442982856,0.29715345121208503,0.5014278912821719,0.6700939201230115,0.5657348963922167,0.050203615127229255,0.6648008240307327,0.26301949085499693,0.47981749780731836,0.2696231222531131,0.8758427322727188,0.1419676249256599,0.4729636881211589,0.8439367736590314,1.949286290287231,0.2281454993184571,0.07698814735507047,0.5292722893298382,0.3209035935462985,0.06226440261062236,1.6063140979665358,0.0642101774752035,0.05408119627978848,0.269126723404478,0.06473495799270511,0.09750905949911218,0.6486243636183162,0.17835196505482337,1.4369163501352815,0.29606854008127825,1.0144539686565996,0.9871896134668763,1.0001989293861566,0.2732836291219691,0.2244977530414281,0.23564541744371395,0.4446231789367752,0.21473406256345767,0.11976685309712344,0.39587383411787197,0.8351174003839991,0.8733485977763599,0.7562904833532106,0.39061995681199896,0.7197996750185153,0.16319140025604842,0.6087638212822862,0.9256655891379666,1.4290643952912088,0.6550798876979255,1.040565680288148,0.5323081021376805
MAC000246,0.20460496015339602,0.13585515880700375,0.07838301429606032,0.16919516508913388,0.21131669131991493,0.23555469994924552,0.40734671805510203,0.8883411843386201,0.6324542910974678,0.4585800946962439,0.3592592827482193,0.37947658785462257,0.5015858646458117,0.32469390736491527,0.30944610155179997,0.455639128359964,0.7272227857575922,1.2102585787790459,1.553081354094301,1.3674808473855022,1.2753171841056805,0.9236000133300384,0.4542440154996463,0.24613765410503954,0.25206876908566,0.0937925112739276,0.08589939207136155,0.17090443103562064,0.15821240983202145,0.2844027354005466,0.46401445445688716,0.9362264900930062,0.6211104125329248,0.400815405625767,0.38502749141378606,0.4449701809712478,0.3841784832683149,0.42126582211232516,0.38723833253540096,0.4308781141645783,0.7200555671727782,1.1555628208320403,1.5068005480288136,1.344624970751894,1.2484867588360635,0.8925354573822166,0.4441142055933606,0.4045320060370954,0.10929937312526483,0.14799177867260505,0.06361973046239479,0.08663334586433256,0.061937718160070904,0.2956100926373176,0.5039380671259961,0.9241085244970817,0.7129806297727803,0.4475900004344701,0.3257912574572486,0.4733155940080452,0.4806262511562523,0.47526283944597536,0.48813909451740567,0.42346910299230933,0.6275208864282447,1.0920877374956386,1.5234376334398785,1.369668836974099,1.1522596877937188,0.891907084686841,0.46295568542823423,0.3712728698195167,0.03656005739688575,0.11196774940618298,0.1015394043106621,0.16452941801438598,0.1257339710417738,0.4035204558631658,0.49985454857460765,0.8613722991151661,0.7341649565306904,0.39453571340570254,0.34934174103407784,0.42775746009835963,0.4934860892022817,0.32893452555877223,0.32527985734782866,0.4812667384909789,0.683470229334338,1.1512845993444394,1.5441273281905565,1.4330521763424586,1.2615586344505156,0.9374213481349672,0.5246913808436994,0.3319263647086365,0.2003836740931969,0.16400348398555376,0.1433071845701226,0.132613534093128,0.14164413529964162,0.26632969457272593,0.4157906706515975,0.8209293883203486,0.8478764487033791,0.43107932208785854,0.38004911632191446,0.4026470129766101,0.47944810236010516,0.40169699052208413,0.4640329239064609,0.4192088336989855,0.5852668699642222,1.1677030258132315,1.4853497236164255,1.3097245460596243,1.144147579943855,0.906658006703531,0.5149661346437552,0.3770875479596508,0.16045067960838744,0.11394041357517692,0.21182486916790505,0.09358524834279829,0.1205393235157521,0.20735341697924156,0.38952584788597955,0.9077183697918886,0.715446899482478,0.4076256347083167,0.3439788955352013,0.6816168456041463,0.7788829852285096,0.7868426802969383,0.7886179453580087,0.8676371081741542,1.0626874459449425,1.0843028714083258,1.5132569522229598,1.4654922247305315,1.1231690737635445,0.8839929419331807,0.49447481824632855,0.37164437272332884,0.11427956478598719,0.06539359850037646,0.20443952093033232,0.03506056761332478,0.052422352554907764,0.2052933732967921,0.4815969225875814,0.873102352933257,0.6054330796729124,0.41393200697809995,0.41831867951934065,0.6921303401610073,0.8097505717530064,0.803907563636526,0.7145789704721577,0.7550633166343489,0.916333559940424,1.158519120177295,1.5169522041553245,1.4237997619953593,1.1739978920962395,0.8488587614889777,0.42383717287053435,0.3523396031682914
MAC000247,0.11584444807444781,0.06903164678031964,0.14993898602763628,0.10741744976424514,0.1683969128293596,0.12039734846414989,0.9340336030495385,1.4852382700557698,0.7649074368246793,0.19271375384446718,0.19067723900247818,0.2390737590702815,0.30052616436101853,0.20238577452986115,0.2648808522617116,0.22408936925171724,0.15423371236836753,0.8308438428902443,1.5635519079914075,1.6094022501373482,1.2851593136270274,0.7311154157010533,0.01,0.01,0.1259248335204237,0.19557076092164372,0.11267334921724473,0.22799149295466775,0.22579541305805473,0.1440168109647859,1.0043304688298607,1.403123459101665,0.8253229720229501,0.14092481331501852,0.2351613539776548,0.1888656149560316,0.27537424808897787,0.23578463902415397,0.18388796837788904,0.17510414068998129,0.30422661272201135,0.7555691187227387,1.472791214152621,1.6169607509074981,1.2221022338111003,0.6472659133499177,0.06340708343462241,0.01692488374481527,0.2720708047628521,0.20149413704659683,0.06135170000960076,0.15619371777930302,0.09767870403495352,0.08357515318082184,0.8882433800387056,1.3994775344270654,0.7772160353558072,0.1678761310578078,0.28495204373400956,0.23379094646107354,0.18298019860905004,0.20800578841580905,0.2602534641362774,0.20790419219567893,0.1355277418522069,0.8600436926888357,1.5321818762565231,1.6166792298453463,1.1782178953642053,0.8712061871019631,0.01,0.01,0.1408145784099815,0.10742739001326068,0.17692608118056224,0.12434521020822527,0.15235144087531555,0.121768985111558,1.018119948895454,1.3969627765665806,0.7631617607617103,0.2059396767312362,0.23416629510577922,0.19714670514789506,0.22475291684328105,0.19690638756953344,0.2100839605283525,0.19488866405092037,0.175821723449608,0.7714503818623387,1.5031333246739915,1.6119866244455292,1.2950643201351746,0.662363084386312,0.01,0.015706924360367015,0.16468086862169634,0.1513825185119351,0.0634943215478619,0.17315957138425817,0.15694350515791908,0.08304820904519244,0.8916939251241338,1.414338972880072,0.8296203081741531,0.29450029717418635,0.2858247032162484,0.28614750639837705,0.2023586424456438,0.22232628128572432,0.20858957581845386,0.19608898762525795,0.16906407799834122,0.9127495271109021,1.5274562936314449,1.561175745364595,1.2159786068730951,0.7207454314689149,0.015450429066028979,0.01,0.08162943541795163,0.21729657797276714,0.11370711574927234,0.16029242539850583,0.14079247074716986,0.0697216979019178,0.9095808476463695,1.473194994530369,0.7978203746355151,0.20444014078851344,0.2136897476332998,0.18688919163340983,0.22954031442746786,0.19388613721150497,0.18820194287043956,0.2642420235593483,0.23320617859401988,0.7692825662190426,1.5015953776614663,1.647870921034893,1.2718916228877464,0.6721020794804303,0.04364332198840874,0.039052115939556487,0.1445269167574503,0.0804411120063867,0.08697395939555688,0.1337352393843105,0.15885962983406904,0.14479267194726747,0.8988776418807266,1.4468439280813616,0.9672520334499469,0.12542536940649957,0.19301035190353624,0.15822279168464778,0.19588394985952393,0.23683245653955162,0.1375319217430177,0.23215774792587435,0.20579769795028927,0.7685303812673293,1.5306717406403916,1.5807286429716636,1.2161206370192588,0.7569135389241737,0.01,0.01
MAC000248,0.19097889252315634,0.22886372452365525,0.2263342216396788,0.11490930727208878,0.0701169483524751,0.18519339367241838,0.13358070638781053,0.8281173971096677,0.9384544461125244,0.8522078900155698,0.9839097917993498,0.8354169431455835,0.9369959475556798,0.9647799272341897,0.7063093399022332,0.6907096198991222,0.716791357669305,0.8107063353266354,0.8728239823780678,1.1421089913879574,1.190455889365138,1.06142079325712,0.9868095818853568,0.28812439892102765,0.14334378329356495,0.16379844215903214,0.15574710339206035,0.16997302754242818,0.18714075758730536,0.1916846968207807,0.13857330744146967,0.8129615963525489,0.9356732139708817,0.832867316199237,0.9771468392339829,0.8553415924679754,0.933107803965525,1.0283342821570807,0.7270694131511426,0.7903424955600991,0.7621726574222651,0.7637969791932645,0.8706454537752296,1.1067986596381951,1.2003118534079948,1.2515812664718808,0.9877564698720054,0.17760704482748846,0.16613206252180696,0.14283152956996922,0.06719005922796426,0.26442157666593724,0.17072032568671697,0.19328544645650295,0.18792745953260725,0.7622029020798509,0.948274420555754,0.9153246906413188,0.9911900680344359,0.8832194171727108,1.0144979244011256,0.8732210114918391,0.7584779680458842,0.6855306173614834,0.6808362267484556,0.8172230193636332,0.9083088858995407,1.1379939749255963,1.0220459259364865,1.2179024983270632,1.132205984818356,0.2835680579328185,0.13313880751148377,0.12050775409117603,0.16869356501537042,0.16892168593685608,0.1709075646674435,0.16809285928856663,0.22059462369419103,0.7267659778914246,0.7588152451735775,0.7926731929041007,1.0470303315612797,0.868657629572212,1.027995432206893,1.0744829446288158,0.7503316022720382,0.7957030820607742,0.7483993171959488,0.8164103220266462,1.0232104088979683,1.0589097491604311,1.164752641534451,1.1833382380628785,1.0704025687062575,0.27074519076245085,0.0590487810852446,0.15284189624955433,0.09818774858532212,0.13572071469962363,0.17084143563663376,0.1607605979950952,0.1647720906656802,0.7746209009636869,0.7877888770575493,0.8877197111930615,0.9585279469206546,0.8053493845213863,0.92001611318633,0.9461260931480034,0.7061127532444399,0.6996933454720291,0.7353643853799655,0.7509128679066691,0.8529399537205,1.1666036000385804,1.1871475919125458,1.264615560352674,0.9971116608033596,0.2682507494666743,0.17702956326286393,0.18254342389204406,0.15041606832255092,0.24459915530399,0.12639401247707638,0.07014732770994693,0.22155620232188855,0.8170444239370986,0.9844567826049256,0.7997338551179711,0.9090701971409767,0.8096919042958551,0.9192442338602068,0.9526165941097436,0.6523760326027024,0.6479497472655836,0.7148845539944618,0.7617504834624026,0.9039229859206457,1.1214697825831692,1.1811807870530244,1.2149573192855372,1.047312611027051,0.2754394206275747,0.18310347562799698,0.13586792148265353,0.1451458536799629,0.15974921007206644,0.14359649196320223,0.13602140535511206,0.1542411907017647,0.7914115987456534,0.8725383026766146,0.905510960171154,0.9741412576451809,0.7756129163066617,0.9431751715583285,1.001294913829554,0.7031573626076503,0.6846382579665607,0.7084292324396138,0.807339951446935,0.9156068883167656,1.1785661937414302,1.0549069271556215,1.235784296011845,1.0529310850007685,0.23430057794173514
MAC000249,0.9510362995551792,0.7971258061651839,0.6496287606589193,0.5542088395593809,0.21429246371142002,0.10199065295917392,0.01,0.15029860213093182,0.10360111293034298,0.06707710508871716,0.16753302724924593,0.12113082817629282,0.08093228565113748,0.12885278177585652,0.36627723354719616,0.40998062485624254,0.3163231200185257,0.3727722373214391,0.3954733900137055,0.4406266072894428,0.7173597242164108,1.0596474913681788,1.2093716893782616,0.9278526048107305,0.8234033748963383,0.785913573731181,0.635617902726012,0.5903063659513993,0.31883086721236326,0.12779187123846864,0.10824083085935071,0.13845917814846306,0.08360205805345845,0.07201893229788152,0.10814464771770857,0.06938273554421143,0.11019798751885755,0.04716853018074117,0.37818602123514855,0.3609811442750459,0.34806000262826914,0.33630653962103235,0.2521339081074086,0.4387238319544184,0.7136785396513515,1.1569632936822696,1.3154277874315439,1.0311363959103994,0.8145213473506782,0.7977805717435988,0.7195340238178645,0.6271220829954505,0.3181929578980498,0.09976698400115919,0.13471926336908274,0.11519010650579234,0.08166711237360431,0.15610302871714515,0.15848713310037668,0.05009189627354639,0.06435275491624504,0.05074725579629922,0.2513956909162647,0.4013290310056813,0.49851157738674406,0.3791407044701929,0.3224604106094578,0.30470140727353434,0.6242746632147748,1.125750265024622,1.1975368975459935,0.9952507370843297,0.8671965290893583,0.7987106173195486,0.7144710512341585,0.5793227274039103,0.23816228464786485,0.1719853595248684,0.1513509792472974,0.07816513637104792,0.08744141757114218,0.11226543687428592,0.16309602736131174,0.19626522676061692,0.07431310712735222,0.01,0.32793607293855276,0.35055231678909043,0.4262958290336878,0.36414642612242654,0.2948897362507517,0.4032374768240318,0.6454711946694254,1.0604537440842674,1.2747880987498852,0.9773238864013789,0.9507072578599303,0.7741021120390507,0.6967479443931771,0.4824718994865692,0.24365873618732603,0.06871226335117839,0.03656113741255361,0.06741134546731231,0.1030814558754983,0.01,0.07873687853019914,0.10554871189788019,0.11935632075830041,0.14880260270714563,0.40250376812590055,0.28387358377483196,0.3870431120961688,0.31134153160696787,0.44213432553684984,0.2951634403646183,0.7846098184827789,1.032518016613776,1.3144964405645023,0.9430126913639986,0.8940530043742434,0.769746196379119,0.73014718088701,0.5209330766353798,0.1901438787891101,0.044235696159126744,0.13779729622868336,0.13642792033751888,0.19238881727446577,0.14471142890481145,0.04016826545920656,0.126489262107782,0.07706309709099232,0.0905419065349381,0.3501156509504514,0.48557809507522554,0.33344002727604194,0.30985772658263805,0.32988082532973634,0.3051874540863285,0.7580573753724742,1.0806484839828676,1.2687513905234402,1.0530499210291988,0.8884047883579593,0.7336859066923493,0.7155369301828717,0.6228993967674292,0.284375085829764,0.07111943495143239,0.1854771250514049,0.06794869115068969,0.07790536089093249,0.09136670432879516,0.09669570522641076,0.06545906187342716,0.05412477031259508,0.1840528085089735,0.3213212752950672,0.28496538814877886,0.2771452227555308,0.3487395357704242,0.2723347979235741,0.2949358827320352,0.6585784827907905,1.1623999302983443,1.2306859867286983,1.0523706085091225
MAC000250,0.8,0.900338761748742,0.5928641410155904,0.6159695283427367,0.6805139879999906,0.7580927542797842,0.6023879978280567,0.3982963365361404,0.3634723055454854,0.4799345987634171,0.43680481419062384,0.4899816236791697,0.6042253919839944,0.5247527712211413,0.3047371923337654,0.35956643062469695,0.37531602121799656,0.47541667767991935,0.6702480932754671,0.6151636247167591,0.4555621717767916,0.32264358977730195,0.32269991308571727,0.3022017022829911,0.49034189373534415,0.47040986573499144,0.5075869557874377,0.36246193833710927,0.3458907738943206,0.3554584933835652,0.38424069991353427,0.45324547045209873,0.6575165982587137,0.6002274546752858,0.7568886535870442,0.5472819228931876,0.516490150400412,0.343219727489134,0.47343271734534187,0.3691573903723115,0.3502269487402305,0.4378666130488969,0.41737166741433973,0.41173338942959886,0.35445468029670124,0.3858933551872627,0.3025303911262155,0.44376522156721676,0.32033375235892503,0.364716765070075,0.3451637508134374,0.38906281194096504,0.3570213063663273,0.3124161225264305,0.4329744304635572,0.45398589455010196,0.3704328240758048,0.43895296153313546,0.3170387513733207,0.3298259383013413,0.312010520825278,0.35350473768898155,0.5599703761154513,0.42307511395824926,0.3112135322262142,0.40648987177624757,0.39957724599718764,0.33260184485420086,0.46333266365046,0.38172004395041614,0.553706794502195,0.7090016356107389,0.6214800710452926,0.4005755133000722,0.5093820704367835,0.5254181059759112,0.43555190018009116,0.6169191459756267,0.4157378671246351,0.38660246086872646,0.38808933899461495,0.35608476269222156,0.3322042106049729,0.35663238875759207,0.40986869940441106,0.4632768948244486,0.4910940206326834,0.30725074215406345,0.3051973178254941,0.47760965297290736,0.4388426174765304,0.3917175857513005,0.3265302362452749,0.43666384632036703,0.3706400742997354,0.36682721882246366,0.4644133376077379,0.382015505383697,0.5419925633286296,0.40979784863158836,0.501741834537349,0.5547788733674097,0.5696405389029089,0.4907554586973686,0.3717496723155792,0.4823251453925738,0.5562178731066045,0.5089882917131208,0.5712546521195316,0.35675013563139,0.36347508235799875,0.6464113766513029,0.36803079273272354,0.47552748980612525,0.4678655559956746,0.3300621855222958,0.36105918970454254,0.4180064917093479,0.6696247767416896,0.7133352096502745,0.6630219490305405,0.49179839438031525,0.47913278750590527,0.4406350047360479,0.3419187978678496,0.5833378479820746,0.6377972572230381,0.6531074476329399,0.5633537672291852,0.592466593470837,0.3290527131514025,0.4171971936778108,0.3621367131907187,0.397688809394789,0.4335976033096089,0.3949463086195399,0.32763819596702637,0.31556211611435775,0.38474555911287855,0.4197096295268321,0.3974611375723768,0.45936001496967577,0.5319502533250179,0.5160335623269428,0.30049080891714397,0.558211761971974,0.6979180625150856,0.4475088535930045,0.5235358831078474,0.39890182901252674,0.39619481187484035,0.533404139394188,0.5418176143559259,0.689438267765573,0.8042237280016904,0.9710018515483996,0.6399402553448268,0.8520538689309807,0.4819844120130933,0.5816832942105468,0.42915299805555657,0.6515524958472554,0.7195895173728863,0.6528333314164637,0.5693166018911229,0.6459927375288554,0.5618653232702799,0.8016018589913811
